# branch fan_F3 merging into main, map ENU frame
# origin_lat=55.802800000 origin_lon=37.424000000 origin_h=160.0000 cyclic=0 join_s=5751.734
s,x,y,z,grade,curvature
0.000,-2206.1681,-399.1041,13.3993,0.001223,0.000308
1.002,-2205.3202,-398.5709,13.4000,0.001299,0.000433
2.003,-2204.4728,-398.0370,13.4018,0.001399,0.000504
3.005,-2203.6258,-397.5024,13.4045,0.001499,0.000484
4.006,-2202.7792,-396.9671,13.4080,0.001598,0.000370
5.008,-2201.9329,-396.4315,13.4120,0.001696,0.000184
6.010,-2201.0866,-395.8957,13.4163,0.001792,-0.000059
7.011,-2200.2404,-395.3599,13.4204,0.001885,-0.000357
8.013,-2199.3941,-394.8242,13.4240,0.001977,-0.000706
9.014,-2198.5475,-394.2890,13.4268,0.002067,-0.001056
10.016,-2197.7005,-393.7545,13.4287,0.002156,-0.001281
11.018,-2196.8525,-393.2215,13.4300,0.002243,-0.001200
12.019,-2196.0031,-392.6907,13.4310,0.002329,-0.000679
13.021,-2195.1522,-392.1622,13.4321,0.002415,0.000236
14.022,-2194.3010,-391.6344,13.4338,0.002500,0.001283
15.024,-2193.4510,-391.1046,13.4362,0.002586,0.002120
16.026,-2192.6035,-390.5709,13.4395,0.002671,0.002551
17.027,-2191.7582,-390.0336,13.4436,0.002756,0.002659
18.029,-2190.9141,-389.4944,13.4480,0.002840,0.002728
19.030,-2190.0706,-388.9543,13.4524,0.002923,0.003026
20.032,-2189.2281,-388.4127,13.4562,0.003004,0.003672
21.034,-2188.3874,-387.8682,13.4592,0.003081,0.004662
22.035,-2187.5492,-387.3199,13.4613,0.003154,0.005983
23.037,-2186.7140,-386.7670,13.4626,0.003222,0.007646
24.038,-2185.8822,-386.2092,13.4635,0.003283,0.009574
25.040,-2185.0550,-385.6443,13.4644,0.003335,0.011461
26.041,-2184.2349,-385.0694,13.4661,0.003378,0.012778
27.043,-2183.4241,-384.4814,13.4692,0.003411,0.012990
28.045,-2182.6239,-383.8789,13.4744,0.003432,0.011893
29.046,-2181.8335,-383.2638,13.4819,0.003442,0.009787
30.048,-2181.0494,-382.6406,13.4912,0.003441,0.007349
31.049,-2180.2682,-382.0137,13.5015,0.003429,0.005283
32.051,-2179.4884,-381.3852,13.5115,0.003408,0.004025
33.053,-2178.7100,-380.7548,13.5200,0.003379,0.003699
34.054,-2177.9334,-380.1223,13.5261,0.003343,0.004251
35.056,-2177.1582,-379.4880,13.5298,0.003305,0.005523
36.057,-2176.3851,-378.8513,13.5314,0.003266,0.007195
37.059,-2175.6162,-378.2095,13.5318,0.003230,0.008751
38.061,-2174.8545,-377.5590,13.5316,0.003200,0.009635
39.062,-2174.1019,-376.8982,13.5316,0.003179,0.009550
40.064,-2173.3577,-376.2278,13.5321,0.003172,0.008645
41.065,-2172.6198,-375.5505,13.5332,0.003181,0.007441
42.067,-2171.8858,-374.8691,13.5350,0.003209,0.006536
43.069,-2171.1543,-374.1849,13.5375,0.003260,0.006323
44.070,-2170.4257,-373.4976,13.5404,0.003336,0.006866
45.072,-2169.7010,-372.8062,13.5434,0.003439,0.007988
46.073,-2168.9818,-372.1091,13.5466,0.003570,0.009421
47.075,-2168.2691,-371.4054,13.5495,0.003731,0.010896
48.077,-2167.5642,-370.6938,13.5521,0.003921,0.012159
49.078,-2166.8686,-369.9732,13.5544,0.004140,0.012998
50.080,-2166.1840,-369.2421,13.5563,0.004388,0.013339
51.081,-2165.5108,-368.5005,13.5581,0.004664,0.013327
52.083,-2164.8475,-367.7500,13.5598,0.004964,0.013252
53.085,-2164.1925,-366.9922,13.5618,0.005288,0.013314
54.086,-2163.5465,-366.2268,13.5644,0.005632,0.013438
55.088,-2162.9117,-365.4521,13.5677,0.005994,0.013338
56.089,-2162.2893,-364.6673,13.5721,0.006369,0.012771
57.091,-2161.6786,-363.8735,13.5777,0.006755,0.011753
58.093,-2161.0774,-363.0724,13.5847,0.007148,0.010551
59.094,-2160.4840,-362.2655,13.5932,0.007544,0.009494
60.096,-2159.8970,-361.4539,13.6030,0.007941,0.008771
61.097,-2159.3162,-360.6379,13.6141,0.008334,0.008335
62.099,-2158.7419,-359.8173,13.6261,0.008722,0.007951
63.100,-2158.1750,-358.9916,13.6386,0.009102,0.007351
64.102,-2157.6157,-358.1607,13.6513,0.009470,0.006414
65.104,-2157.0627,-357.3256,13.6638,0.009825,0.005264
66.105,-2156.5139,-356.4877,13.6761,0.010165,0.004210
67.107,-2155.9674,-355.6484,13.6880,0.010487,0.003587
68.108,-2155.4222,-354.8082,13.6994,0.010792,0.003588
69.110,-2154.8786,-353.9669,13.7106,0.011075,0.004177
70.112,-2154.3375,-353.1241,13.7217,0.011337,0.005090
71.113,-2153.8007,-352.2785,13.7327,0.011575,0.005928
72.115,-2153.2702,-351.4289,13.7438,0.011787,0.006311
73.116,-2152.7472,-350.5747,13.7551,0.011972,0.006041
74.118,-2152.2311,-349.7163,13.7666,0.012126,0.005195
75.120,-2151.7201,-348.8549,13.7787,0.012248,0.004082
76.121,-2151.2120,-347.9917,13.7915,0.012335,0.003091
77.123,-2150.7053,-347.1278,13.8052,0.012385,0.002500
78.124,-2150.1992,-346.2634,13.8201,0.012394,0.002351
79.126,-2149.6942,-345.3985,13.8360,0.012361,0.002442
80.128,-2149.1915,-344.5321,13.8527,0.012283,0.002455
81.129,-2148.6927,-343.6636,13.8697,0.012159,0.002170
82.131,-2148.1972,-342.7931,13.8867,0.011988,0.001621
83.132,-2147.7033,-341.9218,13.9031,0.011769,0.001077
84.134,-2147.2088,-341.0508,13.9190,0.011502,0.000844
85.136,-2146.7133,-340.1803,13.9343,0.011189,0.001071
86.137,-2146.2179,-339.3099,13.9492,0.010832,0.001693
87.139,-2145.7239,-338.4386,13.9639,0.010435,0.002544
88.140,-2145.2326,-337.5658,13.9786,0.010000,0.003502
89.142,-2144.7443,-336.6913,13.9931,0.009533,0.004544
90.144,-2144.2594,-335.8149,14.0070,0.009039,0.005660
91.145,-2143.7789,-334.9360,14.0198,0.008526,0.006738
92.147,-2143.3045,-334.0539,14.0310,0.007998,0.007514
93.148,-2142.8381,-333.1675,14.0404,0.007464,0.007676
94.150,-2142.3811,-332.2763,14.0476,0.006929,0.007056
95.152,-2141.9328,-331.3806,14.0528,0.006401,0.005795
96.153,-2141.4904,-330.4820,14.0559,0.005887,0.004314
97.155,-2141.0506,-329.5821,14.0572,0.005391,0.003119
98.156,-2140.6113,-328.6820,14.0570,0.004919,0.002535
99.158,-2140.1723,-327.7818,14.0556,0.004475,0.002576
100.160,-2139.7348,-326.8808,14.0535,0.004062,0.003004
101.161,-2139.3005,-325.9782,14.0511,0.003684,0.003529
102.163,-2138.8704,-325.0737,14.0490,0.003340,0.004001
103.164,-2138.4443,-324.1672,14.0476,0.003033,0.004472
104.166,-2138.0217,-323.2592,14.0472,0.002761,0.005100
105.167,-2137.6024,-322.3496,14.0478,0.002525,0.005993
106.169,-2137.1877,-321.4378,14.0496,0.002322,0.007106
107.171,-2136.7796,-320.5232,14.0524,0.002150,0.008272
108.172,-2136.3797,-319.6049,14.0562,0.002009,0.009314
109.174,-2135.9892,-318.6825,14.0606,0.001895,0.010132
110.175,-2135.6086,-317.7561,14.0652,0.001807,0.010723
111.177,-2135.2381,-316.8255,14.0696,0.001743,0.011120
112.179,-2134.8780,-315.8909,14.0733,0.001702,0.011329
113.180,-2134.5290,-314.9521,14.0761,0.001681,0.011306
114.182,-2134.1914,-314.0091,14.0778,0.001680,0.010967
115.183,-2133.8650,-313.0622,14.0784,0.001697,0.010210
116.185,-2133.5491,-312.1117,14.0781,0.001733,0.008920
117.187,-2133.2430,-311.1580,14.0773,0.001785,0.006991
118.188,-2132.9452,-310.2017,14.0761,0.001854,0.004382
119.190,-2132.6536,-309.2435,14.0750,0.001939,0.001209
120.191,-2132.3643,-308.2846,14.0742,0.002039,-0.002230
121.193,-2132.0724,-307.3265,14.0740,0.002152,-0.005543
122.195,-2131.7732,-306.3706,14.0746,0.002276,-0.008416
123.196,-2131.4639,-305.4180,14.0761,0.002411,-0.010735
124.198,-2131.1437,-304.4690,14.0785,0.002552,-0.012549
125.199,-2130.8116,-303.5240,14.0814,0.002698,-0.013889
126.201,-2130.4661,-302.5839,14.0847,0.002846,-0.014651
127.203,-2130.1048,-301.6497,14.0880,0.002992,-0.014648
128.204,-2129.7271,-300.7221,14.0911,0.003132,-0.013807
129.206,-2129.3343,-299.8007,14.0940,0.003263,-0.012341
130.207,-2128.9297,-298.8845,14.0968,0.003380,-0.010723
131.209,-2128.5167,-297.9720,14.0999,0.003482,-0.009496
132.211,-2128.0976,-297.0623,14.1037,0.003564,-0.009032
133.212,-2127.6726,-296.1554,14.1085,0.003623,-0.009375
134.214,-2127.2404,-295.2518,14.1148,0.003657,-0.010152
135.215,-2126.7993,-294.3526,14.1226,0.003665,-0.010295
136.217,-2126.3475,-293.4587,14.1316,0.003646,-0.007526
137.219,-2125.8831,-292.5713,14.1413,0.003599,0.001692
138.220,-2125.4038,-291.6918,14.1511,0.003525,0.020176
139.222,-2124.9089,-290.8210,14.1604,0.003425,0.045745
140.223,-2124.3989,-289.9590,14.1686,0.003301,0.068825
141.225,-2123.9631,-289.0572,14.1755,0.003155,0.077494
142.226,-2123.8530,-288.0617,14.1810,0.003034,0.067450
