bag,p3_clean,p3_clean_base,split,delta
30639_92226df0,3.915516245895971,2.1104739189645105,train,1.8050423269314604
30639_253671cc,25.696183245199858,5.8690168662531566,train,19.8271663789467
30618_b83d854d,0.41861414208104464,0.43573344185397195,train,-0.01711929977292731
30618_b8044aa0,0.48915177991949343,0.3727615193845502,train,0.11639026053494322
30618_76e1f9c7,0.6110213138386796,0.5970160042305361,train,0.014005309608143501
30618_2dbce472,0.6713233826966005,0.6801142791509154,train,-0.008790896454314856
30618_b15eafc3,0.42046520819222855,0.4359341713651845,train,-0.01546896317295593
30618_68d1748a,1.0206397892663923,1.022132278574281,train,-0.0014924893078887003
30618_095a115b,1.9072756257767127,1.9047314486061546,train,0.002544177170558104
30618_7b4d83f4,0.71304251642467,0.7075392874606706,train,0.0055032289639993515
30618_87afe526,1.3787844051374276,1.354069513061384,train,0.024714892076043604
30618_0e41eac3,0.7379040699219981,0.6995832925346003,train,0.03832077738739781
30618_68847170,0.3325665674862046,0.3285427483349687,train,0.004023819151235897
30618_49fe4c54,0.4561079036802548,0.5926391982805127,train,-0.13653129460025792
30618_ab5921a4,1.0684543449901411,1.1757810054815836,train,-0.10732666049144246
30618_073f08d1,0.29669950754629804,0.25601322436076906,train,0.04068628318552897
30618_0652866c,0.895384449927764,0.5910781132967575,train,0.3043063366310065
30618_9c09b081,1.14290385243354,1.139588339914673,train,0.003315512518867081
30618_e2dcf65f,0.3989793347669853,0.4435033517290933,train,-0.04452401696210795
30618_28538acf,0.5728300979532694,0.6247909828277068,train,-0.051960884874437396
30618_8158f0b0,0.48600322815023367,0.4836670463564499,train,0.0023361817937837537
30618_21dd3af3,1.9390192619329845,1.9331572978082172,train,0.005861964124767249
30618_4d487b0d,3.7404962372539488,3.0697527367687067,train,0.670743500485242
30618_3b36e5cd,0.4841575596669213,0.4851799646295301,train,-0.0010224049626088028
30618_748832b9,0.4369175257633079,0.4520306251228007,train,-0.015113099359492788
30618_1cc230fa,1.27343458758794,1.3306000679326562,train,-0.057165480344716135
30618_40ffd323,2.3312768758902083,3.4647470392755233,train,-1.133470163385315
30618_2cb9ce37,0.45698485010802387,0.5085785684587576,train,-0.05159371835073373
30618_af7496f0,4.087282356881637,3.596017311612005,train,0.49126504526963233
30618_437e855c,0.3769190238672224,0.30376570758181004,train,0.07315331628541238
30639_584b6e32,0.755296973893003,0.6652355843969663,train,0.0900613894960367
30618_d4ba7005,0.23267520646612366,0.23610295012817245,train,-0.0034277436620487878
30618_dd8e6395,0.41835655747675615,0.42745958739572604,train,-0.009103029918969885
30639_4285f2bc,3.317970297928106,3.3560669944613353,train,-0.038096696533229224
30618_e9a34502,0.283394792308553,0.28555767335681936,train,-0.0021628810482663408
30639_9f0b519f,0.7827064991442307,0.7904846998666758,train,-0.007778200722445061
30618_33bec73f,0.3058851598786249,0.339006917655581,train,-0.033121757776956084
30639_50956d6e,1.3713396895728047,1.2638744539126152,train,0.1074652356601895
30639_927002c2,0.5603983434207168,0.5531620882817493,train,0.007236255138967529
30618_2050d396,0.7141343246582196,0.8339811145369035,train,-0.11984678987868391
30639_0be558e2,0.5533516022346984,0.6003230966403247,train,-0.04697149440562631
30618_67b89902,0.24784974818766922,0.2483379458615246,train,-0.00048819767385538393
30618_3e9f4952,0.43058110816336703,0.39506634277867303,train,0.035514765384694
30618_a869780d,0.33675345875749463,0.42568346928806244,train,-0.08893001053056782
30618_88548b02,1.7254505379188463,1.784640250297869,train,-0.05918971237902282
30618_27e994fc,4.278453825557273,8.316740950911038,train,-4.038287125353765
30639_9c362687,2.5083170691880574,2.442123588609204,val,0.06619348057885333
30618_e3d94878,1.009770816888359,0.988247701017025,val,0.021523115871334042
30618_2f104a1d,0.3736404195091316,0.3796107783883412,val,-0.0059703588792095474
30618_b95ca60a,0.5063002785919224,0.48607448748383697,val,0.020225791108085422
30618_0f120b35,0.46596023043872176,0.47882546281834054,val,-0.012865232379618785
30618_f19a4ac3,2.949921593493693,2.937289739372752,val,0.012631854120940922
30618_22c1c589,0.3573861289529155,0.35182463679057446,val,0.005561492162341031
30618_616ec56b,0.4122957147892795,0.3962766855194298,val,0.016019029269849716
30618_6cb3280a,1.2205459533208758,1.211913234460352,val,0.008632718860523747
30618_2366c74a,0.8304696382099815,0.7388831456859517,val,0.09158649252402984
30639_d927f360,0.8268037712990899,0.8929752209342516,val,-0.06617144963516175
30639_2b4a6347,1.6674978983018773,1.6655523850139413,val,0.0019455132879360182
30618_01f73500,0.4904852042556927,0.37661428061726543,val,0.11387092363842727
30618_dd8d0741,0.8231386517906716,1.1280984734738424,val,-0.3049598216831708
30618_a53d5f6f,0.4833466322917051,0.4489740197671587,val,0.034372612524546375
