t_abs,s_map,sd,n,d0,p_known,k,t
1788955800.8,0.3,1.01,1.0,-0.15,0.42,0.0,-0.6049900054931641
1788955887.2,145.5,2.64,1.0,0.76,0.91,0.0,85.79501008987427
1788955946.3,278.3,1.99,1.0,-0.46,0.82,-0.0038,144.89500999450684
1788955970.7,350.6,1.64,1.0,-1.49,0.96,-0.0026,169.29501008987427
1788955997.1,556.0,2.59,1.0,-0.87,0.9,-0.0014,195.69500994682312
1788956068.6,880.9,2.23,2.0,0.51,0.92,0.0003,267.1950099468231
1788956201.4,1509.7,2.61,0.0,0.0,0.0,-0.0004,399.995010137558
1788956236.4,1722.2,3.05,0.0,0.0,0.0,-0.0004,434.995010137558
1788956383.6,3003.9,5.24,1.0,-3.35,0.91,-0.0004,582.1950099468231
1788956413.5,3005.9,1.43,0.0,0.0,0.0,0.0008,612.0950100421906
1788956516.7,3434.3,2.51,2.0,-0.89,0.93,0.0008,715.2950100898743
1788956583.5,3578.1,1.75,1.0,1.3,0.58,0.001,782.0950100421906
1788956619.9,3706.4,2.07,1.0,0.6,0.98,0.001,818.495010137558
1788956647.4,3922.9,1.47,1.0,-2.05,0.76,0.0008,845.995010137558
1788956717.6,4100.6,1.38,1.0,-0.5,0.92,0.001,916.1950099468231
1788956807.9,4576.7,2.07,1.0,0.17,0.92,0.0012,1006.495010137558
1788956833.0,4577.2,0.37,1.0,-0.28,0.93,0.0011,1031.5950100421906
1788956927.7,4996.9,1.89,1.0,0.3,0.92,0.0012,1126.2950100898743
1788956981.1,5217.9,1.39,1.0,-0.27,0.92,0.001,1179.6950099468231
1788957012.8,5219.2,0.31,0.0,0.0,0.0,0.0011,1211.3950099945068
1788957045.3,5339.4,1.04,0.0,0.0,0.0,0.0011,1243.8950099945068
1788957106.8,5490.0,1.53,0.0,0.0,0.0,0.0011,1305.3950099945068
