bag,error,n,p3_rmse,along_rmse,cross_rmse,z_rmse,n_lm,n_lm_acc,split
30639_d601d28f,no RTK,,,,,,,,train
30639_c31df386,no RTK,,,,,,,,train
30639_dce52be4,no RTK,,,,,,,,train
30639_92226df0,,9571.0,2.2555166410228775,1.4578754127773137,0.505873300746566,1.6450066268384078,19.0,10.0,train
30639_253671cc,,3029.0,5.938271477295451,5.282611180714086,1.4409068466327406,2.2980153852361664,18.0,12.0,train
30639_44226bde,no RTK,,,,,,,,train
30639_d3c43d69,no RTK,,,,,,,,train
30618_b83d854d,,9985.0,1.1766490432384407,0.40574289605658204,1.1037197279253839,0.04096871296333584,20.0,17.0,train
30618_b8044aa0,,10128.0,0.3723839761163923,0.35578542844414845,0.09027185248799108,0.06274987827441543,17.0,14.0,train
30618_76e1f9c7,,11388.0,1.369371265851935,0.5355858544937239,1.2549420391348063,0.11595660662218689,20.0,16.0,train
30618_2dbce472,,8560.0,1.0766323852369242,0.6604069430693139,0.707726911633063,0.47129882350491736,23.0,17.0,train
30618_b15eafc3,,11572.0,0.4354714971138841,0.2408022329503816,0.12060965034171821,0.34220318766657654,20.0,15.0,train
30618_68d1748a,,8209.0,1.8835998515131755,0.8286477374418095,1.559689604244315,0.65472105989134,18.0,14.0,train
30618_095a115b,,11741.0,2.637525073117565,1.6509397692948833,2.038845340296042,0.2721140713698795,20.0,17.0,train
30618_7b4d83f4,,8995.0,0.6833767775662258,0.4938735473332773,0.1053003890537709,0.4604395372102274,15.0,12.0,train
30618_87afe526,,4620.0,1.354069513061384,0.423532674323092,0.12622362708652599,1.2799187145862603,18.0,14.0,train
30618_0e41eac3,,11263.0,1.429085773016495,0.6219382927507617,1.2787174500941447,0.1426905374338061,21.0,19.0,train
30618_68847170,,10277.0,0.3281987455060152,0.3086990278316099,0.050215177965181344,0.09948750006642157,18.0,13.0,train
30618_49fe4c54,,8968.0,6.6129270199081365,1.0827341063702303,6.523139534168501,0.08450587732050022,23.0,18.0,train
30618_ab5921a4,,6861.0,1.376183828115344,0.9752043527362309,0.5416048387067722,0.8059296482075361,20.0,12.0,train
30618_073f08d1,,10082.0,0.25442691549420204,0.23622125629555343,0.0917345184039686,0.022745362939206776,17.0,11.0,train
30618_0652866c,,9996.0,1.4641856084977098,0.5558190218672387,1.3234262392021037,0.28887315633982236,23.0,16.0,train
30618_9c09b081,,7511.0,1.7464273930545648,1.0539201878457707,1.3733474267345351,0.23060295389289656,20.0,15.0,train
30618_e2dcf65f,,9856.0,0.4431663275646738,0.4395364961318456,0.04642124513057041,0.03239028335515665,14.0,12.0,train
30618_28538acf,,9427.0,5.8994337967329376,5.67345331255205,0.450307596119918,1.5532127031426373,23.0,16.0,train
30618_8158f0b0,,9808.0,7.451788313654135,1.1381634772972886,7.360163613931429,0.24844425253713315,16.0,13.0,train
30618_21dd3af3,,9554.0,4.410705414446949,1.6364950537509784,3.8292884499072772,1.4535323042460873,20.0,14.0,train
30618_4d487b0d,,7651.0,3.28705361045198,3.271708206108042,0.29388734054180854,0.11948674880487421,24.0,15.0,train
30618_3b36e5cd,,9458.0,0.523865278487872,0.3676858464576458,0.11942698832220476,0.3535238927996074,24.0,17.0,train
30618_748832b9,,9857.0,0.5236364735776896,0.5182917179747571,0.065060842712957,0.03655048953342687,20.0,14.0,train
30618_1cc230fa,,9872.0,1.3267345377566575,1.3089626640211889,0.16603436650023154,0.13883035336622626,23.0,14.0,train
30618_40ffd323,,10831.0,3.694828303956551,3.693441364199446,0.0754245307857782,0.06751462874607632,28.0,14.0,train
30618_2cb9ce37,,5861.0,0.5073976345483305,0.41114381974268205,0.1272160580265381,0.2687548950490513,19.0,16.0,train
30618_af7496f0,,1428.0,3.648032767513709,3.5040135275729365,0.6758169669266939,0.7571682102766863,13.0,1.0,train
30618_437e855c,,8802.0,0.5432259637934667,0.5155648080739167,0.12643426202046035,0.11533322939373448,19.0,12.0,train
30639_584b6e32,,7544.0,0.6815033738327306,0.38859592395118675,0.2469240718471013,0.5024624952932962,23.0,17.0,train
30618_d4ba7005,,11444.0,0.23586631999122418,0.22843904818944485,0.05176447543418218,0.027730150586085727,19.0,14.0,train
30618_dd8e6395,,11261.0,0.4271789756475785,0.27478506673621406,0.0865630373371837,0.31540749024246423,22.0,16.0,train
30639_4285f2bc,,5885.0,4.048675063615854,3.7736433899464426,0.1837866598984575,1.4552002610987023,29.0,17.0,train
30618_e9a34502,,11831.0,0.28528484507047797,0.2793702219900404,0.05117330915252404,0.02685170986180093,23.0,15.0,train
30639_9f0b519f,,9676.0,0.7753243855278026,0.3605756674595483,0.2014268400095543,0.6561557124295508,17.0,13.0,train
30618_33bec73f,,10770.0,0.34128624597108076,0.3049148647813309,0.08244699883990804,0.1292506066009283,14.0,14.0,train
30639_50956d6e,,6156.0,1.2625524743360608,1.2293031332637872,0.14363596672269965,0.2494419091964709,22.0,15.0,train
30639_927002c2,,10844.0,0.5526670547409761,0.5338405621067791,0.14059813959427064,0.026216231388457998,23.0,12.0,train
30618_2050d396,,12809.0,0.7923773496488674,0.790349327639315,0.050808265542147533,0.02506640559084458,22.0,12.0,train
30639_0be558e2,,5951.0,0.6317431726884667,0.6064190753959501,0.140174952343829,0.10819576687567803,33.0,18.0,train
30618_67b89902,,8312.0,0.24797933898533822,0.2320117806945034,0.07996034013994882,0.035645900006517336,14.0,10.0,train
30618_3e9f4952,,10305.0,0.490634747099294,0.43804958885165246,0.17072461875181413,0.14031435179672144,25.0,19.0,train
30618_a869780d,,7573.0,1.8546778956117431,0.5411759284321813,1.7735434126618772,0.03876176415016318,21.0,18.0,train
30618_0686195f,no RTK,,,,,,,,train
30618_88548b02,,9004.0,1.9308993652262838,1.2492928401713588,0.6490928075557557,1.321483365505307,25.0,14.0,train
30618_27e994fc,,8588.0,8.15440297267844,7.796973646372461,1.4898548658226825,1.8659641683014148,28.0,13.0,train
30639_3b3d9eb8,no RTK,,,,,,,,val
30639_9c362687,,646.0,6.709984426721284,2.2167742157773938,6.1017613939485935,1.6965585679325037,22.0,13.0,val
30618_e3d94878,,11294.0,7.291848285482218,1.464360280906562,7.142198781170546,0.12528749514295912,12.0,11.0,val
30618_2f104a1d,,9761.0,0.3796107783883412,0.37338404395465735,0.0567757718419056,0.03827806839986363,19.0,13.0,val
30618_b95ca60a,,9071.0,0.5196938742149465,0.37204603066473485,0.13872044161063582,0.3352910870311139,17.0,12.0,val
30618_0f120b35,,11615.0,0.5038446203626705,0.4687577466813832,0.1268963540360431,0.13424936397225498,17.0,16.0,val
30618_f19a4ac3,,9829.0,4.644894834714408,1.1857255436489034,3.6157029447488918,2.663793380881725,18.0,14.0,val
30618_22c1c589,,10580.0,0.3514094722382044,0.30311811113700504,0.0663878153946989,0.16492630428948254,15.0,12.0,val
30618_616ec56b,,9075.0,4.167523132552746,4.141558843472041,0.3436405574590121,0.31249091777207577,21.0,15.0,val
30618_6cb3280a,,10768.0,1.1919137667763264,0.2801101612593604,0.24877459219576686,1.1315069276270544,17.0,13.0,val
30618_2366c74a,,6041.0,0.7581624581727837,0.4981745302893107,0.3378180278546774,0.46098962071829663,18.0,12.0,val
30639_d927f360,,10179.0,0.8921588854725774,0.8791023749413922,0.14803297015471184,0.034824288180087884,21.0,13.0,val
30639_2b4a6347,,2137.0,1.6655523850139413,0.1881039254606924,0.692077749878312,1.503233198334603,19.0,13.0,val
30618_01f73500,,8926.0,0.46214145062589007,0.4262751728381117,0.07927435401704166,0.15993678189716326,19.0,12.0,val
30618_dd8d0741,,7542.0,1.1496997018660042,1.138020860637953,0.10723551711450385,0.12336315938243807,21.0,16.0,val
30618_a53d5f6f,,9766.0,0.5222834547734031,0.4428204394181656,0.156183152054309,0.2286851297700065,25.0,16.0,val
30618_defd0170,no RTK,,,,,,,,val
