bag,group,g_trac,g_brake,rmse5,rmse10,n
30639_3b3d9eb8,30639a,1.102,1.143,0.20677340618804463,0.23497395633370433,44
30639_9c362687,30639a,1.091,1.082,0.1828827156924128,0.3184101117699371,61
30618_e3d94878,30618,1.091,1.094,0.36599613016554683,0.29962820512603605,48
30618_2f104a1d,30618,0.961,1.002,0.1641417626775446,0.28035216056420925,57
30618_b95ca60a,30618,0.977,1.025,0.12336692190173797,0.21460573195679164,52
30618_0f120b35,30618,0.969,0.987,0.14088655137954118,0.25482448958730813,62
30618_f19a4ac3,30618,1.041,1.061,0.22670632408725075,0.31392054160881167,58
30618_22c1c589,30618,0.964,0.999,0.1621453094639613,0.24290388529097512,56
30618_616ec56b,30618,0.941,0.996,0.1579444442679991,0.3837790645883091,58
30618_6cb3280a,30618,0.978,0.994,0.11908437004320511,0.22898644104314908,59
30618_2366c74a,30618,0.958,1.009,0.33624040455451526,0.2556208119011457,47
30639_d927f360,30639b,1.112,1.128,0.20583682639413028,0.29114322683664723,48
30639_2b4a6347,30639b,1.038,1.068,0.15065739534232708,0.17817091543330013,51
30618_01f73500,30618,0.964,1.006,0.12895888356018406,0.2440316403668738,59
30618_dd8d0741,30618,0.982,1.0,0.1543854133391985,0.216013863793103,62
30618_a53d5f6f,30618,0.982,1.002,0.15841004705943448,0.2794963285495167,56
30618_defd0170,30618,0.977,0.984,0.2137441441695713,0.3007177769433245,47
