,0
u_l8,57774.434046311304
u_l6,55716.365211655386
u_ema0.25,54484.81765077636
u_l10,27377.05636709649
dn_ema0.5,10003.065533882007
gr,9757.187019737903
u_l4,7036.202160181478
u_l14,5209.354537609033
umin20,4896.647917058319
umax20,3848.4113676380366
inv_v,2358.699160689488
up_ema0.5,2243.3080270607024
v2,2149.610753023997
v,1492.4841387104243
u_l0,1209.7192971203476
u_l2,814.830472891219
up_ema2.0,754.1003567371517
umax60,458.44253048021346
u_l40,333.79325539432466
u_l30,323.5046082884073
u_ema4.0,318.9430126575753
u_l60,246.69354047160596
u_ema0.5,243.16685280296952
prev_u,243.02253680303693
tsc,227.69156424887478
umin60,225.99255796335638
u_l20,219.81341442186385
dn_ema2.0,147.4304810250178
u_ema1.0,104.31247119605541
u_ema2.0,58.42704742774367
