bag,group,g_trac,g_brake,g_coast,g_grade,bias,rmse_fleet,rmse_bag,mean_res_fleet,n,t0,split
30639_d601d28f,30639a,1.183262371136068,1.2043842054107774,1.3784193180299873,0.9791986883893854,0.010046845719141162,0.11640478552273557,0.07589478762018693,0.004817687500029138,17367,1777966472.0,train
30639_c31df386,30639a,1.1761983117246835,1.1147340936093733,2.0154393724389914,0.9885861300772211,0.012221561586305052,0.14352638158878758,0.12363896058066799,0.015432749233748412,18526,1777976542.45,train
30639_dce52be4,30639a,1.1114490868642612,1.1389664323090114,1.29080402659558,0.9448171062937608,0.00831307064614828,0.09431366787270327,0.07049065320898452,0.003404674032655943,16925,1777977913.8000002,train
30639_92226df0,30639a,0.8632374709685111,0.9497539801592091,1.113018033500212,1.1455031895315717,0.00078309998234527,0.1659729605386754,0.15521090682855096,-0.017746700434292276,19114,1777994572.7,train
30639_253671cc,30639a,1.0866575894317256,0.9065443985921227,0.236744063931454,0.9750807649576075,-0.037888201672702126,0.12039809654203538,0.11764991963297132,0.0061892101821742545,16246,1777999996.7,train
30639_44226bde,30639a,1.0943941224528182,1.0904484457304007,1.3882818167013464,0.9443366640798999,0.006761895600590817,0.0853582326850176,0.07126747154022231,0.0030374391320834087,17085,1778002223.65,train
30639_d3c43d69,30639a,1.06425870771174,1.1018067632196586,1.1719544798326436,0.9819262602094467,0.012256568534634305,0.08576109890735305,0.0746485791969651,0.0037501854709494475,16786,1778003367.3000002,train
30618_b83d854d,30618,1.0977793119699206,1.1095283977313475,1.1543967066256746,0.9879425420396192,0.000601976217460054,0.08591923308079569,0.0682881048449135,-0.00014157450231092454,17626,1785129338.9,train
30618_b8044aa0,30618,1.0611610077218534,1.0543709932260892,1.1222034365048097,0.9200423997665277,-0.004805172918439959,0.08532008876138482,0.07859900298810857,-0.004418741734429267,16447,1785131978.5500002,train
30618_76e1f9c7,30618,1.0222818658901642,1.0330604596310582,0.8900032717469144,1.0067983872819442,-0.003946055447908936,0.07232974454693841,0.07063273882186777,-0.005130594368554581,17857,1785133276.0500002,train
30618_2dbce472,30618,1.024507541541902,1.0204946880024137,1.1361983406881726,0.9918185590029339,-0.013442174580446276,0.11122194681506116,0.10971208897820812,-0.012877271076841088,17775,1785136595.3000002,train
30618_b15eafc3,30618,0.9827569595221836,1.0364050220371686,1.477778484312506,0.9841172357199446,0.006669644998100299,0.08215608927292654,0.08102384858833071,-0.008530761410067615,16643,1785138944.15,train
30618_68d1748a,30618,0.9677946537530748,1.009460753741343,0.8231149824215642,0.9781496400803473,0.001794456716684767,0.06944155818142889,0.06835926878133926,-0.006794805290678739,16023,1785140214.65,train
30618_095a115b,30618,0.9261035875920144,0.9868701485120815,0.9396563424312893,1.0036966385575248,0.018402126939655705,0.06773191585066457,0.062048832959380254,0.004510406478298339,17717,1785142968.0,train
30618_7b4d83f4,30618,0.959925128607135,0.9712997404763476,0.8707214972515291,1.0326093846392796,-0.0012421097791940339,0.066222419871915,0.0629703346200791,-0.0019066122670211288,16445,1785144766.4,train
30618_87afe526,30618,0.9366117288859555,1.00903547095877,1.5076721358434604,0.9667396301843526,0.028413327274839695,0.09770454206218164,0.09562221530526763,0.007618525744817875,16830,1785145939.8500001,train
30618_0e41eac3,30618,0.9436382644536466,1.0032615876970739,0.9900475796591484,1.0128360970403323,0.01346998260657184,0.06513737196060748,0.062209407010917414,-0.0014680249772915837,17073,1785151781.7,train
30618_68847170,30618,0.9482646448336752,1.0200773918837773,1.1446811467133438,0.9975712699735892,0.021889920419012165,0.07026468982464983,0.06892166089388473,0.005167318689233284,17137,1785153413.3000002,train
30618_49fe4c54,30618,0.9227456993908524,0.9999586457793199,1.5905038886401146,1.0026525114437854,0.02302303696174368,0.09905038012924708,0.09587912619623659,0.001576971112720594,17206,1785154685.7,train
30618_ab5921a4,30618,0.9961831527072037,1.0549946624378588,1.0322379499211445,0.9399049842202718,0.020209338216074624,0.06688081237161735,0.06405486237828946,0.007158979261270735,18569,1785164952.9,train
30618_073f08d1,30618,0.949632872835228,0.9980613615849664,1.5115450961712293,0.9837164487902031,0.019173376366402595,0.1069522652082855,0.10562744046654758,0.0034770095844063233,15903,1785167586.8500001,train
30618_0652866c,30618,0.9036095975905459,0.9582661954695706,1.2663474258724094,1.0167248424289625,0.016108117869103156,0.1125844299056727,0.10424624079012834,-0.0010692738144619126,17586,1785168871.7,train
30618_9c09b081,30618,0.9560563968049975,0.9833467911061616,0.8149075289741462,0.979347880321648,0.004136637771020801,0.06680883450517575,0.06432488310807762,-0.001460266747966912,18897,1785172173.7,train
30618_e2dcf65f,30618,0.9620768902558683,0.9674951416567485,0.8198959614892412,1.0413936866869384,-0.0016348079143881922,0.0691858460519602,0.06572321017959797,-0.001993345373689027,15253,1785173884.95,train
30618_28538acf,30618,0.9653033215903898,0.9314496156332451,0.5289429140227975,0.9248049523924512,-0.0033267827408377526,0.13976902659463353,0.13602956505294678,0.00680441973107285,15149,1785175218.2,train
30618_8158f0b0,30618,0.9151214840401812,0.9625247784479563,0.8975814250224803,0.9986925540455568,-0.0024957575708233204,0.08630983891597768,0.07715186350054234,-0.013940671093546811,16742,1785178105.45,train
30618_21dd3af3,30618,1.032973510665351,0.9732064422315733,2.2045668219599603,1.051123864973566,0.011252501369362067,0.15534792730267297,0.15205233745776173,0.01967182790910195,15354,1786373114.1000001,train
30618_4d487b0d,30618,0.985373307123975,0.9938057263216205,2.072423766491942,1.0520868221890445,0.02621163933893178,0.1714373961352485,0.16954288591231031,0.016371718568726996,14138,1786374216.3500001,train
30618_3b36e5cd,30618,0.9345407811070932,0.9564327830533346,1.6447739428995145,1.0469531426571526,0.015645569655761915,0.13000763506932275,0.12520701305170426,0.004706076799908026,17454,1786378469.8000002,train
30618_748832b9,30618,0.9889885562222891,0.9863929802830662,0.8704764152898149,0.9804710939543505,0.0008301442134278636,0.11132940941674269,0.11108234549247985,0.002093395966979416,15754,1786380675.6000001,train
30618_1cc230fa,30618,0.965539496747231,0.9667414615358315,0.6085650973271529,0.9999515748101616,0.0007918465554646037,0.0921941878076752,0.08983280760425283,0.001992403881564029,17355,1786381808.4,train
30618_40ffd323,30618,0.9823021019140628,0.9930040181537044,0.42001273711307097,1.0031547238451457,-0.006001052274619223,0.07318052124158189,0.07175164210930687,-0.005714740093424289,15346,1786385057.0,train
30618_2cb9ce37,30618,0.9277018210388,0.9415282595852758,1.3581404753174133,1.0312999167035037,0.0011744544430417614,0.12773587631986608,0.1221024504589445,-0.0037701135242752186,11264,1786386851.0,train
30618_af7496f0,30618,0.8267003059344807,1.0609415011258745,0.1627963581998951,0.2573241149830674,-0.047704403396100714,0.15186682801948767,0.13155642172718127,-0.03154420035564813,1872,1786387614.9,train
30618_437e855c,30618,1.048203975560579,1.0485399601481764,0.8350757184929111,0.9973443856622974,-0.003369371834646584,0.07638138265596948,0.07222696638175323,-0.001219598067283684,17026,1787725147.25,train
30639_584b6e32,30639b,1.1066352840655058,1.1304706574839378,1.1108234208724672,1.0201348909997048,0.0024634487056134358,0.09580122037622814,0.07533223008004879,-0.0010307864110006319,17468,1787726000.1000001,train
30618_d4ba7005,30618,1.0213823284823715,0.9724925015484331,1.6063036772316281,0.9980315628809968,-0.008875295280051487,0.11298819715056904,0.1120170219924062,-0.0014277245028797125,15420,1787727404.3000002,train
30618_dd8e6395,30618,1.0310219755018197,1.0057801211660131,0.6502986792464238,0.9831499010885252,-0.010608228555693211,0.06966041955105301,0.0686250174205693,-0.0017783460727459099,16966,1787728599.95,train
30639_4285f2bc,30639b,1.030538987412859,0.9851576452476396,1.4368384217490344,0.8785311208482687,0.0022322093708948554,0.17012209725952163,0.16840410376686718,0.011769983998449012,17527,1787728830.15,train
30618_e9a34502,30618,0.9691489275628161,0.9809952049297617,1.3574107676655192,1.0463767631815704,0.0026846092312932113,0.10541372978145129,0.10413444272968432,-0.0014311743119077818,16251,1787730384.0500002,train
30639_9f0b519f,30639b,1.065681317746352,1.1556256486615626,2.2236710978846594,1.0184603638776821,0.022209188503641508,0.09986149553842247,0.08081611260960327,-0.00571576758027657,16943,1787732135.0500002,train
30618_33bec73f,30618,0.9645129612570651,0.9899425643227484,1.425829724315642,1.0692360434427255,0.005674017788081964,0.06159784659940434,0.05923885589833403,-0.0013430427894541386,14880,1787733170.45,train
30639_50956d6e,30639b,1.0432708591869526,1.1271524853394623,1.0885329051902877,1.033918982606222,0.016154239743447096,0.08297132307171634,0.07073813443111401,-0.0015547561166898702,17454,1787733214.8000002,train
30639_927002c2,30639b,1.040023121727936,1.1389224408311507,1.6777535490560975,1.0502512629873895,0.026603974338589076,0.08598109229102446,0.07103270389454669,-0.0006593064231257149,16914,1787735185.65,train
30618_2050d396,30618,0.9203700252861734,0.976147481502258,1.4027096948198856,1.1085200438735228,0.009158033636821772,0.11920754695270834,0.11447721968514231,-0.004465206107603889,17016,1787736033.3500001,train
30639_0be558e2,30639b,1.0472275444078143,1.0501386948556748,0.7602029879747888,0.9719671988726157,0.0028020010277847174,0.09473985392863171,0.0908391124051475,0.004966515527806134,18141,1787736595.65,train
30618_67b89902,30618,0.9697715040762206,0.9695304242668482,1.041153187355834,1.0460115740724856,0.0016940654472724637,0.06916745596661933,0.06684485191679868,0.0022701264134643777,14940,1787741835.3000002,train
30618_3e9f4952,30618,0.98118967659518,1.010835565340533,0.7582934484142689,0.9949007630909216,0.0020976553121168084,0.06885261636870642,0.06832306410752893,-0.003637064565370468,17770,1787742847.8500001,train
30618_a869780d,30618,0.9631848426510264,0.9939057438128485,0.9084718975395409,1.0240110118100882,0.0070295660759494005,0.06691110135279817,0.06522753971007382,-0.000542022216250234,15794,1787770244.2,train
30618_0686195f,30618,0.930189634824506,0.9766547030361133,0.9491470154860888,0.9999286091081894,0.01384792543158242,0.07356820725320161,0.06771192742974075,0.0016058119972416683,15174,1788422773.25,train
30618_88548b02,30618,1.0267677517053908,0.9278663436334108,2.2307788364409546,0.9932408398635058,-0.029102213341741345,0.16318690505829733,0.15891610478681562,-0.015677771042419502,16311,1788450954.5500002,train
30618_27e994fc,30618,0.9007122716230573,0.8846482616389507,1.2846852183670077,1.0485463157372454,-0.0025818762206704093,0.1278879607646032,0.10929457877127184,-0.003267986864191663,16189,1788452234.65,train
30639_3b3d9eb8,30639a,1.1113909246577949,1.1899478976078752,1.795479761887213,1.055000252910697,0.019005843056391525,0.096514061112794,0.06810782146336686,0.0011345874795320972,13819,1777967494.9,val
30639_9c362687,30639a,1.080175554442704,1.1454748542293498,2.0571900345480203,0.9160768492917128,0.03293700144794398,0.12804604870091618,0.1123760759337602,0.012743741634558861,18381,1777998545.25,val
30618_e3d94878,30618,1.2088128980079944,1.050040782740081,1.3459505330227002,1.098863505234049,-0.041678169370903184,0.15053533823940102,0.13297829201248604,-0.009544455296515906,14037,1785128150.95,val
30618_2f104a1d,30618,0.9718371206041472,0.9928040132016871,1.55626741468219,1.0314840270199348,0.0008542682753910347,0.08240586048805544,0.08107364856614394,-0.007122071934229179,16156,1785135325.3500001,val
30618_b95ca60a,30618,0.9536279734817223,1.0156295385314447,0.8996243022310145,0.9937307681318617,0.013169377328841714,0.07161360205469486,0.07025318923573344,-0.00044841708009103927,15785,1785141855.75,val
30618_0f120b35,30618,0.9714323460141882,0.9768852186941321,1.2572678749219328,1.0095085457431978,0.0008884986713009191,0.06629946989547919,0.06439883498565489,-0.0024594142375839972,15897,1785150447.75,val
30618_f19a4ac3,30618,1.0050505423722575,1.1119896370113114,1.6621680060918957,1.0280046962243337,0.029801647722349278,0.08086843228908946,0.07280027883191235,0.002819316175136753,17167,1785163745.7,val
30618_22c1c589,30618,0.9615932370023317,0.9822259212005371,1.1743094817422337,1.0233076662071652,0.0025376097962023225,0.06997171353256332,0.06794358212495945,-0.0031710458744357486,16096,1785171008.0,val
30618_616ec56b,30618,0.9547950113236612,0.9281956160792124,1.159421572594409,0.9596074852195859,-0.011157252928978512,0.18170331961416564,0.1782765656693176,-0.007784311199389775,15889,1785176851.45,val
30618_6cb3280a,30618,0.9657246060914213,0.9725246060462076,1.2991894079991728,1.0033715164577124,0.009230832644536835,0.1028993222655305,0.10118425254677667,0.005499756091421067,16488,1786377225.0500002,val
30618_2366c74a,30618,0.9487906924082385,0.9973653662209425,1.3985979961852604,1.0303588900318634,0.010646635906235491,0.10359565447630745,0.10210808962906345,-0.0021475282412027233,13081,1786383873.6000001,val
30639_d927f360,30639b,1.1635494177140244,1.1172301598072412,1.1825492639179656,0.9436887913175566,-0.006971354300672861,0.10793110745860056,0.08106315924543663,-0.0018437803679993987,16162,1787724874.3500001,val
30639_2b4a6347,30639b,1.0635964886720422,1.028695999959824,1.7439426624651289,0.9827637156707455,-0.00866221486977925,0.11586479516107656,0.11225508228787058,-0.006106276247771806,16605,1787727682.5,val
30618_01f73500,30618,0.9668523269759609,0.9557866216614248,0.5796734691164429,1.0221005145491104,-0.017095042223420176,0.07617930503761253,0.07128794105505086,-0.013721072767837498,17246,1787731610.7,val
30618_dd8d0741,30618,0.9446962593777414,0.9732467180894524,0.7616502260395482,1.044318501701495,0.001961451581170781,0.0752673551094744,0.07029962589351998,-0.004437393797541023,16947,1787734377.5,val
30618_a53d5f6f,30618,0.9416425679877263,0.969699008749052,0.6367593261425217,1.019864969639103,-0.00015307133447839405,0.07664887468622274,0.07116227641461452,-0.0067328120953695164,17796,1787737404.65,val
30618_defd0170,30618,0.9726244267418054,0.9278341286218313,1.0579436626328027,0.9419583824572151,-0.003961667089272258,0.11620042003590604,0.11220871208721339,0.005516058805693867,13832,1788421558.6000001,val
