notch,"(0.3, 1.0]","(1.0, 2.0]","(2.0, 3.0]","(3.0, 4.0]","(4.0, 5.0]","(5.0, 6.0]","(6.0, 7.0]","(7.0, 8.0]","(8.0, 9.0]","(9.0, 10.0]","(10.0, 11.0]","(11.0, 12.0]","(12.0, 13.0]","(13.0, 14.0]","(14.0, 16.5]"
-15,,,,,,,,,,,,,,,
-9,,,,,,,,,,,,,,,
-8,,,-0.515,-0.85,,,,,,,,,,,
-7,,-0.68,-0.822,-0.841,-0.806,-0.862,-0.886,-0.833,-0.866,-0.783,,,,,
-6,,-0.659,-0.694,-0.696,-0.654,-0.701,-0.817,-0.8,-0.768,-0.743,-0.727,-0.703,,,
-5,,-0.637,-0.671,-0.691,-0.633,-0.676,-0.719,-0.729,-0.714,-0.708,-0.7,-0.696,-0.676,,
-4,,-0.601,-0.638,-0.632,-0.598,-0.653,-0.685,-0.688,-0.694,-0.696,-0.714,-0.681,,,
-3,,-0.556,-0.582,-0.596,-0.587,-0.626,-0.654,-0.674,-0.668,-0.698,-0.675,-0.638,,,
-2,-0.474,-0.506,-0.533,-0.586,-0.6,-0.582,-0.088,-0.109,-0.597,-0.447,-0.453,,,,
-1,,-0.444,-0.444,-0.415,-0.606,-0.62,-0.044,-0.041,-0.666,-0.057,-0.004,,,,
0,-0.129,,-0.017,-0.032,0.033,,0.034,0.047,0.003,0.043,0.044,0.018,0.002,0.023,0.009
1,,0.011,0.002,0.009,0.055,,0.017,0.098,0.087,0.06,0.073,,-0.013,-0.099,0.058
2,,,0.003,0.113,,,0.074,0.032,0.06,,0.03,,,0.101,0.075
3,,,,,,,,,0.05,,0.042,0.001,0.018,,
4,,,,,,,0.066,,,0.02,0.071,,0.003,-0.043,
5,,,,,,,0.015,,,0.023,,,,,
6,,,,,,,,,,,,,,,
7,,,,,1.019,0.968,0.933,,,,,,,,
8,,,,0.995,1.004,0.951,0.921,,,,,,,,
9,,,,0.967,0.965,0.94,0.891,,,,,,,,
10,,,,,0.944,0.898,0.872,0.873,,,,,,,
11,,,,,,0.865,0.849,,,,,,,,
12,,,,,,,,,,,,,,,
13,,,,,,,,,,,,,,,
14,,,,,,,,,,,,,,,
15,,,,,0.709,0.662,0.691,0.654,0.642,0.593,0.572,0.559,0.512,,
