,v0,v0.5,v1,v1.5,v2,v3,v4,v5,v6,v7,v8,v9,v10,v11,v12,v13,v14,v15,v16.5,v18,v20
-15,-0.99359,-1.03019,-1.06839,-1.11011,-1.16093,-1.28098,-1.40640,-1.55442,-1.70312,-1.80862,-1.84981,-1.84182,-1.80175,-1.74160,-1.67512,-1.61200,-1.55670,-1.51026,-1.45107,-1.39624,-1.32389
-14,-0.97897,-1.02551,-1.07020,-1.11345,-1.16514,-1.28584,-1.40672,-1.51558,-1.60439,-1.66540,-1.69426,-1.68379,-1.64319,-1.59221,-1.54263,-1.49810,-1.45857,-1.42265,-1.37273,-1.32449,-1.26141
-13,-0.96423,-1.01367,-1.06468,-1.11461,-1.16713,-1.28880,-1.40879,-1.48584,-1.52022,-1.53750,-1.54540,-1.52879,-1.48741,-1.44543,-1.41384,-1.38714,-1.36219,-1.33607,-1.29408,-1.25209,-1.19847
-12,-0.94942,-1.00644,-1.06392,-1.11571,-1.16835,-1.28795,-1.38783,-1.43701,-1.43887,-1.41970,-1.40559,-1.38471,-1.34443,-1.30963,-1.29483,-1.28338,-1.26926,-1.25014,-1.21456,-1.17840,-1.13403
-11,-0.92827,-0.99291,-1.05696,-1.11558,-1.16538,-1.24646,-1.31398,-1.35725,-1.35811,-1.31509,-1.27616,-1.25707,-1.23367,-1.20540,-1.19790,-1.19126,-1.18043,-1.16420,-1.13348,-1.10303,-1.06725
-10,-0.89126,-0.95641,-1.01921,-1.07387,-1.11083,-1.15635,-1.18785,-1.22459,-1.25670,-1.24049,-1.18088,-1.15239,-1.14875,-1.13805,-1.12466,-1.11046,-1.09450,-1.07744,-1.05105,-1.02656,-0.99737
-9,-0.83218,-0.89228,-0.94903,-0.99473,-1.02063,-1.03796,-1.04822,-1.07762,-1.13534,-1.16021,-1.11978,-1.07544,-1.08611,-1.09083,-1.06647,-1.03572,-1.00952,-0.99050,-0.96931,-0.94989,-0.92356
-8,-0.74917,-0.80294,-0.85514,-0.90135,-0.93280,-0.94993,-0.94788,-0.95222,-1.00017,-1.04834,-1.04161,-1.00454,-1.02915,-1.04329,-1.00843,-0.95995,-0.92588,-0.90757,-0.89104,-0.87329,-0.84476
-7,-0.64773,-0.70237,-0.75706,-0.81151,-0.85801,-0.90308,-0.88712,-0.87767,-0.88921,-0.94220,-0.92672,-0.91197,-0.94104,-0.93817,-0.92322,-0.87736,-0.84588,-0.83361,-0.81806,-0.79625,-0.76036
-6,-0.54177,-0.59654,-0.65291,-0.71410,-0.76994,-0.82760,-0.80054,-0.76959,-0.79344,-0.83765,-0.83523,-0.83295,-0.80657,-0.81417,-0.82771,-0.80057,-0.78199,-0.77098,-0.74783,-0.71649,-0.67045
-5,-0.44230,-0.49749,-0.55547,-0.61911,-0.67597,-0.72292,-0.71221,-0.67996,-0.71218,-0.74853,-0.77288,-0.76016,-0.72893,-0.71931,-0.73340,-0.72820,-0.72567,-0.71160,-0.67287,-0.63086,-0.57700
-4,-0.35209,-0.40574,-0.46001,-0.51683,-0.56297,-0.60471,-0.59999,-0.59541,-0.66090,-0.67510,-0.69167,-0.70068,-0.66447,-0.65926,-0.68330,-0.67394,-0.66614,-0.63601,-0.58443,-0.53753,-0.48283
-3,-0.26484,-0.31997,-0.37536,-0.42895,-0.46694,-0.50676,-0.50815,-0.53789,-0.61231,-0.57860,-0.59650,-0.60586,-0.58674,-0.59176,-0.59298,-0.58090,-0.55403,-0.52740,-0.47823,-0.43657,-0.39037
-2,-0.17526,-0.22828,-0.28212,-0.33439,-0.37629,-0.43131,-0.41147,-0.45483,-0.46533,-0.39581,-0.45000,-0.43076,-0.41531,-0.47212,-0.49610,-0.46172,-0.41114,-0.38684,-0.35488,-0.32951,-0.30054
-1,-0.08364,-0.12426,-0.16645,-0.20677,-0.24658,-0.32331,-0.25000,-0.26945,-0.28000,-0.33098,-0.29273,-0.25147,-0.31329,-0.34232,-0.29399,-0.29488,-0.24697,-0.22652,-0.22199,-0.21956,-0.21226
0,-0.15652,-0.15009,-0.11588,-0.05875,-0.00473,-0.04015,-0.04599,-0.00552,0.10010,0.02310,-0.05251,-0.02017,0.01556,-0.01278,0.03821,-0.02602,-0.01482,-0.03748,-0.05644,-0.06592,-0.07225
1,-0.37004,-0.15470,0.03074,0.16059,0.19424,0.00646,-0.03471,0.05797,0.14678,0.12362,0.12936,0.07253,0.11573,0.09961,0.12084,0.07335,0.07223,0.08762,0.07150,0.04738,0.01808
2,0.00321,0.10408,0.18982,0.24681,0.23967,0.09478,0.12286,0.12071,0.20743,0.22218,0.15632,0.13850,0.16244,0.12758,0.16420,0.16214,0.15498,0.10488,0.07543,0.05412,0.02685
3,0.34040,0.31746,0.32846,0.35447,0.33698,0.19960,0.24814,0.24681,0.27316,0.25186,0.20425,0.22020,0.23249,0.19894,0.21474,0.18862,0.17815,0.12794,0.09060,0.06552,0.03561
4,0.55116,0.50328,0.52505,0.54335,0.51888,0.37708,0.34351,0.33752,0.31564,0.24754,0.22413,0.25334,0.25909,0.24283,0.23980,0.21992,0.20407,0.16318,0.11652,0.08263,0.04491
5,0.71366,0.69169,0.69358,0.69913,0.67016,0.53982,0.48189,0.46049,0.37976,0.24805,0.23851,0.26440,0.26272,0.25903,0.25331,0.25707,0.24569,0.20108,0.14558,0.10341,0.05546
6,0.86914,0.82393,0.77234,0.72929,0.68444,0.62365,0.63206,0.63026,0.54454,0.44059,0.41536,0.39551,0.34792,0.29753,0.27720,0.27014,0.24717,0.21948,0.17149,0.12529,0.06741
7,0.97749,0.87495,0.77246,0.72817,0.74480,0.77143,0.80745,0.81549,0.73113,0.63712,0.58460,0.52934,0.44710,0.34856,0.29651,0.29681,0.26443,0.23642,0.19268,0.14524,0.07980
8,1.04305,0.97156,0.90669,0.87463,0.86701,0.86067,0.87992,0.90344,0.83843,0.75024,0.64921,0.57769,0.50362,0.41692,0.35913,0.34397,0.29503,0.25952,0.21202,0.16246,0.09190
9,1.09301,1.05926,1.02346,0.98124,0.94186,0.87905,0.92372,0.93177,0.84605,0.74854,0.66432,0.60438,0.55174,0.48334,0.43039,0.40267,0.33836,0.28993,0.23177,0.17811,0.10361
10,1.11742,1.08269,1.04235,0.99441,0.95649,0.93012,0.96498,0.94579,0.84622,0.74996,0.71417,0.68798,0.63488,0.55840,0.49846,0.45407,0.38256,0.32256,0.25294,0.19364,0.11494
11,1.11970,1.08267,1.04186,0.99415,0.95301,0.93242,0.97157,0.94482,0.89324,0.83332,0.77783,0.72734,0.68370,0.62201,0.54822,0.47950,0.41110,0.35067,0.27533,0.21018,0.12626
12,1.11920,1.08190,1.04236,1.00550,0.98068,0.96012,0.96752,0.93996,0.89363,0.86841,0.81908,0.74357,0.68657,0.63596,0.57295,0.49095,0.42594,0.37135,0.29761,0.22860,0.13851
13,1.11842,1.08154,1.04515,1.01193,0.99003,0.97347,0.96359,0.93267,0.89101,0.86568,0.82654,0.76688,0.70752,0.64522,0.57080,0.49093,0.43668,0.38878,0.31830,0.24738,0.15201
14,1.11775,1.08173,1.04914,1.02068,0.99543,0.97080,0.95754,0.92460,0.88226,0.85816,0.81864,0.76377,0.70363,0.64399,0.56952,0.50713,0.45549,0.40743,0.33693,0.26473,0.16635
15,1.11750,1.08325,1.05234,1.02568,1.00336,0.96773,0.94281,0.91023,0.87139,0.84012,0.80212,0.75089,0.69208,0.63836,0.59874,0.53914,0.48086,0.42794,0.35458,0.28116,0.18104
