bag,split,status2_frac,frac_bad,path_ratio,grade
30639_d601d28f,train,0,0,1.002,A
30639_c31df386,train,0,0.001838,0.998,A
30639_dce52be4,train,0,0.01645,1.483,C
30639_92226df0,train,0.8929,0.00623,1.031,B
30639_253671cc,train,0.2923,0.01239,1.158,C
30639_44226bde,train,0,0.008588,1.12,C
30639_d3c43d69,train,0,0.03814,1.468,C
30618_b83d854d,train,0.9422,0.001659,1.016,A
30618_b8044aa0,train,0.9165,0.0003139,1.016,A
30618_76e1f9c7,train,0.995,0.0004623,1.01,A
30618_2dbce472,train,0.8905,0.01705,1.101,C
30618_b15eafc3,train,0.9842,0.002862,1.003,A
30618_68d1748a,train,0.8887,0.02313,1.136,C
30618_095a115b,train,0.9325,0.0006043,0.9997,A
30618_7b4d83f4,train,0.9953,0.002419,1.01,A
30618_87afe526,train,0.9523,0.01356,1.066,B
30618_0e41eac3,train,0.9775,0.004539,1.027,B
30618_68847170,train,0.9967,0.000577,0.9998,A
30618_49fe4c54,train,0.9771,0.005065,1.085,B
30618_ab5921a4,train,0.9551,0.01707,1.077,B
30618_073f08d1,train,0.9995,0,0.9995,A
30618_0652866c,train,0.9335,0.005953,1.041,B
30618_9c09b081,train,0.9324,0.01496,1.115,C
30618_e2dcf65f,train,1,0,0.9997,A
30618_28538acf,train,0.9213,0.008306,1.063,B
30618_8158f0b0,train,0.9869,0.003717,1.014,A
30618_21dd3af3,train,0.9877,0.0004643,0.9999,A
30618_4d487b0d,train,0.9498,0.02882,1.03,C
30618_3b36e5cd,train,0.98,0.008468,1.019,B
30618_748832b9,train,0.9926,0.003589,1.006,A
30618_1cc230fa,train,0.9533,0.01519,1.079,B
30618_40ffd323,train,0.9917,0.002656,1.011,A
30618_2cb9ce37,train,0.9114,0.0005343,0.9998,A
30618_af7496f0,train,0.9721,0.008673,1.013,B
30618_437e855c,train,0.9121,0.022,1.062,C
30639_584b6e32,train,0.7546,0.009033,1.018,B
30618_d4ba7005,train,1,0,0.9997,A
30618_dd8e6395,train,0.999,8.139e-05,0.9993,A
30639_4285f2bc,train,0.4624,0.004695,1.04,B
30618_e9a34502,train,0.9996,0,0.9998,A
30639_9f0b519f,train,1,0.000194,1,A
30618_33bec73f,train,0.9514,0.001187,1.001,A
30639_50956d6e,train,0.9038,0.0155,1.053,B
30639_927002c2,train,1,0,0.9998,A
30618_2050d396,train,1,0,0.9995,A
30639_0be558e2,train,0.9322,0.01632,1.093,B
30618_67b89902,train,0.9994,0.0003043,1.001,A
30618_3e9f4952,train,0.9884,0.002721,1.026,B
30618_a869780d,train,0.9276,0.02384,1.067,C
30618_0686195f,train,0,0.03695,2.361,C
30618_88548b02,train,0.7435,0.05328,1.209,C
30618_27e994fc,train,0.5342,0.09309,1.703,C
30639_3b3d9eb8,val,0,0.0101,0.9988,B
30639_9c362687,val,0.0592,0.002283,1.012,A
30618_e3d94878,val,1,0,0.9995,A
30618_2f104a1d,val,0.9973,0.001279,1.003,A
30618_b95ca60a,val,0.9777,0.003589,1.02,B
30618_0f120b35,val,0.981,0.002348,1.015,A
30618_f19a4ac3,val,0.9527,0.002424,1.001,A
30618_22c1c589,val,0.9926,0.001039,1.002,A
30618_616ec56b,val,0.9656,0.003381,1.077,B
30618_6cb3280a,val,0.9956,0.004486,1.008,A
30618_2366c74a,val,0.6398,0.001016,1.001,A
30639_d927f360,val,0.9974,0.00146,1.009,A
30639_2b4a6347,val,0.1924,0.00018,0.9998,A
30618_01f73500,val,0.966,0.01425,1.087,B
30618_dd8d0741,val,0.9057,0.01309,1.085,B
30618_a53d5f6f,val,0.9753,0.009127,1.041,B
30618_defd0170,val,0,0.06473,2.801,C
