bag,vehicle,first_wheel_hdr_rel,burst_wheel_span_s,wheel_speed_first,moving_at_first_sample,first_motion_rel_t0,first_motion_rel_first_wheel,wheel_max_first5s_hdr,wheel_max_bag_first5s,has_gnss,first_fix_hdr_rel_t0,first_fix_bag_rel_t0,first_fix_status,first_motion_rel_first_fix,nfix_bag<1s,hdr_span_bag<1s,nfix_status2_bag<1s,nrover_bag<1s,nfix_bag<2s,hdr_span_bag<2s,nfix_status2_bag<2s,nrover_bag<2s,nfix_bag<3s,hdr_span_bag<3s,nfix_status2_bag<3s,nrover_bag<3s,nfix_bag<5s,hdr_span_bag<5s,nfix_status2_bag<5s,nrover_bag<5s,gnss_speed_max_first5s,start_x_utm,start_y_utm,start_place,init_pairs_ok,init_heading_deg,init_heading_std_deg,course_when_moving_deg,init_heading_minus_course_deg,dist_to_first_course_m,baseline_minus_course_at_motion_deg,facing
30639_d601d28f,30639,-4.239,4.239,0,False,7.671,11.91,0,0,True,-3.017,0.01816,0,10.69,40,3.9,0,43,50,4.9,0,53,60,5.9,0,63,80,7.9,0,83,0.069,3.99e+05,6.185e+06,west_terminal,0,,,,,,,
30639_c31df386,30639,-5.137,5.138,0,False,29.57,34.71,0,0,True,-3.728,0.02352,0,33.3,47,4.6,0,50,57,5.6,0,60,67,6.6,0,70,87,8.6,0,90,0.062,3.99e+05,6.185e+06,west_terminal,3,48.14,0.09716,46,2.133,,-1.675,east
30639_dce52be4,30639,-4.043,4.043,0,False,6.052,10.1,0,0.1362,True,-2.913,0.00651,0,8.965,39,3.8,0,41,49,4.8,0,51,59,5.8,0,61,79,7.8,0,81,0.031,4.036e+05,6.186e+06,east_terminal,59,113.1,0.0201,113.5,-0.4337,,6.847,west
30639_92226df0,30639,-4.854,4.854,0,False,4.152,9.006,0,0.9272,True,-3.546,0.01489,0,7.698,46,4.5,0,47,56,5.5,0,57,66,6.5,0,67,86,8.5,0,87,0.023,3.99e+05,6.185e+06,west_terminal,65,46.72,0.02153,45.93,0.7962,,0.8365,east
30639_253671cc,30639,-5.15,5.15,0,False,5.749,10.9,0,0.297,True,-3.754,0.006581,0,9.503,48,4.7,0,50,58,5.7,0,60,68,6.7,0,70,88,8.7,0,90,0.029,4.036e+05,6.186e+06,east_terminal,67,80.83,0.02048,82.53,-1.705,,6.861,east
30639_44226bde,30639,-4.978,4.978,0,False,4.914,9.892,0,0.5363,True,-3.719,0.003298,0,8.633,47,4.6,0,49,57,5.6,0,59,67,6.6,0,69,87,8.6,0,89,0.019,3.99e+05,6.185e+06,west_terminal,0,,,,,,,
30639_d3c43d69,30639,-4.844,4.844,0,False,4.486,9.33,0,0.7516,True,-3.539,0.0049,0,8.025,45,4.4,0,48,55,5.4,0,58,65,6.4,0,68,85,8.4,0,88,0.033,4.036e+05,6.186e+06,east_terminal,0,,,,,,,
30618_b83d854d,30618,-2.501,2.509,0,False,15.5,18,0,0,True,-2.475,0.008647,2,17.98,35,3.4,35,37,45,4.4,45,48,55,5.4,55,57,75,7.4,75,77,0.008,4.036e+05,6.186e+06,east_terminal,54,79.86,0.01192,83.23,-3.367,,5.718,east
30618_b8044aa0,30618,-2.372,2.382,0,False,26.93,29.31,0,0,True,-2.303,0.01045,2,29.24,33,3.2,33,36,43,4.2,43,46,53,5.2,53,56,73,7.2,73,76,0.007,3.99e+05,6.185e+06,west_terminal,53,45.85,0.005317,46.36,-0.5096,,-0.4844,east
30618_76e1f9c7,30618,-2.457,2.465,0,False,16.25,18.7,0,0,True,-2.365,0.007954,2,18.61,34,3.3,34,36,44,4.3,44,46,54,5.3,54,56,74,7.3,74,76,0.01,4.036e+05,6.186e+06,east_terminal,53,78.58,0.08805,82.36,-3.777,,5.933,east
30618_2dbce472,30618,-2.435,2.447,0,False,42.41,44.84,0,0,True,-2.326,0.01172,2,44.73,33,3.2,33,35,43,4.2,43,45,53,5.2,53,55,73,7.2,73,75,0.006,4.036e+05,6.186e+06,east_terminal,0,,,,,,,
30618_b15eafc3,30618,-2.655,2.657,0,False,13.95,16.61,0,0,True,-2.594,0.002873,2,16.55,36,3.5,36,38,46,4.5,46,48,56,5.5,56,58,76,7.5,76,78,0.009,3.99e+05,6.185e+06,west_terminal,56,45.84,0.009954,46.24,-0.3927,,-0.3848,east
30618_68d1748a,30618,-2.501,2.513,0,False,50.43,52.93,0,0,True,-2.404,0.01172,0,52.83,34,3.3,0,37,44,4.3,0,47,54,5.3,0,57,74,7.3,0,77,0.029,4.036e+05,6.186e+06,east_terminal,4,79.92,0.5087,83.1,-3.179,,5.115,east
30618_095a115b,30618,-2.442,2.454,0,False,43.76,46.2,0,0,True,-2.332,0.01204,2,46.09,33,3.2,33,36,43,4.2,43,46,53,5.2,53,56,73,7.2,73,76,0.023,4.036e+05,6.186e+06,east_terminal,53,80.13,0.01224,81.11,-0.9749,,8.025,east
30618_7b4d83f4,30618,-2.605,2.618,0,False,33.01,35.61,0,0,True,-2.571,0.0129,2,35.58,36,3.5,36,37,46,4.5,46,47,56,5.5,56,57,76,7.5,76,77,0.033,3.99e+05,6.185e+06,west_terminal,55,45.96,0.01183,46.11,-0.156,,-0.4196,east
30618_87afe526,30618,-2.476,2.479,0,False,35.93,38.41,0,0,True,-2.419,0.00275,2,38.35,34,3.3,34,36,44,4.3,44,47,54,5.3,54,57,74,7.3,74,77,0.049,4.036e+05,6.186e+06,east_terminal,0,,,,,,,
30618_0e41eac3,30618,-2.328,2.337,0,False,11.87,14.2,0,0,True,-2.215,0.009102,2,14.08,32,3.1,32,37,42,4.1,42,47,52,5.1,52,57,72,7.1,72,77,0.025,4.036e+05,6.186e+06,east_terminal,52,80.54,0.01117,83.29,-2.755,,5.964,east
30618_68847170,30618,-2.44,2.442,0,False,5.768,8.208,0,0.217,True,-2.427,0.002739,2,8.195,34,3.3,34,36,44,4.3,44,46,54,5.3,54,56,74,7.3,74,76,0.01,3.99e+05,6.185e+06,west_terminal,54,45.84,0.01116,46.18,-0.3378,,-0.3323,east
30618_49fe4c54,30618,-2.341,2.351,0,False,22.66,25,0,0,True,-2.293,0.009584,2,24.95,33,3.2,33,35,43,4.2,43,45,53,5.2,53,55,73,7.2,73,75,0.044,4.036e+05,6.186e+06,east_terminal,0,,,,,,,
30618_ab5921a4,30618,-2.522,2.527,0,False,4.576,7.098,0,0.7229,True,-2.583,0.005461,2,7.159,36,3.5,36,39,46,4.5,46,48,56,5.5,56,58,76,7.5,76,78,0.042,4.036e+05,6.186e+06,east_terminal,0,,,,,,,
30618_073f08d1,30618,-2.435,2.438,0,False,12.66,15.1,0,0,True,-2.437,0.002882,2,15.1,34,3.3,34,36,44,4.3,44,46,54,5.3,54,56,74,7.3,74,76,0.016,3.99e+05,6.185e+06,west_terminal,54,46.17,0.01179,46.15,0.01781,,-0.1292,east
30618_0652866c,30618,-2.96,2.965,0,False,4.731,7.691,0,0.5536,True,-2.826,0.005514,2,7.557,38,3.7,38,40,48,4.7,48,50,58,5.7,58,60,78,7.7,78,80,0.011,4.036e+05,6.186e+06,east_terminal,58,79.98,0.04486,82.58,-2.605,,5.999,east
30618_9c09b081,30618,-2.617,2.626,0,False,4.979,7.596,0,0.5922,True,-2.576,0.009424,2,7.555,36,3.5,36,38,46,4.5,46,49,56,5.5,56,59,76,7.5,76,78,0.026,4.036e+05,6.186e+06,east_terminal,56,79.94,0.02517,83.97,-4.033,,5.763,east
30618_e2dcf65f,30618,-2.404,2.413,0,False,4.51,6.914,0,0.817,True,-2.45,0.008911,2,6.96,35,3.4,35,26,45,4.4,45,34,55,5.4,55,42,75,7.4,75,57,0.009,3.99e+05,6.185e+06,west_terminal,41,45.8,0.006207,45.94,-0.1357,,-0.2896,east
30618_28538acf,30618,-2.65,2.66,0,False,4.854,7.504,0,0.5429,True,-2.571,0.009708,2,7.424,36,3.5,36,37,46,4.5,46,47,56,5.5,56,56,76,7.5,76,71,0.033,4.036e+05,6.186e+06,east_terminal,53,82.68,0.01023,86.12,-3.443,,6.222,east
30618_8158f0b0,30618,-2.409,2.421,0,False,4.997,7.406,0,0.4617,True,-2.41,0.01211,2,7.406,34,3.3,34,37,44,4.3,44,47,54,5.3,54,57,74,7.3,74,77,0.03,4.036e+05,6.186e+06,east_terminal,54,78.52,0.006234,82.01,-3.491,,6.22,east
30618_21dd3af3,30618,-2.674,2.687,0,False,5.83,8.504,0,0.2248,True,-2.551,0.01294,2,8.381,36,3.5,36,38,46,4.5,46,48,56,5.5,56,58,76,7.5,76,78,0.054,3.99e+05,6.185e+06,west_terminal,55,32.34,0.03898,32.35,-0.01602,,-0.152,east
30618_4d487b0d,30618,-2.43,2.433,0,False,9.872,12.3,0,0,True,-2.363,0.002951,2,12.24,34,3.3,34,35,44,4.3,44,45,54,5.3,54,55,74,7.3,74,75,0.032,4.036e+05,6.186e+06,east_terminal,53,50.42,0.01893,62.19,-11.76,,-6.39,east
30618_3b36e5cd,30618,-2.766,2.778,0,False,4.726,7.492,0,0.5985,True,-2.753,0.01231,2,7.48,38,3.7,38,38,48,4.7,48,48,58,5.7,58,58,78,7.7,78,78,0.039,4.036e+05,6.186e+06,east_terminal,57,80.87,0.01755,83.51,-2.646,,5.784,east
30618_748832b9,30618,-2.791,2.802,0,False,6.409,9.199,0,0,True,-2.888,0.01181,2,9.297,39,3.8,39,41,49,4.8,49,51,59,5.8,59,61,79,7.8,79,80,0.017,3.99e+05,6.185e+06,west_terminal,59,45.67,0.0175,45.84,-0.1729,,-0.3222,east
30618_1cc230fa,30618,-2.841,2.851,0,False,6.36,9.201,0,0.121,True,-2.813,0.009554,2,9.173,38,3.7,38,40,48,4.7,48,50,58,5.7,58,60,78,7.7,78,80,0.018,4.036e+05,6.186e+06,east_terminal,58,80.51,0.01213,83.76,-3.244,,5.853,east
30618_40ffd323,30618,-2.448,2.451,0,False,5.554,8.002,0,0.2966,True,-2.322,0.002773,2,7.876,34,3.3,34,36,44,4.3,44,46,54,5.3,54,56,74,7.3,74,76,0.024,4.036e+05,6.186e+06,east_terminal,53,80.24,0.005656,83.35,-3.109,,6.019,east
30618_2cb9ce37,30618,-3.003,3.015,0,False,6.092,9.095,0,0.1011,True,-2.869,0.01149,2,8.961,39,3.8,39,41,49,4.8,49,51,59,5.8,59,61,79,7.8,79,81,0.01,4.002e+05,6.185e+06,en_route,58,68.7,0.007753,68.71,-0.01138,,-0.2114,east
30618_af7496f0,30618,-2.455,2.465,0,False,4.655,7.11,0,0.6505,True,-2.334,0.01041,2,6.989,33,3.2,33,36,43,4.2,43,46,53,5.2,53,56,73,7.2,73,76,0.011,4.036e+05,6.186e+06,east_terminal,53,79.5,0.008892,82.2,-2.704,,6.112,east
30618_437e855c,30618,-2.576,2.582,0,False,43.23,45.81,0,0,True,-2.706,0.005782,2,45.94,37,3.6,37,35,47,4.6,47,45,57,5.6,57,55,77,7.6,77,75,0.029,4.036e+05,6.186e+06,east_terminal,55,78.06,0.01963,82.21,-4.151,,5.909,east
30639_584b6e32,30639,-2.206,2.208,0,False,10.79,12.99,0,0,True,-2.314,0.002233,2,13.1,33,3.2,33,30,43,4.2,43,40,53,5.2,53,50,73,7.2,73,70,0.025,4.036e+05,6.186e+06,east_terminal,50,77.29,0.01556,78.64,-1.357,,7.16,east
30618_d4ba7005,30618,-2.438,2.44,0,False,26.37,28.81,0,0,True,-2.598,0.001182,2,28.97,36,3.5,36,34,46,4.5,46,44,56,5.5,56,54,76,7.5,76,74,0.007,3.99e+05,6.185e+06,west_terminal,54,45.76,0.009136,45.7,0.05913,,-0.02263,east
30618_dd8e6395,30618,-2.191,2.196,0,False,24.41,26.6,0,0,True,-2.31,0.00452,2,26.72,33,3.2,33,30,43,4.2,43,40,53,5.2,53,50,73,7.2,73,70,0.015,4.036e+05,6.186e+06,east_terminal,50,64.04,0.01514,64.01,0.02367,,6.011,east
30639_4285f2bc,30639,-2.333,2.335,0,False,7.257,9.59,0,0,True,-2.482,0.002415,0,9.74,35,3.4,0,33,45,4.4,0,43,55,5.4,0,53,75,7.4,0,73,0.007,4.036e+05,6.186e+06,east_terminal,53,80.73,0.03056,84.38,-3.641,,6.56,east
30618_e9a34502,30618,-2.376,2.382,0,False,14.43,16.8,0,0,True,-2.502,0.005478,2,16.93,35,3.4,35,33,45,4.4,45,43,55,5.4,55,53,75,7.4,75,73,0.007,3.99e+05,6.185e+06,west_terminal,53,45.88,0.005278,46.27,-0.382,,-0.4042,east
30639_9f0b519f,30639,-2.227,2.232,0,False,4.478,6.706,0,0.6597,True,-2.256,0.004438,2,6.734,32,3.1,32,30,43,4.2,43,40,53,5.2,53,50,73,7.2,73,70,0.012,3.99e+05,6.185e+06,west_terminal,50,46.93,0.009549,46.45,0.4839,,0.6827,east
30618_33bec73f,30618,-2.442,2.447,0,False,29.47,31.92,0,0,True,-2.621,0.004699,2,32.09,36,3.5,36,34,46,4.5,46,44,56,5.5,56,54,76,7.5,76,74,0.008,3.99e+05,6.185e+06,west_terminal,54,45.86,0.007787,45.87,-0.00687,,-0.1233,east
30639_50956d6e,30639,-2.062,2.064,0,False,5.435,7.498,0,0.3449,True,-2.152,0.001381,2,7.587,31,3,31,29,42,4.1,42,39,51,5,51,47,72,7.1,72,67,0.03,4.036e+05,6.186e+06,east_terminal,47,81.05,0.009076,83.44,-2.39,,6.617,east
30639_927002c2,30639,-2.303,2.307,0,False,4.707,7.01,0,0.633,True,-2.407,0.004167,2,7.114,34,3.3,34,32,44,4.3,44,42,54,5.3,54,52,74,7.3,74,72,0.006,3.99e+05,6.185e+06,west_terminal,52,46.69,0.01189,45.86,0.8302,,0.8018,east
30618_2050d396,30618,-2.303,2.308,0,False,96.8,99.1,0,0,True,-2.455,0.004318,2,99.25,35,3.4,35,32,45,4.4,45,42,55,5.4,55,52,75,7.4,75,72,0.007,3.99e+05,6.185e+06,west_terminal,52,46.04,0.007656,46.35,-0.3019,,-0.1573,east
30639_0be558e2,30639,-2.322,2.328,0,False,68.77,71.1,0,0,True,-2.423,0.005678,2,71.2,34,3.3,34,32,44,4.3,44,42,54,5.3,54,52,74,7.3,74,72,0.01,4.036e+05,6.186e+06,east_terminal,52,81.8,0.05312,87.13,-5.334,,8.285,east
30618_67b89902,30618,-2.416,2.422,0,False,16.39,18.8,0,0,True,-2.688,0.005923,2,19.08,37,3.6,37,35,47,4.6,47,45,57,5.6,57,55,77,7.6,77,74,0.007,3.99e+05,6.185e+06,west_terminal,55,45.89,0.01297,46.13,-0.2363,,-0.1945,east
30618_3e9f4952,30618,-2.254,2.255,0,False,71.74,73.99,0,0,True,-2.401,0.001155,2,74.14,34,3.3,34,32,44,4.3,44,42,54,5.3,54,52,74,7.3,74,72,0.017,4.036e+05,6.186e+06,east_terminal,52,72.95,0.01614,74.01,-1.062,,6.633,east
30618_a869780d,30618,-2.719,2.726,0,False,7.588,10.31,0,0,True,-2.89,0.005971,2,10.48,39,3.8,39,36,49,4.8,49,46,59,5.8,59,56,79,7.8,79,76,0.034,4.036e+05,6.186e+06,east_terminal,56,-86.18,0.006594,-85.56,-0.6231,,-0.6696,east
30618_0686195f,30618,-2.57,2.575,0,False,11.6,14.17,0,0,True,-3.554,0.004285,0,15.15,37,3.6,0,32,47,4.6,0,41,57,5.6,0,51,79,7.8,0,74,0.013,4.036e+05,6.186e+06,east_terminal,0,,,,,,,
30618_88548b02,30618,-2.389,2.396,0,False,5.106,7.496,0,0.4685,True,-2.519,0.005991,2,7.625,35,3.4,35,33,45,4.4,45,43,55,5.4,55,53,75,7.4,75,73,0.007,3.99e+05,6.185e+06,west_terminal,53,45.9,0.005809,46.19,-0.2886,,-0.4393,east
30618_27e994fc,30618,-2.559,2.564,0,False,6.537,9.095,0,0.1373,True,-2.664,0.005455,2,9.201,37,3.6,33,33,47,4.6,43,43,57,5.6,53,53,77,7.6,71,73,0.036,4.036e+05,6.186e+06,east_terminal,53,80.72,0.005196,84.69,-3.97,,5.975,east
30639_3b3d9eb8,30639,-4.123,4.123,0,False,8.561,12.68,0,0,True,-2.976,0.007956,0,11.54,40,3.9,0,42,50,4.9,0,52,60,5.9,0,62,80,7.9,0,82,0.033,4.036e+05,6.186e+06,east_terminal,60,81.06,0.01367,82.72,-1.656,,6.632,east
30639_9c362687,30639,-4.625,4.625,0,False,4.077,8.702,0,0.9728,True,-3.435,0.005603,0,7.513,44,4.3,0,47,54,5.3,0,57,64,6.3,0,67,84,8.3,0,87,0.032,3.99e+05,6.185e+06,west_terminal,0,,,,,,,
30618_e3d94878,30618,-2.78,2.794,0,False,110.7,113.4,0,0,True,-2.698,0.01335,2,113.4,37,3.6,37,39,47,4.6,47,49,57,5.6,57,59,77,7.6,77,79,0.012,3.99e+05,6.185e+06,west_terminal,57,41.5,0.008905,41.96,-0.4574,,0.7802,east
30618_2f104a1d,30618,-2.525,2.53,0,False,13.19,15.71,0,0,True,-2.446,0.004845,2,15.63,35,3.4,35,36,44,4.3,44,46,55,5.4,55,56,75,7.4,75,76,0.01,3.99e+05,6.185e+06,west_terminal,0,,,,,,,
30618_b95ca60a,30618,-2.517,2.529,0,False,8.602,11.12,0,0,True,-2.418,0.01223,2,11.02,34,3.3,34,37,44,4.3,44,47,54,5.3,54,57,74,7.3,74,77,0.01,3.99e+05,6.185e+06,west_terminal,54,45.86,0.01351,46.29,-0.4303,,-0.4033,east
30618_0f120b35,30618,-2.767,2.78,0,False,17.13,19.9,0,0,True,-2.663,0.01273,2,19.8,37,3.6,37,39,47,4.6,47,49,57,5.6,57,59,77,7.6,77,79,0.01,3.99e+05,6.185e+06,west_terminal,56,45.88,0.007279,46.22,-0.3418,,-0.3465,east
30618_f19a4ac3,30618,-2.687,2.689,0,False,12.42,15.1,0,0,True,-2.571,0.002806,2,14.99,36,3.5,36,38,46,4.5,46,48,56,5.5,56,58,76,7.5,76,78,0.008,3.99e+05,6.185e+06,west_terminal,55,39.26,0.01236,39.69,-0.4272,,0.7392,east
30618_22c1c589,30618,-2.713,2.725,0,False,8.84,11.55,0,0,True,-2.7,0.01205,2,11.54,37,3.6,37,39,47,4.6,47,49,57,5.6,57,59,77,7.6,77,79,0.007,3.99e+05,6.185e+06,west_terminal,57,45.83,0.007452,45.7,0.1264,,0.005555,east
30618_616ec56b,30618,-2.602,2.612,0,False,12.39,15,0,0,True,-2.519,0.01024,2,14.91,35,3.4,35,38,45,4.4,45,48,55,5.4,55,58,75,7.4,75,78,0.011,3.99e+05,6.185e+06,west_terminal,55,45.76,0.007902,45.97,-0.2106,,-0.2519,east
30618_6cb3280a,30618,-2.452,2.462,0,False,77.55,80,0,0,True,-2.371,0.00957,2,79.92,34,3.3,34,37,44,4.3,44,46,54,5.3,54,56,74,7.3,74,77,0.018,3.99e+05,6.185e+06,west_terminal,53,46.1,0.01233,46.08,0.02401,,-0.2379,east
30618_2366c74a,30618,-2.683,2.695,0,False,12.52,15.21,0,0,True,-2.674,0.01164,2,15.2,37,3.6,37,39,47,4.6,47,48,57,5.6,57,58,77,7.6,77,78,0.006,3.998e+05,6.185e+06,en_route,56,8.067,0.01519,8.088,-0.02139,,-0.01199,east
30639_d927f360,30639,-2.104,2.107,0,False,4.6,6.704,0,0.69,True,-2.223,0.002761,2,6.823,32,3.1,32,30,42,4.1,42,40,52,5.1,52,50,72,7.1,72,70,0.009,3.99e+05,6.185e+06,west_terminal,50,46.84,0.01264,46.05,0.7942,,0.7543,east
30639_2b4a6347,30639,-2.458,2.46,0,False,4.926,7.384,0,0.4939,True,-2.543,0.001315,0,7.468,36,3.5,0,33,46,4.5,0,43,56,5.5,0,53,76,7.5,0,73,0.009,3.99e+05,6.185e+06,west_terminal,53,46.79,0.00748,46.28,0.5077,,0.5375,east
30618_01f73500,30618,-2.63,2.635,0,False,11.47,14.1,0,0,True,-2.746,0.004498,2,14.22,38,3.7,38,35,48,4.7,48,45,58,5.7,58,55,78,7.7,78,75,0.022,4.036e+05,6.186e+06,east_terminal,55,70.78,0.01705,72.33,-1.551,,6.459,east
30618_dd8d0741,30618,-2.27,2.276,0,False,14.73,17.01,0,0,True,-2.416,0.004983,2,17.15,34,3.3,34,32,44,4.3,44,42,54,5.3,54,52,74,7.3,74,70,0.008,4.036e+05,6.186e+06,east_terminal,52,77.75,0.006614,80.24,-2.496,,6.091,east
30618_a53d5f6f,30618,-2.383,2.389,0,False,25.84,28.22,0,0,True,-2.501,0.005896,2,28.34,35,3.4,35,33,45,4.4,45,43,55,5.4,55,53,75,7.4,75,73,0.031,4.036e+05,6.186e+06,east_terminal,53,68.86,0.008836,70.39,-1.524,,6.525,east
30618_defd0170,30618,-2.701,2.707,0,False,4.397,7.098,0,0.8658,True,-2.763,0.004971,0,7.16,38,3.7,0,35,48,4.7,0,45,58,5.7,0,55,78,7.7,0,75,0.008,3.99e+05,6.185e+06,west_terminal,55,45.88,0.007369,46.24,-0.3601,,-0.3809,east
30618_082f1d65,30618,-2.454,2.458,0,False,,,0,0,True,-2.444,0.00411,2,,35,3.4,35,32,44,4.3,44,42,54,5.3,54,52,74,7.3,74,72,0.036,4.036e+05,6.186e+06,east_terminal,52,165.5,0.01362,,,,,west
30618_0d865417,30618,-2.32,2.331,0,False,7.688,10.01,0,0,True,-2.376,0.0119,2,10.06,34,3.3,34,37,44,4.3,44,47,54,5.3,54,55,74,7.3,74,75,0.011,3.988e+05,6.184e+06,depot,52,47.98,0.0107,,,,,east
30618_1551d0a9,30618,-2.662,2.664,0,False,,,0,0,True,-2.614,0.002902,2,,36,3.5,36,38,39,3.8,39,41,39,3.8,39,41,39,3.8,39,41,0.007,3.99e+05,6.185e+06,west_terminal,39,45.82,0.01229,,,,,east
30618_45ff6f99,30618,-2.818,2.821,0,False,,,0,0,True,-2.801,0.002795,2,,38,3.7,38,40,48,4.7,48,50,58,5.7,58,60,78,7.7,78,80,0.009,3.99e+05,6.185e+06,west_terminal,58,45.65,0.008647,,,,,east
30618_5036aa78,30618,-2.558,2.567,0,False,17.55,20.11,0,0,False,,,,,,,,,,,,,,,,,,,,,,,,,,,,,,,,
30618_74559c73,30618,-2.776,2.784,0,False,4.93,7.706,0,0.4789,False,,,,,,,,,,,,,,,,,,,,,,,,,,,,,,,,
30618_98161270,30618,-2.577,2.582,0,False,,,0,0,True,-2.544,0.005023,2,,35,3.4,35,38,45,4.4,45,48,55,5.4,55,58,76,7.5,76,78,0.008,3.99e+05,6.185e+06,west_terminal,55,45.65,0.01174,,,,,east
30618_bab2fe58,30618,-2.466,2.472,0,False,8.531,11,0,0,True,-2.447,0.006195,2,10.98,35,3.4,35,37,45,4.4,45,47,55,5.4,55,57,75,7.4,75,77,0.01,3.99e+05,6.185e+06,west_terminal,54,45.64,0.01221,45.48,0.1612,,0.1771,east
30618_bc5e53c2,30618,-2.729,2.742,0,False,,,0,0,True,-2.682,0.01343,2,,37,3.6,37,39,47,4.6,47,49,57,5.6,57,59,77,7.6,77,80,0.009,3.988e+05,6.184e+06,depot,56,-138,0.006391,,,,,west
30618_e151d6e4,30618,-2.307,2.309,0,False,,,0,0,False,,,,,,,,,,,,,,,,,,,,,,,,,,,,,,,,
30639_0ab96c59,30639,-2.218,2.225,0,False,50.79,53.01,0,0,True,-2.343,0.005999,2,53.13,33,3.2,33,31,43,4.2,43,41,53,5.2,53,51,73,7.2,73,71,0.009,3.99e+05,6.185e+06,west_terminal,51,46.92,0.009365,,,,,east
30618_0259fe53,30618,-2.489,2.498,0,False,5.141,7.629,0,0.4004,False,,,,,,,,,,,,,,,,,,,,,,,,,,,,,,,,
30618_0a83c933,30618,-2.726,2.738,0,False,23.7,26.42,0,0,False,,,,,,,,,,,,,,,,,,,,,,,,,,,,,,,,
30618_117c2d02,30618,-2.548,2.559,0,False,19.85,22.4,0,0,False,,,,,,,,,,,,,,,,,,,,,,,,,,,,,,,,
30618_20096314,30618,-2.666,2.668,0,False,8.421,11.09,0,0,False,,,,,,,,,,,,,,,,,,,,,,,,,,,,,,,,
30618_2161b58b,30618,-2.705,2.713,0,False,5.565,8.27,0,0.2886,False,,,,,,,,,,,,,,,,,,,,,,,,,,,,,,,,
30618_2255aade,30618,-2.646,2.651,0,False,12.85,15.49,0,0,False,,,,,,,,,,,,,,,,,,,,,,,,,,,,,,,,
30618_2d2fa7be,30618,-2.713,2.724,0,False,7.398,10.11,0,0,False,,,,,,,,,,,,,,,,,,,,,,,,,,,,,,,,
30618_2f2f1175,30618,-2.666,2.674,0,False,21.64,24.3,0,0,False,,,,,,,,,,,,,,,,,,,,,,,,,,,,,,,,
30618_3ba2326f,30618,-2.657,2.667,0,False,5.346,8.004,0,0.3777,False,,,,,,,,,,,,,,,,,,,,,,,,,,,,,,,,
30618_3e012faf,30618,-2.887,2.89,0,False,5.122,8.01,0,0.4602,False,,,,,,,,,,,,,,,,,,,,,,,,,,,,,,,,
30618_4e1e3181,30618,-2.889,2.897,0,False,13.52,16.4,0,0,False,,,,,,,,,,,,,,,,,,,,,,,,,,,,,,,,
30618_6236f680,30618,-2.785,2.796,0,False,7.512,10.3,0,0,False,,,,,,,,,,,,,,,,,,,,,,,,,,,,,,,,
30618_79b204dc,30618,-2.862,2.872,0,False,6.853,9.715,0,0,False,,,,,,,,,,,,,,,,,,,,,,,,,,,,,,,,
30618_7a152380,30618,-2.467,2.475,0,False,5.135,7.602,0,0.4629,False,,,,,,,,,,,,,,,,,,,,,,,,,,,,,,,,
30618_81c22fee,30618,-2.603,2.611,0,False,5.935,8.538,0,0.2314,False,,,,,,,,,,,,,,,,,,,,,,,,,,,,,,,,
30618_9bbe6faa,30618,-2.884,2.891,0,False,6.033,8.918,0,0.1995,False,,,,,,,,,,,,,,,,,,,,,,,,,,,,,,,,
30639_e4379d7f,30639,-6.247,6.247,0,False,4.191,10.44,0,1.002,False,,,,,,,,,,,,,,,,,,,,,,,,,,,,,,,,
