bag,split,vehicle,dur_s,k_front,k_dist_all,scale_dev_pct,n_slip,n_slide,n_lock,n_stuck_zero,max_abs_err_ms,n_wheel_gaps_gt1s,max_wheel_gap_s,n_both_sensor_gaps_gt0p5,n_stamp_nonmono,n_recorder_clock_steps,n_negative,n_frozen,gnss_hdr_clock_excursion_s,gnss_exact_zero_msgs,gnss_gap_time_s,frac_acc_without_traction,n_acc_notrac_segments,monitor_flag_runs,monitor_flag_runs_gt0p5s,tags
30639_d601d28f,train,30639,1004.4,3.6589,3.6559,1.637,0,0,0,0,0.0,0,0.0,0,0,0,0,0,0.0,3,168.8,0.0019,0.0,0,0,SCALE_OFF
30639_3b3d9eb8,val,30639,1215.5,3.6402,3.6366,1.1,0,0,1,1,1.44,2,73.5,0,0,0,0,1,244.3,0,3.4,0.0017,0.0,4,1,SLIP/SLIDE SENSOR_DROPOUT GNSS_CLOCK SCALE_OFF
30639_c31df386,train,30639,1357.1,3.6352,3.6326,0.99,0,0,0,1,0.48,1,19.8,0,0,0,0,0,0.4,3,140.1,0.0063,0.0,2,1,SENSOR_DROPOUT SCALE_OFF
30639_dce52be4,train,30639,1144.1,3.6316,3.63,0.918,0,0,0,0,0.0,0,0.0,0,0,0,0,0,0.0,65,37.7,0.0008,0.0,0,0,GNSS_ZEROS SCALE_OFF
30639_92226df0,train,30639,1213.3,3.6334,3.6305,0.932,0,0,0,0,0.0,0,0.5,0,0,0,0,0,0.0,45,114.0,0.0002,0.0,0,0,GNSS_ZEROS SCALE_OFF
30639_e4379d7f,no_gnss_long,30639,1431.9,,,,0,0,0,0,0.0,0,0.0,0,0,0,0,0,3.7,0,12.4,0.0012,0.0,1,1,NOGNSS_CANDIDATES
30639_9c362687,val,30639,1354.6,3.6258,3.6231,0.725,0,0,0,0,0.0,0,0.4,0,3,1,6,0,22.3,5,0.6,0.004,1.0,1,0,STAMP_ISSUES GNSS_CLOCK SCALE_OFF ROLLBACK
30639_253671cc,train,30639,1078.1,3.6221,3.6205,0.654,0,0,0,0,0.0,0,0.4,0,0,0,0,0,0.0,0,0.0,0.0013,0.0,0,0,SCALE_OFF
30639_44226bde,train,30639,1079.2,3.6224,3.6196,0.628,0,0,0,1,0.51,1,16.7,0,0,0,0,0,0.0,0,0.0,0.0003,0.0,2,1,SENSOR_DROPOUT SCALE_OFF
30639_d3c43d69,train,30639,1095.6,3.6177,3.6169,0.552,0,0,0,0,0.0,0,0.0,0,0,0,0,0,0.0,7,13.5,0.0006,0.0,0,0,SCALE_OFF
30618_e3d94878,val,30618,1168.4,3.6013,3.5994,0.067,0,0,0,0,0.0,0,0.4,0,0,0,0,0,0.0,8,14.1,0.0252,1.0,0,0,
30618_b83d854d,train,30618,1202.9,3.6006,3.599,0.057,0,0,0,0,0.0,0,0.0,0,0,0,0,0,0.0,7,13.0,0.0015,0.0,1,0,
30618_b8044aa0,train,30618,1272.0,3.6019,3.5998,0.079,0,0,0,0,0.0,0,0.0,0,0,0,0,0,0.0,4,35.2,0.0002,0.0,2,0,
30618_76e1f9c7,train,30618,1295.5,3.5998,3.5979,0.025,0,0,0,0,0.0,0,0.0,0,0,0,0,0,0.0,5,29.9,0.0006,0.0,0,0,
30618_2f104a1d,val,30618,1248.4,3.6013,3.5991,0.058,0,0,0,0,0.0,0,0.0,0,0,0,0,0,0.0,8,13.6,0.0,0.0,0,0,
30618_2dbce472,train,30618,1369.3,3.5991,3.5972,0.005,0,0,0,0,0.0,0,0.0,0,0,0,0,0,0.0,33,34.1,0.0005,0.0,0,0,GNSS_ZEROS
30618_b15eafc3,train,30618,1255.2,3.6015,3.5995,0.071,0,0,0,0,0.0,0,0.0,0,0,0,0,0,0.0,0,4.8,0.0,0.0,0,0,
30618_68d1748a,train,30618,1256.6,3.599,3.5964,-0.017,0,2,0,0,2.53,0,0.0,0,0,0,0,0,0.0,182,22.4,0.0003,0.0,2,2,SLIP/SLIDE GNSS_ZEROS
30618_b95ca60a,val,30618,1085.8,3.6016,3.5995,0.071,0,0,0,0,0.0,0,0.0,0,0,0,0,0,0.0,2,11.6,0.0,0.0,0,0,
30618_095a115b,train,30618,1321.7,3.6006,3.5986,0.044,1,1,0,0,0.4,0,0.0,0,0,0,0,0,0.0,0,42.6,0.0001,0.0,2,0,
30618_7b4d83f4,train,30618,1156.8,3.6013,3.5995,0.068,0,0,0,0,0.0,0,0.0,0,0,0,0,0,3.4,3,14.6,0.0,0.0,0,0,
30618_87afe526,train,30618,1215.7,3.6003,3.5987,0.046,0,0,0,0,0.0,0,0.0,0,0,0,0,0,0.0,9,5.8,0.0122,1.0,0,0,
30618_0f120b35,val,30618,1318.0,3.6012,3.5992,0.062,0,0,0,0,0.0,0,0.0,0,0,0,0,0,0.0,11,6.4,0.0,0.0,0,0,
30618_0e41eac3,train,30618,1322.7,3.5995,3.5964,-0.017,0,0,0,0,0.0,0,0.0,0,0,0,0,0,3.5,6,18.6,0.0002,0.0,1,0,
30618_68847170,train,30618,1210.7,3.6005,3.5987,0.047,0,0,0,0,0.0,0,0.0,0,0,0,0,0,0.0,4,14.8,0.0,0.0,0,0,
30618_49fe4c54,train,30618,1379.9,3.5995,3.5966,-0.01,0,0,0,0,0.0,0,0.0,0,0,0,0,0,8.5,2,24.0,0.0106,1.0,0,0,GNSS_CLOCK
30618_bc5e53c2,short,30618,26.3,,,,0,0,0,0,0.0,0,0.0,0,0,0,0,0,0.1,0,0.0,,,0,0,
30618_0d865417,short,30618,11.8,,,,0,0,0,0,0.0,0,0.0,0,0,0,0,0,0.0,0,0.0,,,0,0,
30618_f19a4ac3,val,30618,1194.1,3.6009,3.5986,0.044,0,0,0,0,0.0,0,0.0,0,0,0,0,0,0.0,5,21.5,0.0004,0.0,0,0,
30618_ab5921a4,train,30618,1151.5,3.5978,3.5954,-0.046,0,0,0,0,0.0,0,0.0,0,0,0,0,0,0.0,1,15.8,0.0002,0.0,1,0,
30618_073f08d1,train,30618,1271.8,3.5996,3.5973,0.008,0,0,0,0,0.0,0,0.0,0,0,0,0,0,0.0,6,30.4,0.0057,0.0,0,0,
30618_0652866c,train,30618,1460.4,3.5971,3.594,-0.082,0,0,0,0,0.0,0,0.9,1,0,0,0,0,0.0,23,44.7,0.0079,1.0,0,0,BOTH_SENSOR_GAP
30618_1551d0a9,short,30618,1.2,,,,0,0,0,0,0.0,0,0.0,0,0,0,0,0,0.0,0,0.0,,,0,0,
30618_22c1c589,val,30618,1152.1,3.5992,3.5975,0.013,0,0,0,0,0.0,0,0.0,0,0,0,0,0,0.0,7,10.6,0.0,0.0,0,0,
30618_9c09b081,train,30618,1328.5,3.5968,3.5942,-0.079,0,0,0,0,0.0,0,0.0,0,0,0,0,0,0.0,5,21.1,0.0002,0.0,1,0,
30618_e2dcf65f,train,30618,1092.5,3.5992,3.5978,0.022,0,0,0,0,0.0,0,0.0,0,0,0,0,0,0.0,4,10.6,0.0004,0.0,0,0,
30618_28538acf,train,30618,1287.7,3.5963,3.5948,-0.061,0,0,0,0,0.0,0,0.0,0,0,0,0,0,36.4,13,22.0,0.0079,0.0,3,0,GNSS_CLOCK
30618_616ec56b,val,30618,1239.7,3.5974,3.5967,-0.008,0,0,0,0,0.0,0,0.0,0,0,0,0,0,0.0,6,31.2,0.0081,1.0,3,1,
30618_8158f0b0,train,30618,1181.3,3.5964,3.5941,-0.081,0,0,0,0,0.0,0,0.0,0,0,0,0,0,0.0,3,5.8,0.0002,0.0,0,0,
30618_79b204dc,no_gnss_long,30618,1061.5,,,,0,0,0,0,0.0,0,0.0,0,0,0,0,0,,0,,0.0009,0.0,1,0,
30618_2161b58b,no_gnss_long,30618,1069.8,,,,0,0,0,0,0.0,0,0.0,0,0,0,0,0,,0,,0.0004,0.0,1,0,
30618_4e1e3181,no_gnss_long,30618,1269.3,,,,0,0,0,0,0.0,0,0.0,0,0,0,0,0,,0,,0.0004,0.0,0,0,
30618_2255aade,no_gnss_long,30618,1254.1,,,,0,0,0,0,0.0,0,0.0,0,30,9,0,0,,0,,0.0105,1.0,1,0,STAMP_ISSUES
30618_20096314,no_gnss_long,30618,1187.4,,,,0,0,0,0,0.0,0,0.0,0,0,0,0,0,,0,,0.0088,1.0,1,0,
30618_7a152380,no_gnss_long,30618,1253.2,,,,0,0,0,0,0.0,0,0.0,0,0,0,0,0,,0,,0.0065,1.0,0,0,
30618_2d2fa7be,no_gnss_long,30618,1198.4,,,,0,0,0,0,0.0,0,0.0,0,0,0,0,0,,0,,0.0057,1.0,0,0,
30618_2f2f1175,no_gnss_long,30618,1168.5,,,,0,0,0,0,0.0,0,0.0,0,0,0,0,0,,0,,0.006,1.0,2,0,
30618_5036aa78,short,30618,98.8,,,,0,0,0,0,0.0,0,0.0,0,0,0,0,0,,0,,,,0,0,
30618_e151d6e4,short,30618,37.7,,,,0,0,0,0,0.0,0,0.0,0,0,0,0,0,,0,,,,0,0,
30618_117c2d02,no_gnss_long,30618,1202.4,,,,0,0,0,0,0.0,0,0.9,1,0,0,0,0,,0,,0.0202,3.0,3,1,BOTH_SENSOR_GAP HANDLE_INCONSISTENT NOGNSS_CANDIDATES
30618_74559c73,short,30618,95.3,,,,0,0,0,0,0.0,0,0.0,0,0,0,0,0,,0,,,,0,0,
30618_3e012faf,no_gnss_long,30618,1018.8,,,,0,0,0,0,0.0,0,0.0,0,0,0,11,0,,0,,0.0028,0.0,0,0,ROLLBACK
30618_0a83c933,no_gnss_long,30618,1095.6,,,,0,0,0,0,0.0,0,0.0,0,0,0,0,0,,0,,0.0054,1.0,1,0,
30618_81c22fee,no_gnss_long,30618,1181.4,,,,0,0,0,0,0.0,0,0.0,0,0,0,0,0,,0,,0.0025,0.0,0,0,
30618_9bbe6faa,no_gnss_long,30618,1218.5,,,,0,0,0,0,0.0,0,0.0,0,0,0,0,0,,0,,0.0083,1.0,0,0,
30618_0259fe53,no_gnss_long,30618,1228.3,,,,0,0,0,0,0.0,0,0.0,0,0,0,0,0,,0,,0.0134,2.0,0,0,HANDLE_INCONSISTENT
30618_6236f680,no_gnss_long,30618,1272.6,,,,0,0,0,0,0.0,0,0.0,0,0,0,0,0,,0,,0.0051,1.0,1,0,
30618_3ba2326f,no_gnss_long,30618,1275.9,,,,0,0,0,0,0.0,0,0.0,0,0,0,0,0,,0,,0.0129,2.0,1,0,HANDLE_INCONSISTENT
30618_21dd3af3,train,30618,1074.3,3.5975,3.5956,-0.039,0,0,0,0,0.0,0,0.0,0,0,0,0,0,0.0,2,19.8,0.0202,3.0,1,0,HANDLE_INCONSISTENT
30618_4d487b0d,train,30618,1072.6,3.5955,3.5941,-0.081,0,0,0,0,0.0,0,0.0,0,0,0,0,0,22.5,315,41.2,0.0347,4.0,0,0,GNSS_CLOCK GNSS_ZEROS HANDLE_INCONSISTENT
30618_6cb3280a,val,30618,1224.1,3.597,3.5956,-0.039,0,0,0,0,0.0,0,0.0,0,0,0,0,0,0.0,3,39.1,0.0085,1.0,0,0,
30618_3b36e5cd,train,30618,1255.3,3.5965,3.5955,-0.041,0,0,0,0,0.0,0,0.0,0,0,0,0,0,0.0,4,32.0,0.0118,2.0,0,0,HANDLE_INCONSISTENT
30618_748832b9,train,30618,1111.5,3.5974,3.5957,-0.037,0,0,0,0,0.0,0,0.0,0,0,0,0,0,25.4,1,5.2,0.0081,1.0,0,0,GNSS_CLOCK
30618_1cc230fa,train,30618,1311.3,3.5958,3.595,-0.057,0,0,0,0,0.0,0,0.4,0,0,0,0,0,4.9,4,31.6,0.0053,1.0,0,0,
30618_98161270,short,30618,38.6,,,,0,0,0,0,0.0,0,0.0,0,0,0,0,0,0.0,1,0.6,,,0,0,
30618_45ff6f99,short,30618,13.1,,,,0,0,0,0,0.0,0,0.0,0,0,0,0,0,0.0,1,0.0,,,0,0,
30618_bab2fe58,short,30618,53.5,3.5952,3.5974,0.012,0,0,0,0,0.0,0,0.0,0,0,0,0,0,0.0,0,0.0,,,0,0,
30618_2366c74a,val,30618,1080.6,3.5971,3.5955,-0.041,0,0,0,0,0.0,0,0.0,0,0,0,0,0,24.4,4,12.5,0.0138,2.0,0,0,GNSS_CLOCK HANDLE_INCONSISTENT
30618_40ffd323,train,30618,1277.8,3.5955,3.5948,-0.062,0,0,0,0,0.0,0,0.0,0,32,11,0,0,125.2,3,13.3,0.0003,0.0,6,0,STAMP_ISSUES GNSS_CLOCK
30618_2cb9ce37,train,30618,745.8,3.5973,3.5952,-0.049,0,0,0,0,0.0,0,0.0,0,0,0,0,0,0.2,1,4.8,0.0086,1.0,0,0,
30618_af7496f0,train,30618,262.9,3.5927,3.5951,-0.052,0,0,0,0,0.0,0,0.0,0,0,0,0,0,39.9,0,0.0,,,0,0,GNSS_CLOCK
30639_d927f360,val,30639,1094.2,3.5911,3.5893,-0.215,0,0,0,2,0.49,2,25.6,0,0,0,0,0,0.2,7,139.8,0.0079,1.0,4,0,SENSOR_DROPOUT
30618_437e855c,train,30618,1147.8,3.595,3.5939,-0.086,0,0,0,0,0.0,0,0.0,0,0,0,0,0,0.3,10,43.7,0.0007,0.0,0,0,
30639_584b6e32,train,30639,1138.0,3.588,3.586,-0.306,0,0,0,1,0.45,1,16.3,0,0,0,0,0,0.0,3,185.3,0.0008,0.0,2,1,SENSOR_DROPOUT
30618_d4ba7005,train,30618,1158.3,3.598,3.5964,-0.017,0,0,0,0,0.0,0,0.0,0,0,0,0,0,0.0,2,4.0,0.0052,0.0,0,0,
30639_2b4a6347,val,30639,1108.8,3.5896,3.5886,-0.234,0,0,0,0,0.0,0,0.0,0,0,0,0,0,0.0,2,74.8,0.009,1.0,0,0,
30618_dd8e6395,train,30618,1226.4,3.5959,3.595,-0.054,0,0,0,0,0.0,0,0.0,0,0,0,0,0,0.2,11,9.1,0.0004,0.0,0,0,
30639_4285f2bc,train,30639,1303.0,3.588,3.5862,-0.299,0,0,0,1,0.32,1,47.1,0,0,0,0,0,0.0,10,139.5,0.0339,4.0,1,1,SENSOR_DROPOUT HANDLE_INCONSISTENT
30618_e9a34502,train,30618,1201.4,3.5982,3.5966,-0.01,0,0,0,0,0.0,0,0.0,0,0,0,0,0,0.3,16,13.6,0.014,2.0,1,0,HANDLE_INCONSISTENT
30618_01f73500,val,30618,1211.9,3.5966,3.5944,-0.071,0,0,0,0,0.0,0,0.0,0,0,0,0,0,0.3,4,17.9,0.0004,0.0,0,0,
30639_0ab96c59,short,30639,79.7,,,,0,0,0,0,0.0,0,0.8,1,0,0,0,0,0.2,4,0.0,,,0,0,BOTH_SENSOR_GAP
30639_9f0b519f,train,30639,1028.4,3.5893,3.5875,-0.265,0,0,0,1,0.44,1,5.8,0,0,0,0,0,0.2,1,37.6,0.0011,0.0,2,0,SENSOR_DROPOUT
30618_33bec73f,train,30618,1177.5,3.5982,3.5977,0.019,4,0,0,0,3.01,0,0.0,0,0,0,0,0,0.4,5,4.9,0.0068,1.0,4,4,SLIP/SLIDE
30639_50956d6e,train,30639,1102.5,3.5862,3.5856,-0.317,3,0,2,0,3.28,0,0.0,0,0,0,0,0,0.0,16,118.4,0.0008,0.0,5,4,SLIP/SLIDE
30618_dd8d0741,val,30618,1265.5,3.5972,3.5956,-0.038,0,0,0,0,0.0,0,0.0,0,0,0,0,0,0.3,15,23.6,0.0004,0.0,0,0,
30639_927002c2,train,30639,1142.2,3.5863,3.5854,-0.323,0,1,0,2,0.39,2,20.5,0,0,0,0,0,0.2,2,56.1,0.0078,1.0,4,1,SENSOR_DROPOUT
30618_2050d396,train,30618,1340.7,3.5978,3.5947,-0.064,0,4,0,0,4.29,0,0.0,0,0,0,0,0,0.4,12,7.6,0.0093,1.0,4,4,SLIP/SLIDE
30639_0be558e2,train,30639,1289.1,3.5862,3.585,-0.333,0,0,0,0,0.0,0,0.0,0,0,0,0,0,0.3,2,168.3,0.0087,1.0,0,0,
30618_a53d5f6f,val,30618,1210.2,3.5973,3.5958,-0.032,0,0,0,0,0.0,0,0.0,0,0,0,0,0,0.3,3,22.3,0.0003,0.0,0,0,
30618_67b89902,train,30618,983.2,3.5982,3.5974,0.012,0,0,0,0,0.0,0,0.0,0,0,0,0,0,0.3,1,2.4,0.0,0.0,0,0,
30618_3e9f4952,train,30618,1320.5,3.5972,3.5958,-0.032,0,0,0,0,0.0,0,0.0,0,0,0,0,0,0.0,9,22.4,0.0002,0.0,0,0,
30618_082f1d65,short,30618,20.5,,,,0,0,0,0,0.0,0,0.0,0,0,0,0,0,0.3,0,0.0,,,0,0,
30618_a869780d,train,30618,1083.6,3.5982,3.5976,0.016,0,0,0,0,0.0,0,0.0,0,0,0,0,0,0.3,1,14.9,0.0003,0.0,0,0,
30618_defd0170,val,30618,1044.8,3.5454,3.5423,-1.521,0,0,0,0,0.0,0,0.0,0,0,0,0,0,0.3,5,6.8,0.0085,0.0,1,0,SCALE_OFF
30618_0686195f,train,30618,1179.1,3.5499,3.5476,-1.374,0,0,0,0,0.0,0,0.0,0,0,0,0,0,8.1,8,3.4,0.0,0.0,1,0,GNSS_CLOCK SCALE_OFF
30618_88548b02,train,30618,1253.2,3.5793,3.5755,-0.597,0,0,0,0,0.0,0,0.0,0,0,0,0,0,0.3,5,5.1,0.0,0.0,1,0,SCALE_OFF
30618_27e994fc,train,30618,1897.4,3.5789,3.5718,-0.7,0,0,0,0,0.0,0,1.0,1,0,0,0,0,47.5,29,26.1,0.0135,1.0,2,0,BOTH_SENSOR_GAP GNSS_CLOCK SCALE_OFF
