sensor,k_lo,k_hi,kappa_mean,n,e_rel_median,e_rel_mean,v_mean
front,-0.06,-0.04,-0.04779698175705917,695,-0.005434103363600194,-0.007973178460362851,4.105020336307276
front,-0.04,-0.03,-0.03441436001327544,1640,-0.010951734537467082,-0.011435119684547508,3.5605428421070617
front,-0.03,-0.02,-0.02432677070355895,5780,-0.009028526756498727,-0.009636935117253281,3.528215082083402
front,-0.02,-0.015,-0.01779218738673505,2802,-0.00924146613804168,-0.009264556603721098,3.4919061934494384
front,-0.015,-0.01,-0.012373557036389848,1630,-0.006980978583257967,-0.007341086511741,3.4027483921771022
front,-0.01,-0.006,-0.007513344875743045,6063,-0.0032472261093442856,-0.0039060785454211044,5.4164582701515025
front,-0.006,-0.003,-0.004197613240932122,15436,-0.0017300842938834454,-0.0019853068461886695,6.539992288162229
front,-0.003,-0.001,-0.0018527378110848609,22364,-0.0003849341216509166,-0.0006997717154090009,6.881984380147839
front,-0.001,0.001,2.5187268342901086e-06,99788,-8.6142122830666e-05,-0.00017667064151850162,8.988933880741362
front,0.001,0.003,0.0018416454312572192,23137,-0.00031702388284002124,-0.000772718221135509,6.792623860953156
front,0.003,0.006,0.004187790854039684,14678,-0.001288105747085507,-0.001991453738057189,6.118120821013739
front,0.006,0.01,0.007507895343783874,5120,-0.002631787470070465,-0.003475725733449777,4.713564344252363
front,0.01,0.015,0.012402535213686823,2149,-0.005331511102691331,-0.0062407981275992815,3.3599796788466954
front,0.015,0.02,0.017732168631044567,2991,-0.009918119586390687,-0.010511131142217441,3.280665792280862
front,0.02,0.03,0.024695114748434915,4858,-0.007388189148113131,-0.008974921017499117,3.1431642221676483
front,0.03,0.04,0.03545308243649375,6141,-0.008275752495265899,-0.0092610162664543,3.1396643316640884
front,0.04,0.06,0.046073377586573754,3556,-0.007322083867678661,-0.008568151360844234,3.3064691978886174
rear,-0.06,-0.04,-0.04779698175705917,695,-0.013329730624079772,-0.013576530626022178,4.105020336307276
rear,-0.04,-0.03,-0.03442277721255848,1636,-0.010874913384751389,-0.011137236707565345,3.5628661779399255
rear,-0.03,-0.02,-0.024321680824539855,5686,-0.01135228420699273,-0.011129217204129762,3.534899008197203
rear,-0.02,-0.015,-0.017789524447708465,2792,-0.008988552425557614,-0.009133936474664353,3.4929124720380336
rear,-0.015,-0.01,-0.012377282048395019,1621,-0.006876937285071367,-0.007342370471096297,3.4069061078522007
rear,-0.01,-0.006,-0.0075135572425013225,6060,-0.0038384006147231735,-0.00409664409800613,5.4178474289733645
rear,-0.006,-0.003,-0.0041974035917809885,15409,-0.0023211013246074367,-0.0022671214274586865,6.542853887714684
rear,-0.003,-0.001,-0.0018541786182191195,22254,-0.00039651461971467914,-0.0005703660625009072,6.882590823065118
rear,-0.001,0.001,2.454089487013635e-06,99417,-0.00012701292795870873,-0.00015605493914728298,8.993575910234235
rear,0.001,0.003,0.0018426786181870512,22987,-0.0002587275089693388,-0.0005713985198733284,6.790002231907509
rear,0.003,0.006,0.004189635264345737,14640,-0.0011462451203876375,-0.0015629008660494328,6.11542202443451
rear,0.006,0.01,0.007504562821288231,5089,-0.0025296219241267705,-0.003267529280680103,4.711577340566507
rear,0.01,0.015,0.012407604681082663,2122,-0.005302301327762994,-0.0062362894206317,3.358227049199299
rear,0.015,0.02,0.017731835937654362,2964,-0.011350709677423453,-0.011486236872544584,3.2839303270589837
rear,0.02,0.03,0.02468948533845458,4815,-0.011259232504878635,-0.011623323919800843,3.1450882798623456
rear,0.03,0.04,0.035452682805423845,5974,-0.010607621995573316,-0.01099829352265471,3.1393417671875623
rear,0.04,0.06,0.0460829436727069,3473,-0.0025351635332070913,-0.003625722029942146,3.3073785270928986
