bag,sensor,t_start,dur,n,classes,kinds,v_min,v_max,notch,v_hat,gnss_episode
30639_3b3d9eb8,rear,370.3024551868439,1.896052932739258,18,frozen/stuck_zero,frozen/stuck_zero,0.0,1.3202260198973006,0,1.3265653588506578,rear:lock
30639_3b3d9eb8,front,416.3978898525238,0.31609258651733396,3,fr/gate,slip,0.21308896147688083,0.3030892708318845,3,0.0,rear:stuck_zero
30639_3b3d9eb8,rear,416.69790506362915,0.49998674392700193,5,stuck_zero,stuck_zero,0.0,0.0,4,0.0,rear:stuck_zero
30639_3b3d9eb8,front,580.103905916214,0.1,1,rate,slide,4.36863714410777,4.36863714410777,-2,5.045416739962452,
30639_c31df386,rear,8.968338966369629,0.38992915153503416,4,fr,slip,0.2078412749670728,0.30977618991731554,3,0.0,front:stuck_zero
30639_c31df386,front,9.258268117904663,0.6000572204589844,6,stuck_zero,stuck_zero,0.0,0.0,3,0.0,front:stuck_zero
30639_e4379d7f,rear,1147.234744310379,0.8900137901306152,7,fr/gate/rate,slide,7.218872867824967,8.720024115249851,-15,9.143714279077237,
30639_9c362687,rear,1332.6674175262451,0.1,1,stamp,stamp,3.3563525564837953,3.3563525564837953,-1,3.553217665105323,
30639_44226bde,front,4.030201435089111,0.4860213756561279,5,fr/gate,slip,0.222204259799748,0.3505008068089766,3,0.0,rear:stuck_zero
30639_44226bde,rear,4.416222810745239,0.5020178318023681,3,stuck_zero,stuck_zero,0.0,0.0,3,0.0,rear:stuck_zero
30618_b83d854d,rear,137.90588974952698,0.1,1,fr,slip,1.8638604932294187,1.8638604932294187,10,1.5963109036700884,
30618_b8044aa0,rear,164.75551462173462,0.1,1,fr,slip,1.767444592262377,1.767444592262377,9,1.5094708712701317,
30618_b8044aa0,rear,300.1397168636322,0.1,1,fr,slip,1.1627047312471468,1.1627047312471468,8,0.919751570011771,
30618_68d1748a,rear,991.6557066440582,1.7130828857421876,16,gate/rate,slide/underspeed,4.838422816018023,7.133400204527154,-6,7.956677899912328,front:slide;rear:slide
30618_68d1748a,front,992.0711145401001,1.1996975898742677,10,gate/rate,slide/underspeed,5.600179504518308,7.0828154553818425,-5,7.34390841881337,front:slide;rear:slide
30618_095a115b,rear,888.4011256694794,0.1999734401702881,2,fr,slip,3.8266241393659604,3.9641474312462806,11,3.465540342471965,rear:slip
30618_095a115b,rear,889.3068873882294,0.4199059963226318,4,fr,slip,4.618385471713954,4.7999695161011315,12,4.15784952391694,rear:slip
30618_0e41eac3,rear,1236.2338044643402,0.1,1,fr,slide,0.957540560036745,0.957540560036745,-14,1.2242095676883742,
30618_ab5921a4,rear,699.8373107910156,0.1,1,fr,slide,0.7893785343307671,0.7893785343307671,-14,1.019687812996407,
30618_9c09b081,rear,46.47723650932312,0.1,1,fr,slide,0.8480980692787641,0.8480980692787641,-13,1.0809711999098695,
30618_28538acf,front,167.41233801841736,0.2419658660888672,2,rate,slip,10.904939745105317,10.994182905836816,14,10.188025189525343,
30618_28538acf,rear,167.41233801841736,0.2419658660888672,2,rate,slip,10.87996228077069,10.98415281453065,14,10.188025189525343,
30618_28538acf,rear,860.8854510784149,0.1,1,fr,slide,1.2423304844279293,1.2423304844279293,-12,1.5033435997028564,
30618_616ec56b,rear,1018.1781530380249,1.115986442565918,8,rate,slide/underspeed,3.354667482573436,7.513280424544882,2,7.96270193298247,
30618_616ec56b,front,1018.6640148162842,0.1,1,rate,slide,5.123825490226993,5.123825490226993,0,5.5885383243760955,
30618_616ec56b,front,1019.9676630496979,0.1,1,fr,slide,1.541941293371494,1.541941293371494,0,1.810903374754095,
30618_79b204dc,rear,80.5444815158844,0.1,1,fr,slip,1.582764770575686,1.582764770575686,9,1.3147205122649952,
30618_2161b58b,rear,753.2016084194183,0.1,1,fr,slip,1.766424494582413,1.766424494582413,9,1.5087375582540437,
30618_2255aade,rear,196.84663200378418,0.1,1,rate,slide,0.19893688992523373,0.19893688992523373,-9,1.321795518974281,
30618_20096314,rear,108.22721362113953,0.1,1,fr,slide,0.598169944005971,0.598169944005971,-13,0.8493103449431465,
30618_2f2f1175,front,816.1863503456116,0.1,1,fr,slide,0.43003354299257357,0.43003354299257357,-14,0.7192801859168698,
30618_2f2f1175,rear,1013.3874363899231,0.1,1,fr,slide,0.8264673660952813,0.8264673660952813,-13,1.0572661616452907,
30618_117c2d02,rear,84.15921092033386,0.1,1,fr,overspeed,4.353771681649041,4.353771681649041,-8,4.035646795464251,
30618_117c2d02,rear,96.87168407440186,2.2834111213684083,23,fr/gate/rate,slide,0.1548719730912761,3.7836825678605055,-8,4.257505855395921,
30618_117c2d02,rear,736.0957627296448,0.1,1,fr,slide,0.5767309635852753,0.5767309635852753,-14,0.8425519703029095,
30618_0a83c933,front,62.67165780067444,0.32593164443969724,2,fr,overspeed/slip,2.05282811028844,2.2432005402111894,-2,1.907805982880835,
30618_6236f680,rear,1197.7891266345978,0.1,1,fr,slide,1.0358814004066093,1.0358814004066093,-13,1.301016382021741,
30618_3ba2326f,rear,279.3540267944336,0.1,1,fr,slide,1.0358221437455815,1.0358221437455815,-12,1.3002554575602214,
30618_21dd3af3,rear,118.12832140922546,0.1,1,fr,slide,0.4524759260963822,0.4524759260963822,-14,0.6890694003545832,
30618_40ffd323,rear,83.03408694267273,0.1,1,stamp,stamp,3.9593255584781892,3.9593255584781892,-1,3.9593255584781892,
30618_40ffd323,front,83.93005800247192,0.1,1,gate,slide,3.4953928032834702,3.4953928032834702,-6,3.9593255584781892,
30618_40ffd323,rear,84.77223014831543,0.1,1,rate,overspeed,2.766854403361457,2.766854403361457,-7,1.8147465613027318,
30618_40ffd323,rear,86.12376189231873,0.1,1,rate,slide,1.466219061088151,1.466219061088151,-12,1.631183237467725,
30618_40ffd323,rear,155.43095231056213,0.1,1,fr,slide,1.2071602858137342,1.2071602858137342,-13,1.504811875053022,
30618_40ffd323,rear,507.04106402397156,0.1,1,rate,slide,11.331853530706569,11.331853530706569,-7,12.29572423049604,
30639_d927f360,front,276.0117509365082,0.3880151271820068,4,fr,slip,0.23105249269326064,0.33931708566545427,4,0.0,rear:stuck_zero
30639_d927f360,rear,276.2997660636902,0.4139848709106445,4,stuck_zero,stuck_zero,0.0,0.0,4,0.0,rear:stuck_zero
30639_d927f360,front,1058.9355099201202,0.2219322681427002,2,fr,slip,0.27065632053850136,0.31950650773121025,0,0.09638005868304433,rear:stuck_zero
30639_d927f360,rear,1059.057442188263,0.18204340934753419,2,stuck_zero,stuck_zero,0.0,0.0,0,0.0,rear:stuck_zero
30639_584b6e32,front,1084.2256729602814,0.5919924736022949,6,fr,slip,0.20877093780454298,0.3342977534083556,3,0.0,rear:stuck_zero
30639_584b6e32,rear,1084.7176654338837,0.39600095748901365,3,stuck_zero,stuck_zero,0.0,0.0,4,0.0,rear:stuck_zero
30639_4285f2bc,rear,6.044773101806641,0.9059861660003662,8,fr/stuck_zero,stuck_zero/underspeed,0.0,0.0,3,0.2219847494407502,rear:stuck_zero
30618_e9a34502,front,930.9579584598541,0.1,1,fr,slide,0.15302019050909588,0.15302019050909588,-14,0.376425915923016,
30639_9f0b519f,front,505.7278130054474,0.37798128128051756,4,fr,slip,0.21261518181172723,0.3393919404128574,4,0.0,rear:stuck_zero
30639_9f0b519f,rear,506.0057942867279,0.29802284240722654,3,stuck_zero,stuck_zero,0.0,0.0,4,0.0,rear:stuck_zero
30618_33bec73f,rear,101.06784415245056,1.5975869655609132,16,gate/rate,overspeed/slide/slip,3.499967607910681,6.520908307239275,8,3.4783173279602266,front:slip;front:slip;rear:slip
30618_33bec73f,front,101.37778496742249,1.131691312789917,10,gate/rate,overspeed/slide/slip,3.6699309943984377,5.248080899174831,5,3.8149717051074967,front:slip;rear:slip
30618_33bec73f,rear,103.66914296150208,1.8035057544708253,18,gate/rate,overspeed/slide/slip,3.7161305470369554,6.39147763244085,7,3.7471084597942093,front:slip;rear:slip
30618_33bec73f,rear,106.88623094558716,2.199404811859131,22,fr/gate/rate,overspeed/slip,4.199160605521024,7.346863743089742,6,3.869528088732172,rear:slip
30639_50956d6e,rear,77.07501983642578,2.369962787628174,24,fr/gate/rate,slip,4.596457034876343,7.9757382698646015,11,4.210050940788485,rear:slip
30639_50956d6e,front,94.84284567832947,1.901926374435425,19,gate/rate,slip,8.348767369790863,11.667137976962904,14,7.753713025012232,front:slip
30639_50956d6e,front,1025.717137336731,1.2819951534271241,13,fr/gate,slip,1.853416599746578,2.939309880528199,6,1.5633803652086118,front:slip
30639_50956d6e,rear,1036.899008989334,0.5000205993652344,5,fr/rate,slide,0.46386014194844455,1.695534287394783,-13,2.0334742209941465,front:lock;rear:lock
30639_50956d6e,front,1037.2009918689728,0.1980377197265625,2,rate,slide,0.6644822085317582,0.9181215683713004,-13,1.200823675958106,front:lock;rear:lock
30639_927002c2,rear,243.90622091293335,0.6040030479431152,5,fr/stuck_zero,stuck_zero/underspeed,0.0,0.0,4,0.22190778605260233,rear:stuck_zero
30639_927002c2,rear,861.4545211791992,0.1,1,fr,slide,0.0,0.0,-5,0.21000593362201253,
30639_927002c2,front,915.7678964138031,0.389952278137207,4,fr,slip,0.22453465186456026,0.3130277236690734,3,0.0,rear:stuck_zero
30639_927002c2,rear,916.0578486919403,0.4140406608581543,4,stuck_zero,stuck_zero,0.0,0.0,4,0.0,rear:stuck_zero
30618_2050d396,rear,397.4050476551056,2.0314730167388917,18,fr/gate/rate,overspeed/slide,6.702268179050925,9.12138258573378,-5,9.63688394575809,rear:slide
30618_2050d396,rear,400.50819206237793,1.5995839595794679,15,gate/rate,overspeed/slide,3.3758188979567447,7.23466048427173,-9,8.19707312285959,rear:slide
30618_2050d396,front,440.7089898586273,1.5096627235412599,14,gate/rate,slide/underspeed,1.917529626352895,5.545000604055288,-14,6.044908974617436,front:slide;rear:slide
30618_2050d396,rear,440.812965631485,1.1936937332153321,10,gate/rate,slide/underspeed,3.107621467796206,5.011690360005705,-13,5.844303451571704,front:slide;rear:slide
30618_defd0170,front,99.99888300895691,0.1,1,fr,slide,1.0215168625548225,1.0215168625548225,-13,1.3484187665070908,
30618_0686195f,front,899.9178774356842,0.1,1,fr,slide,1.487794742178326,1.487794742178326,-14,1.7446885812891648,
30618_88548b02,front,1230.1799533367157,0.1,1,fr,slide,1.7097822554534163,1.7097822554534163,0,2.027141101222107,
30618_27e994fc,front,240.45235657691956,0.29992876052856443,3,rate,slip,2.8343848157417724,2.9864262624198736,8,1.9878550451781958,
30618_27e994fc,rear,240.45235657691956,0.29992876052856443,3,rate,slip,2.8555363750120133,2.992244910831228,8,1.9878550451781958,
