bag,moving_s,frac_acc_without_trac,frac_dec_with_trac,frac_notch_m8_m15,n_segs_acc_notrac_3s,dist_frac_acc_notrac
30618_01f73500,844.0,0.0003554502369668247,0.00023696682464454977,0.007227488151658769,0,0.0003884434427055937
30618_0259fe53,816.3000000000001,0.013352933970354036,0.0,0.03711870635795663,2,0.022456155617617074
30618_0652866c,934.6,0.007917825807832228,0.0,0.08613310507168842,1,0.0033767120739196404
30618_0686195f,756.9000000000001,0.0,0.0,0.013740256308627295,0,0.0
30618_073f08d1,821.7,0.005719849093343069,0.0003650967506389193,0.054764512595837894,0,0.0024873250442123134
30618_095a115b,863.0,0.00011587485515643106,0.00034762456546929323,0.010312862108922365,0,0.00017760706788490536
30618_0a83c933,797.1,0.0053945552628277505,0.0006272738677706686,0.023585497428177143,1,0.004001086630892429
30618_0e41eac3,842.8000000000001,0.00023730422401518745,0.0,0.013763644992880873,0,0.0003056612153163985
30618_0f120b35,812.0,0.0,0.0003694581280788178,0.008620689655172414,0,0.0
30618_117c2d02,758.9000000000001,0.020160758993279744,0.00013176966662274345,0.07484517064171828,3,0.01114035114625658
30618_1cc230fa,883.8000000000001,0.005317945236478841,0.0,0.020027155465037336,1,0.0041476991276833295
30618_20096314,796.4000000000001,0.008789552988448015,0.0,0.016825715720743345,1,0.004706210916818958
30618_2050d396,857.5,0.009329446064139942,0.0006997084548104957,0.038367346938775505,1,0.005204034280244635
30618_2161b58b,827.8000000000001,0.00036240637835225904,0.0,0.0013288233872916163,0,0.0005504396563011741
30618_21dd3af3,817.7,0.020178549590314294,0.0,0.07068607068607069,3,0.009745226774999931
30618_2255aade,866.2,0.010505656892172708,0.0,0.01927961209882244,1,0.008818191754678227
30618_22c1c589,793.1,0.0,0.0005043500189131257,0.008573950321523138,0,0.0
30618_2366c74a,674.0,0.013798219584569733,0.0,0.02047477744807122,2,0.00961455755776883
30618_27e994fc,930.8000000000001,0.013536742587021916,0.00010743446497636442,0.11699613235926085,1,0.004747301737618357
30618_28538acf,924.1,0.007899577967752409,0.0,0.08689535764527649,0,0.0028000712254685517
30618_2cb9ce37,559.9,0.008572959457045903,0.00017860332202178963,0.054652616538667625,1,0.0037177873395256855
30618_2d2fa7be,821.6,0.005720545277507303,0.00012171372930866602,0.020691333982473224,1,0.0058349147965163495
30618_2dbce472,921.3000000000001,0.00054271138608488,0.0009768804949527841,0.006403994355801585,0,0.0006907577575989894
30618_2f104a1d,804.0,0.0,0.0006218905472636816,0.012935323383084578,0,0.0
30618_2f2f1175,799.7,0.006002250844066526,0.00025009378516943853,0.04376641240465174,1,0.007132015752116045
30618_33bec73f,778.4000000000001,0.006808838643371017,0.0005138746145940391,0.010149023638232271,1,0.0017585576734773698
30618_3b36e5cd,850.1,0.011763321962122103,0.0005881660981061052,0.029173038466062815,2,0.006127293550995658
30618_3ba2326f,813.7,0.012904018680103232,0.0002457908320019663,0.07619515792060956,2,0.009667309205922266
30618_3e012faf,742.0,0.0028301886792452833,0.0,0.014285714285714287,0,0.0029881137955176493
30618_3e9f4952,869.4000000000001,0.00023004370830457787,0.00011502185415228893,0.008281573498964802,0,0.00022149326397527574
30618_40ffd323,918.9000000000001,0.000326477309826967,0.0,0.03656545870062031,0,0.00038882310899778785
30618_437e855c,844.6,0.0007103954534690978,0.0004735969689793985,0.0017759886336727445,0,0.0009765921594853432
30618_49fe4c54,889.0,0.010573678290213724,0.0,0.03509561304836896,1,0.009961730396979522
30618_4d487b0d,882.0,0.03469387755102041,0.00034013605442176874,0.09863945578231292,4,0.02787349317247827
30618_4e1e3181,781.3000000000001,0.0003839754255727634,0.0,0.00691155766030974,0,0.0003464095821072563
30618_616ec56b,816.0,0.008088235294117648,0.0012254901960784314,0.05330882352941176,1,0.003759859332436701
30618_6236f680,804.7,0.005095066484404126,0.0,0.02684230147881198,1,0.007858872041011617
30618_67b89902,734.0,0.0,0.0004087193460490464,0.006811989100817439,0,0.0
30618_68847170,838.7,0.0,0.0007153928699177299,0.006677000119232146,0,0.0
30618_68d1748a,858.0,0.0003496503496503497,0.0002331002331002331,0.006293706293706294,0,0.0004843607116080116
30618_6cb3280a,799.2,0.00850850850850851,0.0,0.021396396396396396,1,0.005011704907245738
30618_748832b9,799.4000000000001,0.008131098323742807,0.00012509382036527395,0.023267450587940955,1,0.004535590292565255
30618_76e1f9c7,892.6,0.000560161326462021,0.0,0.0032489356934797225,0,0.0007352582977842008
30618_79b204dc,791.5,0.0008843967150979154,0.00025268477574226153,0.0017687934301958308,0,0.0008694744390348775
30618_7a152380,863.5,0.0064852345107122185,0.00011580775911986103,0.04470179502026636,1,0.003358927014024102
30618_7b4d83f4,801.1,0.0,0.0004993134440144801,0.011484209212333042,0,0.0
30618_8158f0b0,857.2,0.0002333177788147457,0.0005832944470368642,0.01189920671955203,0,0.000296490558911558
30618_81c22fee,825.0,0.0025454545454545456,0.0,0.016363636363636365,0,0.003097126627909634
30618_87afe526,868.1,0.01221057481856929,0.00011519410206197443,0.036055753945398,1,0.012082008980902456
30618_88548b02,800.7,0.0,0.0012489072061945797,0.010365929811415013,0,0.0
30618_9bbe6faa,780.9000000000001,0.008323729030605711,0.00025611473940325265,0.02509924446151876,1,0.011934877856777881
30618_9c09b081,908.5,0.00022014309301045682,0.00033021463951568526,0.00825536598789213,0,0.0003024671740359572
30618_a53d5f6f,877.6,0.00034184138559708297,0.00011394712853236098,0.007976298997265268,0,0.0003942723551878416
30618_a869780d,775.1,0.0002580312217778351,0.0002580312217778351,0.009289123984002064,0,0.00024136156979131604
30618_ab5921a4,924.2,0.00021640337589266391,0.00021640337589266391,0.00551828608526293,0,0.00035701534938244997
30618_b15eafc3,810.1,0.0,0.0004937662017034934,0.012591038143439082,0,0.0
30618_b8044aa0,814.4000000000001,0.0002455795677799607,0.0002455795677799607,0.005648330058939097,0,0.0002251789031907373
30618_b83d854d,887.0,0.0014656144306651635,0.0,0.0011273957158962795,0,0.0017118932753970308
30618_b95ca60a,791.1,0.0,0.0,0.008342813803564657,0,0.0
30618_d4ba7005,764.4000000000001,0.005232862375719518,0.00013082155939298794,0.030612244897959183,0,0.0018047986657593587
30618_dd8d0741,838.0,0.0003579952267303103,0.0007159904534606206,0.0081145584725537,0,0.00040497060314923834
30618_dd8e6395,834.2,0.0003596259889714697,0.0,0.0017981299448573483,0,0.00037094067422019513
30618_defd0170,720.8000000000001,0.008462819089900112,0.0,0.06534406215316314,0,0.002740400405157104
30618_e2dcf65f,750.3000000000001,0.00039984006397441024,0.0005331200852992136,0.016526722644275623,0,0.00033627976464956967
30618_e3d94878,798.3000000000001,0.025178504321683576,0.00012526619065514216,0.13115370161593384,1,0.022507308960374128
30618_e9a34502,807.2,0.013999008919722498,0.0002477700693756194,0.03282953419226957,2,0.011655507183508985
30618_f19a4ac3,850.1,0.0003528996588636631,0.0005881660981061052,0.010704622985531114,0,0.00034014434264834347
30639_0be558e2,886.9000000000001,0.008681925808997631,0.0006765136994024129,0.024354493178486862,1,0.005776166211904145
30639_253671cc,846.7,0.001299161450336601,0.0,0.016770993267981576,0,0.0011340425388899336
30639_2b4a6347,813.8000000000001,0.008970262963873188,0.0004915212582944212,0.02408454165642664,1,0.005449577693388868
30639_3b3d9eb8,917.8000000000001,0.001743299193724123,0.0,0.0025059925909784266,0,0.001360692793555433
30639_4285f2bc,936.2,0.03386028626361889,0.0004272591326639607,0.07551805169835506,4,0.02242812236152324
30639_44226bde,872.5,0.00034383954154727797,0.00022922636103151864,0.0010315186246418338,0,0.00037216777202577064
30639_50956d6e,858.3000000000001,0.0008155656530350694,0.0018641500640801585,0.002097168822090178,0,0.0011578050863309272
30639_584b6e32,858.4000000000001,0.00081547064305685,0.0,0.0039608574091332715,0,0.0011414236649380754
30639_92226df0,936.5,0.00021356113187399894,0.0,0.013240790176187935,0,0.00010141754246280537
30639_927002c2,853.8000000000001,0.007847271023658935,0.00023424689622862497,0.008550011712344811,1,0.0028512295292238816
30639_9c362687,965.4000000000001,0.004039776258545681,0.0008286720530350114,0.04319453076444997,1,0.002115224685701104
30639_9f0b519f,817.9000000000001,0.0011003790194400293,0.0008558503484533561,0.006846802787626849,0,0.0008481075762361449
30639_c31df386,955.8000000000001,0.006277463904582548,0.00010462439840970915,0.03536304666248169,0,0.0032287786246500507
30639_d3c43d69,861.9000000000001,0.000580113702285648,0.0,0.004756932358742314,0,0.000773323746187881
30639_d601d28f,878.9000000000001,0.0019342359767891683,0.00045511434747980427,0.0010240072818295596,0,0.0021196996419936822
30639_d927f360,832.2,0.007930785868781542,0.0007209805335255949,0.0020427781783225185,1,0.004271208446689682
30639_dce52be4,854.4000000000001,0.0008192883895131086,0.0,0.004447565543071161,0,0.0009105148758547767
30639_e4379d7f,968.6,0.0012389015073301674,0.0006194507536650837,0.00547181499070824,0,0.0014125896101867149
