quantity,n,notch,p0.01,p0.1,p1,p5,p50,p95,p99,p99.9,p99.99,min,max
a_ref_1.0,1857,-15,-2.1139108680415144,-2.0965679554341676,-1.8161054259697276,-1.72745250738349,-0.6630076697942145,0.9388899886003701,1.154529269277576,1.2030415470182119,1.2560539033730915,-2.115266712804678,1.2666008112498408
a_w_1.0,1982,-15,-2.0920871219534507,-2.0642529053608873,-1.8375943037534808,-1.7279179500634982,-0.7459999479697172,0.9393447159889304,1.138277861217025,1.2284519867685602,1.2515890888437433,-2.0923711640334615,1.2557237699636092
a_ref_1.0,3263,-14,-2.052310835757757,-1.8994354210480535,-1.7517448194630694,-1.532725169972902,-1.0785471852090782,0.48883219225754326,1.1834570172992855,1.3370866377229316,1.3776869285163402,-2.0805600912411064,1.3848859578104717
a_w_1.0,3547,-14,-2.0316706756937486,-1.8944718982464936,-1.7408681375299861,-1.5125749400035398,-1.068083751529362,0.21128463603571196,1.1733866954312357,1.3376429455880807,1.3932376477463273,-2.073218188312679,1.4054809709566385
a_ref_1.0,2782,-13,-2.0292837172214364,-1.8822674526528003,-1.713400596608293,-1.456802701094,-1.0495166452960092,-0.6093528809353422,1.1563139643909839,1.3418008366786238,1.410930105187527,-2.042176714978356,1.4145289509066694
a_w_1.0,2961,-13,-2.00923335756536,-1.907394716346833,-1.6722184292007465,-1.4502877186438075,-1.0340081968220762,-0.6564203798215554,1.14888400629515,1.3418714889343348,1.4477825697286546,-2.0275362227199505,1.4523726953620466
a_ref_1.0,2173,-12,-1.9177417989793981,-1.8432309500012067,-1.61582574553938,-1.413473989583289,-0.9738762201387281,-0.01501153359701318,1.1768443479232826,1.3547531179452135,1.4417334617505821,-1.9313968035212083,1.4436026272949687
a_w_1.0,2296,-12,-1.8958561251794575,-1.846594421830492,-1.6280899085110603,-1.4162897278997728,-0.9628416615136238,-0.02112059686049525,1.1913541243674475,1.3545586706771555,1.4534259025680996,-1.8984668770801507,1.4541033180429324
a_ref_1.0,1797,-11,-1.851040855111082,-1.811201163733218,-1.6716801222055162,-1.4034510826251807,-0.9170306170659008,-0.18254069293424766,1.1483071126803166,1.3268938518296585,1.407944381170799,-1.8535026988841163,1.420891525240107
a_w_1.0,1928,-11,-1.8487123968400185,-1.7973773928482324,-1.6872000695625047,-1.4112576672196866,-0.9088000155246219,-0.21822485042028983,1.137796458301621,1.3401069916434105,1.4109890357024728,-1.8594754370193303,1.4253765663739815
a_ref_1.0,1742,-10,-1.7594171335121482,-1.740888038974198,-1.5899646489793176,-1.4335805697576744,-0.8743780717685273,0.5368243040177046,1.1668271221611293,1.3293184096431039,1.3741557478516606,-1.76290682344953,1.378624244851149
a_w_1.0,1862,-10,-1.7641525342188156,-1.7263418027359712,-1.598548571684605,-1.4310897735061763,-0.8716940738985112,0.505756598553985,1.1645230688182613,1.3338359029107956,1.3711936087291585,-1.7721343169574095,1.3789846919399782
a_ref_1.0,2269,-9,-1.8331665134906558,-1.7282898485269882,-1.5014861477206634,-1.3305921007658124,-0.8534861852511111,0.7301223558157813,1.1916148848037897,1.3172673562717132,1.3341989478206626,-1.8505869925531166,1.3383749887771166
a_w_1.0,2396,-9,-1.8069940738891916,-1.779261158389249,-1.5347844144565768,-1.3286489141660265,-0.8558600420996778,0.7222081192753124,1.174777272116653,1.3051137691839407,1.3280186873750446,-1.807231535751379,1.3305996597968697
a_ref_1.0,12284,-8,-1.9416724230053257,-1.8900695538793497,-1.5803044559294077,-1.1693647221716663,-0.14714281300544219,0.8209307591686673,1.1183854762927672,1.2349687913820127,1.3302355966078516,-1.9454566221541636,1.3363272300545526
a_w_1.0,12964,-8,-1.9628674836465105,-1.8894148814913327,-1.5916272330124672,-1.1871046978513693,-0.15560470966518747,0.8105897594411393,1.1152009376111902,1.2630989526757046,1.3180889154925732,-1.976260526376104,1.326710346560149
a_ref_1.0,8107,-7,-1.6305966662054119,-1.4090019678104877,-1.229394081297313,-1.060936764560667,-0.7623750176236088,-0.5862434823952928,-0.4155817690946385,0.9303350238558656,1.2652685826981713,-1.8577612158322712,1.29059212793944
a_w_1.0,9207,-7,-2.076070835365664,-1.522127273529366,-1.2309398382846297,-1.0752961673128452,-0.7707575668881478,-0.5885135294238624,-0.43685572168722614,0.9031664800850456,1.2550279790284753,-2.092517501451926,1.2653844775299192
a_ref_1.0,14978,-6,-1.3099808892590257,-1.2136373830528884,-1.0105004618023274,-0.8679944629427352,-0.70992609570608,-0.5347549113852688,-0.4367671912967565,0.44011225280036825,1.085816280345499,-1.4094144903862222,1.2546646347538961
a_w_1.0,15775,-6,-1.33351022053782,-1.2320291943213215,-1.0030019458727213,-0.8655184283453432,-0.7091179251258706,-0.5312027856622868,-0.4295221004383564,0.5553824464222421,1.079577222822321,-1.5106670237864568,1.169637037098861
a_ref_1.0,27754,-5,-1.7407000976820972,-1.1456480710668164,-0.9031040397947927,-0.7960775375288233,-0.677306148797433,-0.48515013724226025,-0.3215969119405924,0.048047755591486316,1.0956118589465995,-1.8597413450151745,1.2429807143005287
a_w_1.0,29143,-5,-1.7015703404388143,-1.1373896484046904,-0.8981959892804645,-0.7961203324270185,-0.6741355816728177,-0.48085763299829787,-0.32463783434153176,0.049963465216779246,1.080030949421406,-1.8531865100389426,1.2449974557410388
a_ref_1.0,38148,-4,-1.132059007734526,-0.9976662315698168,-0.8359470163245344,-0.7642302153013352,-0.642409072480076,-0.38842122683411445,-0.15510678200916797,0.14110972635959537,0.8928650939126161,-1.267096527455117,1.2017891913991834
a_w_1.0,39570,-4,-1.1355464997507685,-0.9933023740523708,-0.8365536570543166,-0.7657667216088933,-0.6409977572949326,-0.3887868436409396,-0.15860923718121944,0.16217181083629845,0.9012361833340438,-1.494174496597064,1.2080346242810487
a_ref_1.0,32782,-3,-1.121642215929512,-0.9107656452032237,-0.8034268078507911,-0.731123978112066,-0.5916283088620214,-0.2375154856704228,-0.01543375029823577,0.20587805689263636,0.942265358077527,-1.3715410030061108,1.1625291541968916
a_w_1.0,34165,-3,-1.1717765096390846,-0.9146309684349039,-0.80374543999029,-0.7332293743448385,-0.5913536751314157,-0.23563349125727331,-0.027675454530493825,0.19674741119841985,0.9123761682820438,-1.3875690678807802,1.1871724626765274
a_ref_1.0,25614,-2,-1.1591633256263174,-0.8863845672392877,-0.7890922789045761,-0.6852353389346406,-0.3983935745242978,-0.027449752991253202,0.11736000430828758,0.2994402040713859,0.8264437489339599,-1.389583580727693,1.059338046479667
a_w_1.0,26941,-2,-1.3666229409862116,-0.8828468070435735,-0.8018727220585302,-0.6874927334947252,-0.40030712981733874,-0.02890642811896793,0.11334873172487529,0.2848414409093448,0.8284103841454404,-1.4647361928619895,1.0124843286339762
a_ref_1.0,45046,-1,-0.993831723025386,-0.8009649387734726,-0.6998747187634153,-0.5672786403394683,-0.11090394207490872,0.12079117755883573,0.2778546763559388,0.3399799544242484,0.6495554556294881,-1.3796842300082224,1.078232690562586
a_w_1.0,46914,-1,-1.0005693448542021,-0.8028011041563192,-0.6993967435433232,-0.5793522067839353,-0.10967815715927332,0.11802734070747674,0.2749571302685647,0.33619002662483627,0.6367276093349954,-1.3301078101799375,1.0598765333131746
a_ref_1.0,76334,0,-2.4364421913314476,-1.689374328978537,-0.654383904673697,-0.309553787102728,-0.0111007046734658,0.19264278677427235,0.4213293979077407,1.0633454492866885,1.222314814242787,-4.162315306889736,1.2551380912504317
a_w_1.0,79240,0,-2.3922704479246706,-1.6817593172258274,-0.6365613802490179,-0.3011548735141505,-0.012581310739437024,0.1871051000724166,0.4024783940083755,1.067592222769081,1.2452532042367466,-4.1363527196714776,1.2775637258871293
a_ref_1.0,50630,1,-1.7685487300902176,-0.4949738544481264,-0.3093499742974223,-0.17444742886869805,0.05877374553720027,0.3081089178597554,0.45148301432320054,0.5476270814928036,0.6337302128913672,-4.442951932577236,0.8256451147274678
a_w_1.0,52647,1,-1.6508303550181105,-0.4830679434370672,-0.30692820026330825,-0.17086853988762984,0.05456679928547459,0.29512851354641934,0.44180856715525807,0.5386163547304742,0.6492328318824435,-4.366381777866485,0.802373858359144
a_ref_1.0,27913,2,-0.9232366629229066,-0.4026942161969759,-0.2385106712933855,-0.10938783288579793,0.11930552512158421,0.44370035878777486,0.5654133807453939,0.6552375889665107,0.7486863083890993,-3.6370518461709067,0.8324521749639988
a_w_1.0,29126,2,-0.9237026260966698,-0.3990738381044607,-0.238629313990053,-0.10363563818705757,0.11965869976369337,0.4383473342730514,0.5675851086427586,0.6562948863747969,0.7168066640668846,-3.4272523719011767,0.8159040028952091
a_ref_1.0,18437,3,-0.7967096267159731,-0.3268103805767449,-0.1615847159191255,-0.06066005869347952,0.22382793984410498,0.5731577643721073,0.6658372144777042,0.7418272256721488,0.8084209283537186,-3.0477328616555304,0.883277450566332
a_w_1.0,19333,3,-0.7142057129665654,-0.32949481789066964,-0.16896347491771113,-0.05500388868427768,0.22634703395481615,0.5742656338904478,0.6681172436061948,0.7422581521380014,0.8013090754073539,-2.816868963388046,0.889814985987269
a_ref_1.0,18671,4,-0.49614667980088545,-0.3057997674335538,-0.09166675966304333,-0.030104645209614533,0.3372214717068508,0.6492104333582414,0.7482362266534769,0.8242671639898383,0.9022452011584531,-2.370361321901319,0.9280189923752178
a_w_1.0,19521,4,-0.3459836775998209,-0.31911514474047054,-0.09529462488783084,-0.031450650362287114,0.3390626948296128,0.6487690044453853,0.7439640395104477,0.8359784872539675,0.926284016483493,-2.1813037348153412,0.9376930777140946
a_ref_1.0,14352,5,-0.5302976641537983,-0.3000205573683371,-0.06796260153571433,0.011721423419454525,0.442555963510816,0.766320392287997,0.8654659334094029,0.9304650530296772,0.9633828276633943,-1.673771231737105,0.9752468791254707
a_w_1.0,14993,5,-0.5380776797949399,-0.3062581820118815,-0.05742533058873,0.014179422740993134,0.4441065024538746,0.7625803441071053,0.8625763883152351,0.946526867748411,0.970616997347913,-1.4998254014550314,0.9734475324419369
a_ref_1.0,14102,6,-0.6725759873204143,-0.27316654659981715,-0.039856215233138155,0.11512140853157045,0.569891514871623,0.8478451659530333,0.9463226574731214,1.0394646047910094,1.0926217655629331,-0.9943548554607055,1.111014834935462
a_w_1.0,14776,6,-0.648386907085752,-0.2730504814158538,-0.024150432754308948,0.12450326648562991,0.5740681368951974,0.8489299118234621,0.9473658102464659,1.022851246714953,1.071776909570768,-0.9353839388221442,1.0815005726460167
a_ref_1.0,14320,7,-0.3487872573943563,-0.2274826267195531,0.04589793320602447,0.25979466085037395,0.6599715063841718,1.0044424628853201,1.080189200925935,1.1401403982915406,1.1998318660158342,-1.0131098502997453,1.2128159210508789
a_w_1.0,15121,7,-0.4042867825483675,-0.22534052468105084,0.05109849387096724,0.25407475948790514,0.6624599057927264,1.0066143994992198,1.08241330092692,1.1518368311246054,1.6710067751469408,-0.8437110025359527,1.8293003122813594
a_ref_1.0,14985,8,-0.48715645416979525,-0.14281256409437193,0.14206275575228194,0.3359180492551788,0.7820884990095417,1.047615486228919,1.108382562268625,1.1641301931028771,1.1879303382555462,-0.7707748089968538,1.199946058640946
a_w_1.0,15696,8,-0.472014803029448,-0.1499760414423047,0.14148092515493998,0.3296476571889593,0.7826277816267365,1.0472020602505836,1.109822150027334,1.178373351468539,1.433605494476223,-0.7060618814499543,1.8205146803984862
a_ref_1.0,17357,9,-0.30185278681367606,-0.06419936080185895,0.2071350064021098,0.4054667142347828,0.8820556287411085,1.023168732221997,1.068691035548621,1.1533186884911444,1.1797864442114225,-0.4531732259614003,1.2053039367107221
a_w_1.0,18230,9,-0.256342710578451,-0.06486539183287403,0.20802224975050548,0.40058343074715597,0.8827481863030522,1.0267349752843402,1.0678370318071484,1.149258334348108,1.1866666707618867,-0.46134044397190666,1.2054022100547723
a_ref_1.0,16488,10,-0.19288019187355213,-0.018696525894447348,0.25306631386200673,0.45039450328893105,0.8825373538450783,1.006429421270292,1.0449563913020314,1.1470174649075144,1.2264374999681427,-0.5347312282899739,1.229641850793164
a_w_1.0,17350,10,-0.18625552894323935,-0.04332165677496094,0.2571391061833791,0.44991117933959013,0.8851449018350559,1.0070743647000004,1.0425215358278632,1.1164730044126732,1.2142721429764451,-0.4516289337044104,1.231148758602909
a_ref_1.0,12910,11,-0.1275201074791261,-0.04852810417967795,0.25270405687070857,0.4823469628315528,0.8555257223681303,0.9757735516120919,1.052826309892385,1.1410446212780587,1.2398090268903224,-0.26294561786447723,1.2419357610450956
a_w_1.0,13450,11,-0.11846733818916129,-0.020886873827733396,0.2508882152575015,0.48308183757437495,0.8551235510351158,0.9778551844870701,1.0437469615575072,1.1480974867299425,1.2363742032607035,-0.19491312408056335,1.2415112939786697
a_ref_1.0,10015,12,-0.046408124671636575,0.163791450529935,0.24730313780317337,0.480535046204134,0.8255338851283587,0.9526291491767492,1.0524122862763385,1.1821356529589278,1.2609435118827377,-0.048510252134044585,1.3098015165152535
a_w_1.0,10473,12,-0.0006566770590494624,0.15697568006874638,0.2409057956927242,0.4737134427602323,0.8239318228391588,0.9560353762970801,1.0421432293671329,1.1831550020779535,1.2474186856683076,-0.035116545150009504,1.2533607610914017
a_ref_1.0,8268,13,0.045648749929437744,0.176235294351799,0.257160056381459,0.4787304310430965,0.8055578201127587,0.9228413189717207,1.0317139575919485,1.1442096680759828,1.2486954916653163,0.030635278054070625,1.34569385014566
a_w_1.0,8677,13,0.09295434769908648,0.1760072430720057,0.25076690494650633,0.47308197004476027,0.8063126966272085,0.9224145609694707,1.035136090740164,1.15947565280158,1.2689433340604535,0.07538734815053383,1.2805225114851293
a_ref_1.0,6108,14,0.1443992879452329,0.21297720216950036,0.28864180752233354,0.4715354769388957,0.7773736571455956,0.8675595889023573,0.9616621492300941,1.1775326040469183,1.3504584059214206,0.11667225869344611,1.358694612946741
a_w_1.0,6425,14,0.20704555408935257,0.21577457388168444,0.2688509408377512,0.4737669724004652,0.7793930522833867,0.8719012892158993,0.9611222456680281,1.2620573760909881,1.5152859969245873,0.20658809629723862,1.5373651503082781
a_ref_1.0,11079,15,0.1960637190568011,0.2594276749888788,0.3273649798025898,0.41493192344193813,0.6749658774682077,0.8243903968504054,0.8807593490561721,1.0940085551153074,1.118915813389019,0.14029262592978586,1.1310087562173394
a_w_1.0,11885,15,0.2554138283170754,0.2755035458338249,0.3279655273362568,0.4174988483270187,0.6739533784640375,0.8266435607245392,0.9006827345857201,1.1025061976005512,1.3817840867968194,0.24542756373031782,1.5052455836930494
