s,x,y,z,yaw,curvature,grade,lat,lon,h,utm_e,utm_n,n_runs,lat_mad,z_mad
0.000,-2202.9439,-376.8859,13.8608,0.805426,0.000764,0.001102,55.799410022,37.388874993,174.2515,399002.7261,6184929.3991,2,0.2738,1.3516
0.499,-2202.5983,-376.5261,13.8608,0.805426,0.000851,0.001130,55.799413255,37.388880500,174.2513,399003.0797,6184929.7507,2,0.2738,1.3516
0.998,-2202.2527,-376.1664,13.8610,0.807155,0.000889,0.001188,55.799416487,37.388886008,174.2514,399003.4333,6184930.1024,2,0.2738,0.6789
1.497,-2201.9083,-375.8055,13.8612,0.808903,0.000865,0.001245,55.799419730,37.388891496,174.2515,399003.7857,6184930.4553,2,0.2062,0.0046
1.995,-2201.5640,-375.4445,13.8616,0.809553,0.000775,0.001303,55.799422974,37.388896983,174.2517,399004.1381,6184930.8082,2,0.1382,0.0000
2.494,-2201.2201,-375.0832,13.8620,0.810197,0.000623,0.001360,55.799426221,37.388902464,174.2520,399004.4900,6184931.1616,2,0.0702,0.0000
2.993,-2200.8762,-374.7218,13.8625,0.810379,0.000421,0.001418,55.799429468,37.388907944,174.2524,399004.8419,6184931.5149,2,0.0023,0.0006
3.492,-2200.5324,-374.3603,13.8631,0.810552,0.000183,0.001475,55.799432717,37.388913422,174.2528,399005.1937,6184931.8684,2,0.0030,0.0013
3.991,-2200.1887,-373.9988,13.8639,0.810347,-0.000076,0.001531,55.799435965,37.388918900,174.2534,399005.5455,6184932.2219,2,0.0046,0.0034
4.490,-2199.8448,-373.6374,13.8646,0.810127,-0.000343,0.001586,55.799439212,37.388924381,174.2541,399005.8974,6184932.5752,3,0.0063,0.0055
4.989,-2199.5009,-373.2760,13.8657,0.809774,-0.000609,0.001640,55.799442459,37.388929861,174.2549,399006.2494,6184932.9285,3,0.0080,0.0061
5.487,-2199.1567,-372.9149,13.8667,0.809411,-0.000868,0.001693,55.799445704,37.388935346,174.2558,399006.6015,6184933.2816,3,0.0063,0.0067
5.986,-2198.8125,-372.5538,13.8679,0.808975,-0.001114,0.001743,55.799448949,37.388940831,174.2569,399006.9537,6184933.6347,3,0.0047,0.0063
6.485,-2198.4680,-372.1930,13.8691,0.808529,-0.001339,0.001792,55.799452191,37.388946321,174.2580,399007.3062,6184933.9875,3,0.0030,0.0060
6.984,-2198.1235,-371.8322,13.8706,0.807784,-0.001535,0.001839,55.799455433,37.388951811,174.2593,399007.6587,6184934.3402,3,0.0013,0.0049
7.483,-2197.7785,-371.4719,13.8720,0.807008,-0.001686,0.001883,55.799458671,37.388957309,174.2606,399008.0118,6184934.6925,3,0.0028,0.0037
7.982,-2197.4335,-371.1116,13.8736,0.805741,-0.001780,0.001924,55.799461908,37.388962808,174.2621,399008.3648,6184935.0447,3,0.0044,0.0020
8.481,-2197.0875,-370.7522,13.8752,0.804417,-0.001802,0.001963,55.799465137,37.388968321,174.2635,399008.7187,6184935.3961,3,0.0061,0.0003
8.979,-2196.7415,-370.3929,13.8770,0.802863,-0.001744,0.001998,55.799468366,37.388973835,174.2652,399009.0727,6184935.7473,3,0.0077,0.0021
9.478,-2196.3945,-370.0345,13.8788,0.801268,-0.001606,0.002030,55.799471587,37.388979365,174.2668,399009.4277,6184936.0976,3,0.0069,0.0040
9.977,-2196.0473,-369.6763,13.8807,0.800074,-0.001396,0.002059,55.799474806,37.388984898,174.2686,399009.7828,6184936.4478,3,0.0059,0.0036
10.476,-2195.6994,-369.3188,13.8826,0.798910,-0.001129,0.002084,55.799478018,37.388990442,174.2703,399010.1387,6184936.7972,2,0.0049,0.0031
10.975,-2195.3514,-368.9613,13.8846,0.798533,-0.000829,0.002105,55.799481230,37.388995988,174.2722,399010.4946,6184937.1465,2,0.0040,0.0022
11.474,-2195.0033,-368.6041,13.8866,0.798252,-0.000522,0.002122,55.799484440,37.389001536,174.2740,399010.8507,6184937.4956,2,0.0040,0.0013
11.972,-2194.6551,-368.2468,13.8887,0.798562,-0.000229,0.002135,55.799487650,37.389007085,174.2760,399011.2068,6184937.8447,2,0.0042,0.0022
12.471,-2194.3071,-367.8894,13.8908,0.798961,0.000032,0.002145,55.799490863,37.389012630,174.2779,399011.5627,6184938.1941,3,0.0043,0.0031
12.970,-2193.9592,-367.5318,13.8929,0.799481,0.000253,0.002150,55.799494075,37.389018174,174.2800,399011.9185,6184938.5435,3,0.0044,0.0036
13.469,-2193.6116,-367.1740,13.8951,0.800026,0.000432,0.002151,55.799497291,37.389023714,174.2820,399012.2741,6184938.8932,3,0.0046,0.0041
13.968,-2193.2641,-366.8161,13.8973,0.800388,0.000577,0.002147,55.799500507,37.389029252,174.2840,399012.6295,6184939.2430,3,0.0048,0.0041
14.467,-2192.9168,-366.4580,13.8995,0.800724,0.000698,0.002140,55.799503724,37.389034787,174.2861,399012.9848,6184939.5930,3,0.0049,0.0039
14.966,-2192.5695,-366.0999,13.9017,0.800918,0.000806,0.002129,55.799506942,37.389040321,174.2882,399013.3400,6184939.9430,3,0.0051,0.0022
15.464,-2192.2223,-365.7417,13.9039,0.801089,0.000909,0.002114,55.799510161,37.389045854,174.2902,399013.6951,6184940.2932,3,0.0044,0.0003
15.963,-2191.8752,-365.3834,13.9061,0.801385,0.001006,0.002095,55.799513380,37.389051386,174.2923,399014.0502,6184940.6433,3,0.0035,0.0005
16.462,-2191.5282,-365.0250,13.9082,0.801710,0.001092,0.002072,55.799516601,37.389056915,174.2943,399014.4052,6184940.9936,3,0.0027,0.0009
16.961,-2191.1813,-364.6665,13.9103,0.802368,0.001153,0.002046,55.799519822,37.389062444,174.2962,399014.7600,6184941.3440,3,0.0019,0.0049
17.460,-2190.8348,-364.3076,13.9124,0.803108,0.001172,0.002016,55.799523047,37.389067966,174.2981,399015.1145,6184941.6948,3,0.0033,0.0093
17.959,-2190.4884,-363.9487,13.9142,0.804140,0.001130,0.001984,55.799526273,37.389073486,174.2999,399015.4689,6184942.0457,3,0.0050,0.0085
18.458,-2190.1427,-363.5891,13.9161,0.805257,0.001013,0.001948,55.799529504,37.389078996,174.3016,399015.8226,6184942.3973,3,0.0066,0.0074
18.956,-2189.7971,-363.2293,13.9177,0.806341,0.000815,0.001910,55.799532737,37.389084503,174.3031,399016.1762,6184942.7490,3,0.0083,0.0083
19.455,-2189.4521,-362.8690,13.9193,0.807432,0.000540,0.001870,55.799535975,37.389090001,174.3045,399016.5291,6184943.1013,3,0.0198,0.0094
19.954,-2189.1073,-362.5085,13.9206,0.808008,0.000205,0.001827,55.799539214,37.389095496,174.3057,399016.8820,6184943.4537,3,0.0323,0.6310
20.453,-2188.7628,-362.1477,13.9219,0.808450,-0.000164,0.001783,55.799542456,37.389100987,174.3069,399017.2345,6184943.8064,2,0.0447,1.3137
20.952,-2188.4183,-361.7869,13.9230,0.808086,-0.000530,0.001737,55.799545698,37.389106476,174.3079,399017.5870,6184944.1592,2,0.0572,1.3791
21.451,-2188.0735,-361.4264,13.9241,0.807479,-0.000854,0.001690,55.799548937,37.389111971,174.3088,399017.9398,6184944.5117,2,0.0460,1.3803
21.950,-2187.7285,-361.0660,13.9250,0.806249,-0.001099,0.001642,55.799552176,37.389117468,174.3096,399018.2928,6184944.8640,2,0.0323,0.7607
22.448,-2187.3828,-360.7064,13.9259,0.804806,-0.001234,0.001594,55.799555407,37.389122977,174.3103,399018.6465,6184945.2156,3,0.0186,0.0730
22.947,-2187.0369,-360.3470,13.9267,0.803275,-0.001241,0.001545,55.799558637,37.389128491,174.3109,399019.0004,6184945.5669,3,0.0050,0.0015
23.446,-2186.6901,-359.9884,13.9274,0.801691,-0.001115,0.001496,55.799561859,37.389134017,174.3115,399019.3552,6184945.9174,3,0.0048,0.0011
23.945,-2186.3430,-359.6301,13.9280,0.800547,-0.000867,0.001448,55.799565079,37.389139549,174.3120,399019.7102,6184946.2676,3,0.0062,0.0027
24.444,-2185.9954,-359.2723,13.9286,0.799541,-0.000521,0.001401,55.799568294,37.389145089,174.3125,399020.0658,6184946.6173,3,0.0077,0.0045
24.943,-2185.6476,-358.9147,13.9291,0.799266,-0.000110,0.001354,55.799571507,37.389150632,174.3128,399020.4215,6184946.9668,3,0.0091,0.0043
25.442,-2185.2997,-358.5571,13.9296,0.799262,0.000324,0.001309,55.799574720,37.389156175,174.3132,399020.7773,6184947.3163,3,0.0117,0.0039
25.940,-2184.9519,-358.1995,13.9301,0.799958,0.000742,0.001265,55.799577934,37.389161718,174.3135,399021.1330,6184947.6658,3,0.0145,0.0073
26.439,-2184.6046,-357.8414,13.9305,0.800942,0.001107,0.001223,55.799581151,37.389167253,174.3138,399021.4883,6184948.0158,3,0.0172,0.0112
26.938,-2184.2575,-357.4831,13.9307,0.802272,0.001389,0.001182,55.799584371,37.389172784,174.3139,399021.8434,6184948.3659,3,0.0200,0.0083
27.437,-2183.9111,-357.1241,13.9310,0.803768,0.001568,0.001144,55.799587597,37.389178304,174.3140,399022.1977,6184948.7169,3,0.0168,0.0044
27.936,-2183.5651,-356.7648,13.9311,0.805174,0.001635,0.001108,55.799590825,37.389183819,174.3140,399022.5517,6184949.0681,3,0.0127,0.0031
28.435,-2183.2197,-356.4048,13.9312,0.806562,0.001589,0.001074,55.799594060,37.389189322,174.3140,399022.9051,6184949.4200,3,0.0087,0.0021
28.934,-2182.8747,-356.0445,13.9312,0.807660,0.001437,0.001043,55.799597297,37.389194821,174.3138,399023.2581,6184949.7723,3,0.0046,0.0043
29.432,-2182.5301,-355.6838,13.9311,0.808640,0.001192,0.001014,55.799600539,37.389200312,174.3135,399023.6107,6184950.1250,3,0.0037,0.0069
29.931,-2182.1858,-355.3228,13.9308,0.809357,0.000871,0.000988,55.799603782,37.389205800,174.3131,399023.9630,6184950.4779,3,0.0033,0.0088
30.430,-2181.8417,-354.9616,13.9304,0.809956,0.000493,0.000965,55.799607028,37.389211282,174.3126,399024.3151,6184950.8311,4,0.0029,0.0105
30.929,-2181.4978,-354.6002,13.9300,0.810253,0.000082,0.000944,55.799610275,37.389216763,174.3120,399024.6670,6184951.1844,4,0.0025,0.0093
31.428,-2181.1540,-354.2388,13.9295,0.810399,-0.000337,0.000926,55.799613523,37.389222242,174.3114,399025.0189,6184951.5378,4,0.0022,0.0078
31.927,-2180.8102,-353.8773,13.9288,0.810066,-0.000735,0.000910,55.799616771,37.389227721,174.3106,399025.3707,6184951.8913,4,0.0019,0.0076
32.425,-2180.4661,-353.5161,13.9282,0.809465,-0.001081,0.000897,55.799620017,37.389233204,174.3098,399025.7228,6184952.2445,4,0.0016,0.0077
32.924,-2180.1219,-353.1551,13.9276,0.808359,-0.001346,0.000886,55.799623261,37.389238690,174.3091,399026.0751,6184952.5975,4,0.0013,0.0082
33.423,-2179.7770,-352.7946,13.9269,0.806944,-0.001503,0.000878,55.799626500,37.389244186,174.3083,399026.4279,6184952.9499,4,0.0023,0.0089
33.922,-2179.4318,-352.4346,13.9264,0.805354,-0.001531,0.000871,55.799629736,37.389249688,174.3076,399026.7812,6184953.3019,4,0.0035,0.0092
34.421,-2179.0858,-352.0752,13.9259,0.803631,-0.001421,0.000867,55.799632964,37.389255202,174.3070,399027.1352,6184953.6532,4,0.0047,0.0094
34.920,-2178.7393,-351.7163,13.9256,0.802191,-0.001175,0.000864,55.799636189,37.389260724,174.3065,399027.4896,6184954.0040,4,0.0060,0.0074
35.419,-2178.3922,-351.3580,13.9253,0.800904,-0.000809,0.000862,55.799639409,37.389266255,174.3062,399027.8446,6184954.3542,4,0.0064,0.0050
35.917,-2178.0448,-351.0000,13.9254,0.800184,-0.000352,0.000863,55.799642626,37.389271791,174.3061,399028.2000,6184954.7041,4,0.0066,0.0059
36.416,-2177.6972,-350.6422,13.9256,0.799827,0.000156,0.000864,55.799645842,37.389277330,174.3062,399028.5555,6184955.0539,4,0.0069,0.0075
36.915,-2177.3496,-350.2844,13.9262,0.800123,0.000667,0.000866,55.799649056,37.389282871,174.3066,399028.9111,6184955.4035,4,0.0071,0.0068
37.414,-2177.0022,-349.9264,13.9268,0.800878,0.001132,0.000869,55.799652274,37.389288407,174.3071,399029.2664,6184955.7535,4,0.0058,0.0057
37.913,-2176.6551,-349.5681,13.9278,0.802207,0.001503,0.000873,55.799655493,37.389293939,174.3079,399029.6215,6184956.1036,4,0.0042,0.0068
38.412,-2176.3087,-349.2091,13.9289,0.803979,0.001743,0.000876,55.799658719,37.389299459,174.3089,399029.9759,6184956.4545,4,0.0026,0.0084
38.911,-2175.9628,-348.8496,13.9303,0.805975,0.001826,0.000881,55.799661949,37.389304971,174.3101,399030.3297,6184956.8060,4,0.0010,0.0099
39.409,-2175.6179,-348.4893,13.9317,0.808181,0.001746,0.000885,55.799665187,37.389310468,174.3114,399030.6827,6184957.1583,4,0.0012,0.0113
39.908,-2175.2736,-348.1282,13.9333,0.810012,0.001517,0.000889,55.799668431,37.389315954,174.3129,399031.0350,6184957.5112,4,0.0018,0.0104
40.407,-2174.9300,-347.7666,13.9350,0.811581,0.001170,0.000892,55.799671680,37.389321431,174.3145,399031.3866,6184957.8648,4,0.0024,0.0090
40.906,-2174.5868,-347.4045,13.9367,0.812336,0.000748,0.000895,55.799674934,37.389326899,174.3161,399031.7378,6184958.2189,4,0.0030,0.0085
41.405,-2174.2437,-347.0424,13.9385,0.812426,0.000302,0.000898,55.799678188,37.389332367,174.3177,399032.0890,6184958.5731,4,0.0033,0.0083
41.904,-2173.9007,-346.6802,13.9402,0.811839,-0.000119,0.000900,55.799681442,37.389337834,174.3192,399032.4401,6184958.9272,4,0.0036,0.0069
42.403,-2173.5571,-346.3185,13.9419,0.810648,-0.000477,0.000902,55.799684693,37.389343308,174.3208,399032.7916,6184959.2809,4,0.0038,0.0054
42.901,-2173.2132,-345.9572,13.9434,0.809379,-0.000750,0.000903,55.799687940,37.389348789,174.3222,399033.1436,6184959.6342,4,0.0040,0.0061
43.400,-2172.8688,-345.5963,13.9449,0.808012,-0.000933,0.000903,55.799691182,37.389354278,174.3236,399033.4960,6184959.9871,4,0.0035,0.0073
43.899,-2172.5239,-345.2359,13.9463,0.807040,-0.001037,0.000902,55.799694421,37.389359775,174.3248,399033.8489,6184960.3394,4,0.0028,0.0062
44.398,-2172.1787,-344.8757,13.9476,0.806424,-0.001084,0.000901,55.799697657,37.389365275,174.3259,399034.2021,6184960.6916,4,0.0020,0.0046
44.897,-2171.8334,-344.5157,13.9487,0.806140,-0.001101,0.000899,55.799700892,37.389370779,174.3269,399034.5554,6184961.0435,4,0.0013,0.0037
45.396,-2171.4880,-344.1558,13.9498,0.806182,-0.001112,0.000897,55.799704127,37.389376283,174.3279,399034.9088,6184961.3954,4,0.0016,0.0030
45.895,-2171.1427,-343.7957,13.9507,0.806145,-0.001130,0.000895,55.799707361,37.389381786,174.3286,399035.2621,6184961.7474,4,0.0022,0.0029
46.393,-2170.7973,-343.4358,13.9515,0.806025,-0.001158,0.000892,55.799710596,37.389387290,174.3293,399035.6155,6184962.0993,4,0.0028,0.0031
46.892,-2170.4519,-343.0759,13.9522,0.805565,-0.001187,0.000890,55.799713830,37.389392795,174.3299,399035.9689,6184962.4511,4,0.0034,0.0036
47.391,-2170.1062,-342.7162,13.9529,0.804718,-0.001201,0.000887,55.799717062,37.389398304,174.3304,399036.3226,6184962.8027,4,0.0036,0.0042
47.890,-2169.7602,-342.3569,13.9534,0.803670,-0.001183,0.000885,55.799720291,37.389403818,174.3308,399036.6766,6184963.1540,4,0.0037,0.0072
48.389,-2169.4137,-341.9980,13.9539,0.802364,-0.001123,0.000884,55.799723516,37.389409339,174.3312,399037.0310,6184963.5048,5,0.0037,0.0108
48.888,-2169.0668,-341.6395,13.9543,0.801223,-0.001020,0.000883,55.799726737,37.389414869,174.3314,399037.3859,6184963.8552,5,0.0038,0.0091
49.387,-2168.7195,-341.2814,13.9547,0.800251,-0.000883,0.000884,55.799729955,37.389420403,174.3317,399037.7411,6184964.2052,5,0.0034,0.0058
49.885,-2168.3718,-340.9236,13.9551,0.799681,-0.000734,0.000886,55.799733169,37.389425944,174.3319,399038.0967,6184964.5548,5,0.0029,0.0049
50.384,-2168.0242,-340.5659,13.9554,0.799604,-0.000602,0.000889,55.799736384,37.389431484,174.3321,399038.4523,6184964.9045,5,0.0024,0.0046
50.883,-2167.6764,-340.2082,13.9557,0.799825,-0.000514,0.000894,55.799739598,37.389437026,174.3323,399038.8080,6184965.2541,5,0.0018,0.0046
51.382,-2167.3289,-339.8503,13.9560,0.800445,-0.000493,0.000902,55.799742814,37.389442564,174.3324,399039.1635,6184965.6038,5,0.0015,0.0048
51.881,-2166.9817,-339.4922,13.9563,0.800997,-0.000547,0.000911,55.799746032,37.389448098,174.3326,399039.5187,6184965.9539,5,0.0013,0.0034
52.380,-2166.6345,-339.1339,13.9566,0.801468,-0.000672,0.000923,55.799749251,37.389453630,174.3327,399039.8738,6184966.3041,5,0.0011,0.0016
52.878,-2166.2876,-338.7755,13.9568,0.801554,-0.000847,0.000938,55.799752472,37.389459159,174.3328,399040.2286,6184966.6544,5,0.0009,0.0031
53.377,-2165.9405,-338.4171,13.9571,0.801084,-0.001040,0.000956,55.799755692,37.389464690,174.3330,399040.5837,6184967.0047,5,0.0010,0.0058
53.876,-2165.5933,-338.0590,13.9573,0.800236,-0.001217,0.000977,55.799758910,37.389470224,174.3330,399040.9389,6184967.3547,5,0.0013,0.0080
54.375,-2165.2456,-337.7012,13.9574,0.798791,-0.001344,0.001001,55.799762125,37.389475765,174.3330,399041.2945,6184967.7043,5,0.0015,0.0100
54.874,-2164.8973,-337.3441,13.9575,0.797295,-0.001396,0.001029,55.799765334,37.389481316,174.3330,399041.6507,6184968.0533,5,0.0018,0.0089
55.373,-2164.5486,-336.9874,13.9575,0.795674,-0.001363,0.001060,55.799768539,37.389486873,174.3328,399042.0074,6184968.4019,5,0.0019,0.0069
55.872,-2164.1991,-336.6314,13.9574,0.794342,-0.001252,0.001095,55.799771738,37.389492443,174.3326,399042.3647,6184968.7498,5,0.0021,0.0077
56.370,-2163.8494,-336.2757,13.9572,0.793453,-0.001083,0.001133,55.799774935,37.389498016,174.3322,399042.7223,6184969.0974,5,0.0022,0.0095
56.869,-2163.4993,-335.9203,13.9568,0.792905,-0.000888,0.001175,55.799778128,37.389503595,174.3317,399043.0803,6184969.4446,5,0.0024,0.0128
57.368,-2163.1492,-335.5649,13.9564,0.792938,-0.000705,0.001221,55.799781322,37.389509174,174.3312,399043.4383,6184969.7918,5,0.0022,0.0165
57.867,-2162.7992,-335.2095,13.9558,0.793111,-0.000573,0.001270,55.799784515,37.389514753,174.3305,399043.7962,6184970.1390,5,0.0019,0.0165
58.366,-2162.4492,-334.8540,13.9552,0.793548,-0.000526,0.001323,55.799787710,37.389520330,174.3297,399044.1541,6184970.4864,5,0.0016,0.0152
58.865,-2162.0995,-334.4983,13.9545,0.793946,-0.000588,0.001380,55.799790906,37.389525904,174.3289,399044.5117,6184970.8339,5,0.0013,0.0141
59.364,-2161.7498,-334.1425,13.9538,0.794279,-0.000772,0.001439,55.799794103,37.389531476,174.3280,399044.8693,6184971.1816,5,0.0011,0.0130
59.862,-2161.4003,-333.7866,13.9531,0.794500,-0.001077,0.001502,55.799797302,37.389537047,174.3272,399045.2267,6184971.5294,5,0.0010,0.0096
60.361,-2161.0507,-333.4306,13.9524,0.794498,-0.001482,0.001568,55.799800500,37.389542617,174.3264,399045.5841,6184971.8772,5,0.0008,0.0055
60.860,-2160.7012,-333.0747,13.9519,0.794263,-0.001953,0.001636,55.799803698,37.389548187,174.3258,399045.9415,6184972.2249,5,0.0007,0.0060
61.359,-2160.3515,-332.7189,13.9515,0.793513,-0.002433,0.001707,55.799806895,37.389553760,174.3252,399046.2991,6184972.5726,5,0.0016,0.0083
61.858,-2160.0015,-332.3635,13.9513,0.792346,-0.002854,0.001780,55.799810089,37.389559338,174.3249,399046.6571,6184972.9198,5,0.0030,0.0085
62.357,-2159.6510,-332.0085,13.9513,0.790187,-0.003131,0.001855,55.799813279,37.389564924,174.3247,399047.0154,6184973.2666,5,0.0043,0.0078
62.856,-2159.2994,-331.6546,13.9517,0.787633,-0.003179,0.001931,55.799816459,37.389570528,174.3250,399047.3749,6184973.6123,5,0.0056,0.0077
63.354,-2158.9471,-331.3015,13.9522,0.784035,-0.002915,0.002009,55.799819632,37.389576142,174.3253,399047.7350,6184973.9573,5,0.0054,0.0078
63.853,-2158.5930,-330.9501,13.9532,0.780441,-0.002275,0.002087,55.799822789,37.389581786,174.3262,399048.0969,6184974.3004,5,0.0045,0.0082
64.352,-2158.2381,-330.5995,13.9543,0.776714,-0.001224,0.002166,55.799825940,37.389587441,174.3272,399048.4596,6184974.6427,5,0.0036,0.0088
64.851,-2157.8814,-330.2508,13.9559,0.773592,0.000239,0.002246,55.799829073,37.389593126,174.3286,399048.8240,6184974.9831,5,0.0028,0.0092
65.350,-2157.5243,-329.9024,13.9577,0.771965,0.002072,0.002325,55.799832204,37.389598817,174.3303,399049.1888,6184975.3232,5,0.0028,0.0096
65.849,-2157.1665,-329.5548,13.9599,0.771387,0.004194,0.002403,55.799835327,37.389604520,174.3323,399049.5544,6184975.6624,5,0.0031,0.0077
66.348,-2156.8090,-329.2069,13.9622,0.773769,0.006494,0.002481,55.799838454,37.389610216,174.3345,399049.9195,6184976.0021,5,0.0035,0.0048
66.846,-2156.4528,-328.8576,13.9649,0.777218,0.008839,0.002557,55.799841592,37.389615893,174.3371,399050.2835,6184976.3430,5,0.0038,0.0035
67.345,-2156.0978,-328.5072,13.9677,0.784046,0.011096,0.002631,55.799844741,37.389621551,174.3397,399050.6463,6184976.6852,5,0.0036,0.0028
67.844,-2155.7464,-328.1531,13.9706,0.791543,0.013141,0.002703,55.799847923,37.389627151,174.3425,399051.0055,6184977.0311,5,0.0032,0.0040
68.343,-2155.3967,-327.7974,13.9737,0.801548,0.014880,0.002773,55.799851120,37.389632725,174.3454,399051.3631,6184977.3786,5,0.0028,0.0060
68.842,-2155.0524,-327.4363,13.9767,0.811675,0.016257,0.002840,55.799854364,37.389638211,174.3483,399051.7154,6184977.7316,5,0.0024,0.0054
69.341,-2154.7100,-327.0736,13.9798,0.822728,0.017257,0.002904,55.799857623,37.389643668,174.3513,399052.0659,6184978.0864,5,0.0028,0.0036
69.839,-2154.3738,-326.7051,13.9827,0.833500,0.017909,0.002964,55.799860935,37.389649026,174.3541,399052.4103,6184978.4471,5,0.0037,0.0025
70.338,-2154.0393,-326.3351,13.9856,0.843812,0.018277,0.003020,55.799864259,37.389654357,174.3568,399052.7531,6184978.8093,4,0.0045,0.0017
70.837,-2153.7108,-325.9596,13.9883,0.853727,0.018450,0.003073,55.799867633,37.389659592,174.3594,399053.0899,6184979.1770,4,0.0053,0.0017
71.336,-2153.3836,-325.5831,13.9909,0.862640,0.018532,0.003121,55.799871016,37.389664806,174.3618,399053.4255,6184979.5459,4,0.0063,0.0020
71.835,-2153.0618,-325.2018,13.9932,0.871287,0.018622,0.003165,55.799874442,37.389669933,174.3641,399053.7557,6184979.9196,4,0.0072,0.0038
72.334,-2152.7412,-324.8197,13.9955,0.879326,0.018810,0.003204,55.799877876,37.389675042,174.3662,399054.0848,6184980.2943,5,0.0082,0.0063
72.833,-2152.4256,-324.4333,13.9976,0.887313,0.019158,0.003237,55.799881347,37.389680071,174.3682,399054.4090,6184980.6732,5,0.0091,0.0064
73.331,-2152.1112,-324.0461,13.9996,0.895569,0.019702,0.003266,55.799884826,37.389685082,174.3700,399054.7321,6184981.0531,5,0.0087,0.0054
73.830,-2151.8020,-323.6546,14.0014,0.903948,0.020442,0.003290,55.799888344,37.389690008,174.3718,399055.0500,6184981.4374,5,0.0075,0.0058
74.329,-2151.4941,-323.2621,14.0032,0.913489,0.021345,0.003308,55.799891870,37.389694915,174.3735,399055.3667,6184981.8226,5,0.0064,0.0069
74.828,-2151.1925,-322.8648,14.0050,0.923263,0.022350,0.003321,55.799895440,37.389699721,174.3751,399055.6772,6184982.2129,5,0.0052,0.0064
75.327,-2150.8923,-322.4664,14.0068,0.934968,0.023371,0.003328,55.799899020,37.389704504,174.3768,399055.9863,6184982.6042,5,0.0046,0.0049
75.826,-2150.6000,-322.0621,14.0086,0.946893,0.024309,0.003330,55.799902652,37.389709161,174.3785,399056.2876,6184983.0016,5,0.0042,0.0053
76.324,-2150.3094,-321.6567,14.0105,0.961010,0.025065,0.003326,55.799906295,37.389713792,174.3802,399056.5872,6184983.4002,5,0.0039,0.0065
76.823,-2150.0287,-321.2443,14.0125,0.975150,0.025547,0.003316,55.799909999,37.389718265,174.3821,399056.8772,6184983.8060,5,0.0035,0.0073
77.322,-2149.7497,-320.8308,14.0145,0.990611,0.025681,0.003301,55.799913714,37.389722710,174.3840,399057.1654,6184984.2129,5,0.0041,0.0077
77.821,-2149.4818,-320.4099,14.0167,1.005821,0.025420,0.003281,55.799917495,37.389726977,174.3861,399057.4427,6184984.6274,5,0.0053,0.0072
78.320,-2149.2155,-319.9881,14.0190,1.020635,0.024747,0.003255,55.799921285,37.389731220,174.3883,399057.7184,6184985.0429,5,0.0065,0.0061
78.819,-2148.9603,-319.5596,14.0215,1.035040,0.023671,0.003224,55.799925135,37.389735287,174.3907,399057.9833,6184985.4655,5,0.0077,0.0054
79.317,-2148.7062,-319.1302,14.0241,1.047663,0.022224,0.003188,55.799928992,37.389739334,174.3932,399058.2470,6184985.8888,5,0.0071,0.0048
79.816,-2148.4619,-318.6953,14.0268,1.059870,0.020455,0.003147,55.799932899,37.389743227,174.3958,399058.5011,6184986.3179,5,0.0055,0.0042
80.315,-2148.2184,-318.2600,14.0297,1.069758,0.018419,0.003101,55.799936811,37.389747106,174.3985,399058.7543,6184986.7475,5,0.0039,0.0035
80.814,-2147.9826,-317.8203,14.0326,1.079290,0.016168,0.003051,55.799940761,37.389750861,174.4013,399058.9999,6184987.1815,5,0.0023,0.0043
81.313,-2147.7475,-317.3804,14.0355,1.086451,0.013746,0.002996,55.799944713,37.389754607,174.4042,399059.2450,6184987.6158,5,0.0017,0.0059
81.812,-2147.5181,-316.9374,14.0385,1.093333,0.011188,0.002937,55.799948693,37.389758262,174.4070,399059.4843,6184988.0534,5,0.0018,0.0073
82.311,-2147.2890,-316.4942,14.0414,1.097963,0.008518,0.002875,55.799952674,37.389761911,174.4099,399059.7233,6184988.4911,5,0.0018,0.0086
82.809,-2147.0637,-316.0492,14.0442,1.102374,0.005762,0.002809,55.799956672,37.389765499,174.4126,399059.9586,6184988.9308,5,0.0019,0.0075
83.308,-2146.8386,-315.6040,14.0470,1.104529,0.002950,0.002739,55.799960671,37.389769086,174.4153,399060.1938,6184989.3705,5,0.0019,0.0051
83.807,-2146.6152,-315.1580,14.0495,1.106493,0.000130,0.002666,55.799964678,37.389772644,174.4177,399060.4272,6184989.8113,5,0.0019,0.0045
84.306,-2146.3918,-314.7119,14.0520,1.105683,-0.002601,0.002591,55.799968685,37.389776203,174.4201,399060.6606,6184990.2520,5,0.0020,0.0050
84.805,-2146.1677,-314.2662,14.0541,1.104712,-0.005076,0.002514,55.799972689,37.389779772,174.4221,399060.8947,6184990.6923,5,0.0020,0.0038
85.304,-2145.9434,-313.8206,14.0561,1.100113,-0.007038,0.002434,55.799976692,37.389783345,174.4240,399061.1290,6184991.1326,5,0.0020,0.0015
85.803,-2145.7153,-313.3770,14.0578,1.095429,-0.008119,0.002352,55.799980678,37.389786980,174.4256,399061.3671,6184991.5707,5,0.0020,0.0034
86.301,-2145.4868,-312.9336,14.0593,1.086780,-0.007847,0.002269,55.799984662,37.389790618,174.4270,399061.6055,6184992.0088,5,0.0020,0.0079
86.800,-2145.2510,-312.4940,14.0605,1.078158,-0.005682,0.002185,55.799988611,37.389794375,174.4281,399061.8512,6184992.4427,5,0.0020,0.0076
87.299,-2145.0150,-312.0545,14.0615,1.066388,-0.001115,0.002100,55.799992559,37.389798135,174.4290,399062.0971,6184992.8766,5,0.0026,0.0043
87.798,-2144.7689,-311.6206,14.0623,1.054733,0.006190,0.002015,55.799996457,37.389802056,174.4296,399062.3529,6184993.3047,5,0.0035,0.0029
88.297,-2144.5226,-311.1867,14.0628,1.041632,0.016226,0.001929,55.800000355,37.389805979,174.4301,399062.6089,6184993.7327,5,0.0045,0.0028
88.796,-2144.2653,-310.7594,14.0631,1.028676,0.028491,0.001843,55.800004194,37.389810079,174.4303,399062.8758,6184994.1539,5,0.0054,0.0028
89.295,-2144.0079,-310.3321,14.0633,1.015976,0.041926,0.001758,55.800008033,37.389814180,174.4304,399063.1428,6184994.5752,6,0.0140,0.0029
89.793,-2143.7397,-309.9114,14.0633,1.003275,0.055008,0.001674,55.800011812,37.389818452,174.4303,399063.4204,6184994.9895,9,0.0278,0.0029
90.292,-2143.4716,-309.4908,14.0632,1.042043,0.066002,0.001590,55.800015592,37.389822724,174.4300,399063.6979,6184995.4038,11,0.0417,0.0029
90.791,-2143.2368,-309.0506,14.0629,1.083160,0.073333,0.001508,55.800019546,37.389826464,174.4297,399063.9426,6184995.8383,13,0.0556,0.0046
91.290,-2143.0043,-308.6096,14.0626,1.256648,0.075963,0.001427,55.800023507,37.389830169,174.4293,399064.1850,6184996.2738,14,0.0567,0.0075
91.788,-2142.9332,-308.1159,14.0622,1.427786,0.073650,0.001347,55.800027942,37.389831298,174.4288,399064.2673,6184996.7656,14,0.0487,0.0084
92.287,-2142.8621,-307.6221,14.0618,1.427786,0.066995,0.001308,55.800032377,37.389832428,174.4284,399064.3496,6184997.2575,13,0.0407,0.0080
