scenario,n_runs,n_crash,n_nonfinite_runs,n_absurd_runs,n_diverged,v_rmse_med,clean_v_rmse_med,v_rmse_max,v_max_max,dv_vs_clean_max,along_rmse_med,clean_along_rmse_med,ds_vs_clean_max_med,ds_vs_clean_max_max,dp_end_med,dp_end_max,end_err_med,clean_end_err_med,model_only_frac_med,rate_hz_min,backward_stamps,max_stamp_gap_max,n_windows,n_windows_isolated,n_glitch_0p3_sum,glitch_max_max,rejected_stamps_max,proc_us_p99_max,err_in_rms_med,err_in_rms_p90,err_in_max_med,err_in_max_p90,err_in_max_max,clean_err_in_max_med,dv_in_max_p90,dv_in_max_max,err_after_rms_med,err_after_max_p90,err_after_max_max,clean_err_after_max_p90,rec_gnss_med,rec_gnss_p90,rec_gnss_max,rec_clean_med,rec_clean_p90,rec_flags_med,rec_flags_p90,rec_speed_med,rec_speed_p90,not_recovered,ds_growth_abs_med,ds_growth_abs_p90,ds_growth_abs_max,model_only_in_med,wrong_family_rate,iso_err_in_max_p90,iso_rec_gnss_med,iso_rec_gnss_p90,n_det_required,det_rate,det_delay_med,det_delay_p90,exp_family,det_rate_all
S01_slip_single_bogie,7,0,0,0,0,0.0250893263783096,0.0248362340604818,0.0518137151146336,1.0818150000000024,1.0420090000000002,104258.64372201188,104258.29741576828,0.1191000000007989,1.929600000000164,0.0425019999488803,0.1011649642809378,130408.59483127166,130408.62383643996,0.0,40.32136432132421,0,0.05,33,33,0,0.0,0.0,532.0,0.0386168566473008,0.05910293111248474,0.0947709999999997,0.18249519999999922,1.0818150000000024,0.0540960000000003,0.13904419999999962,1.0324470000000012,0.0267513929032807,0.14191800000000143,0.1802499999999991,0.1447389999999991,0.2194118499755859,0.3490089893341064,2.053476333618164,0.2144417762756347,0.3233609199523925,0.1902124881744384,0.3076591491699218,0.0535445213317871,0.0900050640106201,0.0,0.0261000000000422,0.16987999999992093,1.3356000000001131,0.0,0.030303030303030304,0.18249519999999922,0.2194118499755859,0.3490089893341064,33.0,0.8787878787878788,0.1502976417541504,0.3030269145965576,slip,0.8787878787878788
S02_slip_both_bogies,7,0,0,0,0,0.0530978765132907,0.0248362340604818,0.1472251461359342,2.4055039999999988,2.4027639999999995,104263.46990671931,104258.29741576828,5.307700000000295,16.374499999999898,0.8245293505960105,15.407289292401398,130411.6990357318,130408.62383643996,0.005321499241158,40.32136432132421,0,0.05,34,34,3,0.6778040000000001,0.0,569.5310000000034,0.2824649473551344,0.7957875845614125,0.6824825000000001,1.2674818,1.925965,0.0618695000000002,1.2727236000000004,1.9332210000000003,0.027374111262426802,0.18914630000000035,2.4055039999999988,0.1363054000000001,0.23502397537231445,1.7798819780349728,8.36192798614502,0.17467129230499265,1.7798819780349728,0.15612328052520746,1.272046279907226,0.1533972024917602,1.1603295803070068,0.0,0.789299999999912,4.058720000000175,13.714899999999489,0.0,0.6764705882352942,1.2674818,0.23502397537231445,1.7798819780349728,34.0,0.7647058823529411,0.21927690505981445,0.5550130605697632,slip,0.7647058823529411
S03_slip_creep_plateau,7,0,0,0,0,0.0336104716164414,0.0248362340604818,0.0823997246167561,1.2155199999999995,1.2172350000000003,104270.96532110436,104258.29741576828,4.303200000000004,10.433700000000044,0.1883592578099073,3.081768560431574,130409.29219332416,130408.62383643996,0.0026475686177406,40.32136432132421,0,0.05,43,43,3,0.4101419999999987,0.0,408.6839999999996,0.0668062149081207,0.30627018804803957,0.1347310000000003,0.8602552,1.2155199999999995,0.0600319999999996,0.8287656,1.2156400000000005,0.0250159506474013,0.13724799999999907,0.5176170000000013,0.132022,0.234471321105957,0.533710956573487,1.2858171463012695,0.227576732635498,0.3999992847442627,0.1852381229400634,0.34341654777526864,0.0596303939819335,0.4076113700866699,0.0,0.0934999999997217,2.0616200000002216,6.282799999999725,0.0,0.23255813953488372,0.8602552,0.234471321105957,0.533710956573487,43.0,0.8604651162790697,0.1343169212341308,0.36993036270141594,slip,0.8604651162790697
S04_slide_braking_wsp,7,0,0,0,0,0.0293801087742894,0.0248362340604818,0.056046567020342,1.6534049999999998,1.80502,104259.71354125752,104258.29741576828,0.3161000000000058,2.6216000000003987,0.0109009173864841,0.2002213025696123,130408.63085186276,130408.62383643996,0.0,40.32136432132421,0,0.05,28,28,0,0.0,0.0,433.2959999999992,0.03419207638435055,0.4942865822044624,0.0721454999999997,0.9555412000000002,1.6534049999999998,0.048539500000000346,0.9528469000000003,1.644848,0.02032378408066925,0.12444070000000006,0.1348730000000002,0.12491890000000005,0.2526990175247192,1.0457281827926637,8.340096950531006,0.2526990175247192,0.8062150955200197,0.2526990175247192,0.8062150955200197,0.0656330585479736,0.3438048601150513,0.0,0.01804999999967545,0.3096099999998843,2.2445999999999917,0.0,0.17857142857142858,0.9555412000000002,0.2526990175247192,1.0457281827926637,28.0,0.9642857142857143,0.1182153224945068,0.2015601634979248,slide,0.9642857142857143
S05_slide_wheel_lock,7,0,0,0,0,0.0295268524180949,0.0248362340604818,0.1345006032953211,2.570061000000001,2.6132519999999992,104255.48669385572,104258.29741576828,1.037600000000566,12.50769999999966,0.0199371512501215,0.5278764817557033,130408.62793506285,130408.62383643996,0.0031997440204783,40.32136432132421,0,0.05,27,27,1,0.3626830000000001,0.0,426.2639999999927,0.0347678094872331,0.4154584715363765,0.1062480000000007,1.1527673999999999,2.14155,0.0516129999999996,1.1627624,2.183706,0.0190125320084643,0.14379999999999996,2.570061000000001,0.12818719999999997,0.3000490665435791,0.8600081443786622,4.910459756851196,0.2983143329620361,0.8600081443786622,0.2983143329620361,0.8600081443786622,0.0640606880187988,0.40273618698120145,0.0,0.0139999999998963,1.0585600000002189,4.944999999999709,0.0,0.8888888888888888,1.1527673999999999,0.3000490665435791,0.8600081443786622,27.0,1.0,0.1399993896484375,0.32342967987060556,slide,1.0
S06_dropout_short,7,0,0,0,0,0.0257385337917365,0.0248362340604818,0.0463258067558474,1.0599100000000004,0.6367539999999998,104257.86336987458,104258.29741576828,0.0984000000003106,0.3659999999999854,0.0024083189129258,0.0680029411121962,130408.645294833,130408.62383643996,0.0,40.30751713952424,0,0.05,76,76,0,0.0,0.0,416.2220000000001,0.0286453552686407,0.05738605357597838,0.0538749999999996,0.13414220000000002,0.6128619999999998,0.049,0.08587499999999948,0.6221749999999995,0.02507041224779815,0.14377899999999993,0.1672289999999998,0.14387599999999928,0.11064362525939934,0.18258082866668696,1.8556125164031985,0.10840404033660885,0.16677248477935785,0.10840404033660885,0.16677248477935785,0.06194031238555905,0.14912998676300043,0.0,0.00745000000034675,0.06539999999972675,0.2560999999999467,0.0,0.0,0.13414220000000002,0.11064362525939934,0.18258082866668696,43.0,0.9767441860465116,0.5616128444671631,0.6140069246292115,dropout,0.8157894736842105
S07_dropout_long,7,0,0,0,1,0.0412624447961778,0.0248362340604818,0.3718900366870652,6.113799,6.123948,103831.5305432514,104258.29741576828,2.5298000000002503,46.89439999999991,0.0625031999180679,0.2392089045181404,130408.63904924189,130408.62383643996,0.0,40.31729162079481,0,0.05,28,26,0,0.0,1.0,662.1120000000025,0.1380717764639193,0.4340986617678755,0.2734789999999996,0.8540486,6.113799,0.07120549999999956,0.8332169000000005,6.120755,0.0234182891159676,0.12479999999999995,0.1418129999999999,0.12479999999999995,0.1336021423339843,0.25549192428588874,2.7788877487182617,0.1336021423339843,0.25549192428588874,0.1336021423339843,0.25549192428588874,0.0936150550842285,0.25549192428588874,1.0,0.5630499999999756,2.989640000000122,35.875900000000456,0.0,0.0,0.8560810000000001,0.13346254825592035,0.20784342288970947,25.0,1.0,0.5350208282470703,0.6140485286712647,dropout,1.0
S08_stall_burst,7,0,0,0,0,0.0300402354083955,0.0248362340604818,0.0530046641261678,1.0599120000000002,0.5921189999999998,104254.17316041594,104258.29741576828,1.2789999999999964,2.275500000000648,0.0225011110755501,0.130406134834132,130408.53930410746,130408.62383643996,0.0,40.21465956745379,0,0.05,25,25,0,0.0,0.0,500.3389999999992,0.0304770992943882,0.0632970702392526,0.0634890000000001,0.12728459999999975,0.3554310000000003,0.0421050000000029,0.10479699999999993,0.3228530000000003,0.0302778645210643,0.3280309999999996,0.5932300000000001,0.10753259999999973,2.21160888671875,10.649378013610844,12.89212441444397,2.0237324237823486,10.649378013610844,2.0237324237823486,10.649378013610844,0.0695531368255615,2.900797557830811,0.0,0.0597999999999956,1.256240000000253,2.21979999999985,0.0,0.0,0.12728459999999975,2.21160888671875,10.649378013610844,,,,,,0.56
S09_outliers_spikes,7,0,0,0,0,0.024892738190602,0.0248362340604818,0.0457756255988836,1.0473800000000002,0.1123919999999999,104253.14878715792,104258.29741576828,0.2838000000001557,2.269600000000082,0.0241060158416494,0.031201602520588,130408.62474727449,130408.62383643996,0.0003817210164685,40.32136432132421,0,0.05,1570,727,0,0.0,0.0,460.7979999999996,0.0191777060038845,0.03985402349147796,0.032,0.06430960000000026,0.1456910000000011,0.0312030000000005,0.014576000000000047,0.1093829999999999,0.022102445142165,0.0954935000000003,1.0473800000000002,0.09584549999999956,1.0492371320724487,5.215852761268623,8.853792667388916,1.0487046241760254,5.13418900966645,1.0487046241760254,5.13418900966645,0.05440342426300045,0.09367778301239015,740.0,0.0019000000001482501,0.023019999999905807,1.511500000000524,0.0,0.8082802547770701,0.06606899999999981,1.051082968711853,5.008973360061647,165.0,1.0,0.0339190959930419,0.0795531749725341,invalid,0.6152866242038216
S10_invalid_values,7,0,0,0,0,0.0249281870064407,0.0248362340604818,0.0464800049356009,1.0612200000000005,0.0953509999999999,104258.1445517267,104258.29741576828,0.0843999999999596,0.5220000000001619,0.003224903095464,0.0161322658131332,130408.62181959208,130408.62383643996,0.0,40.28552455666545,0,0.05,1268,672,0,0.0,0.0,391.5,0.019545694593513,0.0386416057853013,0.031727,0.0633169999999996,0.1798649999999995,0.0312270000000003,0.0157790000000002,0.0719250000000011,0.0227626215749749,0.10033500000000053,1.0612200000000005,0.10083379999999999,1.013948917388916,1.0822240829467773,4.656518697738648,1.0117599964141846,1.0794395923614502,1.0117599964141846,1.0794395923614502,0.056228756904601995,0.0896905660629272,245.0,0.0004000000001269,0.0033999999996012,0.0243999999997868,0.0,0.06309148264984227,0.0635161999999997,1.0147957801818848,1.0840367078781128,731.0,1.0,0.0316612720489501,0.0794057846069336,invalid,0.5764984227129337
S11_frozen_sensor,7,0,0,0,2,0.1572278537566368,0.0248362340604818,0.4343068221103716,5.91181,5.922821,104305.9751860084,104258.29741576828,11.276000000000296,57.77279999999996,0.0233010729228838,0.1950254855013098,130408.63891912263,130408.62383643996,0.0,40.32136432132421,0,0.05,22,22,0,0.0,0.0,320.8969999999994,0.04284672381493735,1.7546557820078674,0.209293,2.9176827000000007,5.91181,0.06951099999999935,2.901033300000001,5.91481,0.0228105354355569,0.1267838,0.2037620000000006,0.12866409999999892,0.1838910579681396,1.0065879344940185,1.016793727874756,0.19539260864257807,1.0065879344940185,0.17977643013000486,1.0065879344940185,0.07321047782897945,0.20119295120239256,0.0,0.0405000000000086,10.510410000000332,20.739100000000008,0.0,0.0,2.9176827000000007,0.1838910579681396,1.0065879344940185,19.0,1.0,0.7684817314147949,0.9137276649475098,slide|stuck;stuck,1.0
S12_noise_increase,7,0,0,0,0,0.0265780758009146,0.0248362340604818,0.1866998157247693,1.955925,1.982212,104256.22383213404,104258.29741576828,0.2595000000001164,23.9443,0.021801146746558,0.2317544390043669,130408.66752306397,130408.62383643996,0.0,40.32136432132421,0,0.05,15,15,22,0.632617999999999,0.0,254.7740000000005,0.0331742421292346,0.3365829726383137,0.1737500000000003,0.8188197999999992,1.955925,0.1349120000000003,0.8391663999999996,1.97771,0.0205987910037688,0.5692739999999996,1.1935570000000002,0.10866520000000006,0.1639153957366943,3.1772541046142564,5.446261167526245,0.1639153957366943,3.1772541046142564,0.1639153957366943,3.1772541046142564,0.054614782333374,3.1772541046142564,0.0,0.0900000000001455,2.0727000000000313,2.6186000000002423,0.0,0.0,0.8188197999999992,0.1639153957366943,3.1772541046142564,,,,,,
S13_timing_jitter_dup_reorder,7,0,0,0,0,0.0257841764935616,0.0248362340604818,0.0285345600975894,0.401292,1.091465,104257.66346412472,104258.29741576828,0.7333000000003267,2.0511999999998807,0.0201367822595082,0.0918357773537274,130408.61570412172,130408.62383643996,0.0,41.848787969739575,0,0.05,0,0,0,0.0,0.0,507.83600000000007,,,,,,,,,,,,,,,,,,,,,,,,,,,,,,,,,,,,
S14_stamp_faults,7,0,0,0,0,0.0931592682617019,0.0248362340604818,0.2007701925841303,2.7068710000000005,2.763075,104377.18366052244,104258.29741576828,5.166900000000169,18.95590000000004,0.7311479535533613,7.075751771370373,130409.09537907156,130408.62383643996,0.0002742581317536,40.10632573337161,0,0.05,72,0,1,0.4781069999999996,436.0,476.9959999999963,0.07902528541728485,0.4094286302832739,0.30250400000000044,2.29487,2.7068710000000005,0.07183100000000034,2.2914281,2.711055,0.0263514254545088,0.6026185999999989,2.1128899999999997,0.1282,0.1276590824127197,2.677559185028083,27.63862705230713,0.1262140274047851,2.677559185028083,0.0900483131408691,0.7039608001708985,0.0891139507293701,2.677559185028083,23.0,0.0072499999994306,2.138029999999434,16.89670000000001,0.0,0.0,,,,,,,,,0.8194444444444444
S15_wheel_wear_scale,7,0,0,0,0,0.0311608388385166,0.0248362340604818,0.0720767671493309,0.989143,0.612393,104215.1639896832,104258.29741576828,9.974900000000162,23.92180000000008,9.8325956786658,23.245446137692717,130399.6559184434,130408.62383643996,0.0,40.32136432132421,0,0.05,0,0,0,0.0,0.0,495.7129999999998,,,,,,,,,,,,,,,,,,,,,,,,,,,,,,,,,,,,
S16_notch_faults,7,0,0,0,0,0.025121801113789,0.0248362340604818,0.0467968475071291,1.0627110000000002,0.1475600000000003,104258.3887223344,104258.29741576828,0.1729999999998881,0.1944000000003143,0.0053009433166326,0.0194381068937811,130408.62247018816,130408.62383643996,0.0,40.222804968512605,0,0.05,78,76,0,0.0,0.0,419.0300000000017,0.02848159737767665,0.04683236359871673,0.06366649999999915,0.1036982000000001,0.1656720000000002,0.0499164999999992,0.09124969999999996,0.1180799999999995,0.0247228683454103,0.12544240000000006,0.1867769999999997,0.11688299999999992,0.0710299015045166,0.12010769844055175,8.327178478240967,0.0710299015045166,0.11669697761535641,0.0710058212280273,0.11049132347106935,0.0651803016662597,0.09460263252258297,1.0,0.00224999999954885,0.01178000000013523,0.0603000000000975,0.0,0.02564102564102564,0.10512300000000005,0.07101786136627194,0.1171965599060058,28.0,1.0,0.6049381494522095,0.6188720703125,dropout,0.3717948717948718
S17_combined_moderate,7,0,0,0,1,0.062001243493612,0.0248362340604818,0.5366077250839059,8.452999999999998,8.479384,104263.00319104025,104258.29741576828,9.78269999999975,56.317800000000034,9.464153232607073,39.73467384904857,130405.8056542692,130408.62383643996,0.0001154179090122,41.587749755337455,0,0.05,535,379,9,0.4289260000000006,0.0,383.2919999999984,0.022543902139437598,0.05397972934623873,0.03818950000000005,0.10171840000000011,8.452999999999998,0.03280899999999935,0.061280000000000126,8.44003,0.025360928551952,0.1326059999999999,8.449,0.11766750000000026,1.0518686771392822,7.567342329025273,10.814764261245728,1.051019310951233,7.754198122024537,1.0508283376693726,7.754198122024537,0.0556039810180664,0.09884538650512693,97.0,0.0359000000000833,0.5452600000003258,39.28529999999989,0.0,0.5196261682242991,0.08489790000000015,1.051586627960205,5.0459033489227405,235.0,0.9744680851063829,0.0501885414123535,0.41426110267639177,dropout;invalid;slide;slip,0.7495327102803738
S18_combined_severe,7,0,0,0,4,0.4176765792519649,0.0248362340604818,0.777241198335273,7.968267,7.968985999999999,103696.00040018668,104258.29741576828,28.814100000000508,115.16420000000016,9.56258968429359,63.70331371915257,130407.80017023216,130408.62383643996,0.0554512292516566,40.42823736404978,0,0.05,3411,0,174,1.101503,287.0,892.9280000000006,0.0305268746982588,0.33850057020108704,0.05149549999999985,0.5502457000000002,7.968267,0.0331034999999997,0.5511407000000003,7.968985999999999,0.0298046798191997,0.5466688000000006,7.968267,0.08078119999999936,1.0487234592437744,1.7440729141235352,8.375548362731934,1.0458142757415771,1.5018433332443246,1.0457696914672852,1.4004621028900177,0.05813336372375485,0.2592454671859742,2436.0,0.0170000000002801,0.3816000000001622,37.22310000000016,0.0,0.7675168572266198,,,,1522.0,0.9645203679369251,0.04192948341369625,0.16636495590209954,dropout;invalid;slide;slide|stuck;slip;stuck,0.7644980865469532
S19_jury_style_simple,7,0,0,0,0,0.0588003026798743,0.0248362340604818,0.1318948612609146,1.7928650000000008,1.802339,104190.8520767074,104258.29741576828,4.76680000000033,12.416000000000054,0.301363435075841,2.301801537914089,130409.57742415628,130408.62383643996,0.0178810983375503,40.31240438015952,0,0.05,56,51,1,0.3305810000000004,0.0,425.45,0.09758309792877645,0.5206567501064898,0.23387550000000035,0.8434374999999998,1.757142,0.06259849999999975,0.8249560000000002,1.7020350000000004,0.027345178481016,0.13983659999999912,1.7928650000000008,0.1187202000000001,0.3101494312286377,4.568073129653941,8.36212158203125,0.2977292537689209,4.568073129653941,0.2977292537689209,4.548073148727428,0.1445937156677246,0.40804471969604517,3.0,0.5759999999997945,2.755149999999972,11.785200000000032,0.8722826086956521,0.39285714285714285,0.7677219999999991,0.306333065032959,5.071413040161133,56.0,0.875,0.1104912757873535,0.5812411785125733,dropout;slide;slide|stuck;slip,0.875
S20_natural_magnitude_slip_slide,7,0,0,0,0,0.0277177738549068,0.0248362340604818,0.0516684791548865,1.1371760000000002,1.2427360000000005,104257.48461443806,104258.29741576828,0.2892999999999119,1.7935999999999694,0.0369169337743511,0.1132060510675388,130408.57630057096,130408.62383643996,0.0025432781159395,40.32136432132421,0,0.05,43,43,1,0.3537939999999997,0.0,315.74000000000234,0.0349902897465202,0.22656931730502985,0.1003449999999999,0.8563398000000003,1.1371760000000002,0.0496529999999992,0.8366622000000007,1.1089700000000002,0.024230250798506,0.11978079999999952,0.1570979999999999,0.1201191999999992,0.2201795578002929,0.28113350868225095,1.3642573356628418,0.2201795578002929,0.28113350868225095,0.2147254943847656,0.28113350868225095,0.0613214969635009,0.23292942047119156,0.0,0.0315999999997984,0.12047999999986131,0.6889999999998508,0.0,0.2558139534883721,0.8563398000000003,0.2201795578002929,0.28113350868225095,43.0,0.9767441860465116,0.13826572895050046,0.3573864936828612,slide;slip,0.9767441860465116
X01_joint_slip_step10,7,0,0,0,0,0.0413002598847553,0.0248362340604818,0.0959123867376088,1.39207,1.398926,104251.72739628518,104258.29741576828,3.5562999999999647,9.257400000000416,0.3679217036247301,8.93231762982059,130408.8615917488,130408.62383643996,0.0081006828006949,40.32136432132421,0,0.05,21,21,1,0.4228829999999988,0.0,315.07099999999986,0.344419630001976,0.7198606008216554,0.5771749999999995,0.9273880000000004,1.39207,0.0665279999999999,0.9190919999999992,1.392522,0.0267644211754006,0.1100450000000012,0.1341619999999999,0.1176010000000005,0.5744314193725586,0.758540153503418,8.34999680519104,0.5744314193725586,0.758540153503418,0.5744314193725586,0.758540153503418,0.2284913063049316,0.4246716499328613,0.0,0.915100000000166,3.5394000000000005,4.163799999999355,0.0185185185185185,0.42857142857142855,0.9273880000000004,0.5744314193725586,0.758540153503418,21.0,0.5714285714285714,0.0630344152450561,0.2397865295410156,slip,0.5714285714285714
X02_joint_slip_step20,7,0,0,0,0,0.0613884392749084,0.0248362340604818,0.1163992682661959,1.6196709999999983,1.640772,104253.11318041405,104258.29741576828,5.359000000000378,8.747199999999793,0.3761724471655299,1.179609431118935,130409.37610267414,130408.62383643996,0.0085793136549076,40.32136432132421,0,0.05,21,21,0,0.0,0.0,333.7979999999996,0.2418033322122815,0.8255351796086584,0.4003669999999992,1.2475840000000007,1.382154,0.065040999999999,1.2433590000000008,1.3688590000000005,0.0305032521697864,0.429729,1.6196709999999983,0.120398999999999,0.3457880020141601,8.343159437179565,8.465878248214722,0.3457880020141601,8.343159437179565,0.3457880020141601,8.343159437179565,0.3294763565063476,2.1526710987091064,0.0,1.2109000000000378,4.318200000000161,7.214899999999943,0.925925925925926,0.3333333333333333,1.2475840000000007,0.3457880020141601,8.343159437179565,21.0,0.8571428571428571,0.05156087875366205,0.2051299571990966,slip,0.8571428571428571
X03_joint_slip_step30,7,0,0,0,0,0.0457311035037448,0.0248362340604818,0.1273578993657144,2.476394000000001,2.5117199999999986,104303.69367133424,104258.29741576828,3.520999999999731,11.512700000000224,0.1181245529126949,3.6860960961392015,130409.15933102032,130408.62383643996,0.0133902211386449,40.32136432132421,0,0.05,21,21,0,0.0,0.0,320.9799999999959,0.1324394798579224,0.4193043230045848,0.2864209999999998,0.7344499999999998,2.019527,0.0673779999999997,0.7058799999999996,1.9812049999999992,0.0317826540862641,1.104615,2.476394000000001,0.1398830000000011,0.3427848815917969,5.425577163696289,8.72022557258606,0.3394598960876465,5.425577163696289,0.3394598960876465,5.425577163696289,0.3394598960876465,5.239242792129517,0.0,0.2925000000000182,1.6517999999996391,11.514099999999871,0.9433962264150944,0.2857142857142857,0.7344499999999998,0.3427848815917969,5.425577163696289,21.0,0.9523809523809523,0.03731799125671385,0.20035917758941646,slip,0.9523809523809523
X04_joint_slip_ramp10,7,0,0,0,0,0.1197069977275481,0.0248362340604818,0.1404662065054341,1.447553000000001,1.4022880000000004,104405.60111656573,104258.29741576828,12.83390000000054,19.988600000000588,11.436923668967696,12.26657677878669,130413.71341293244,130408.62383643996,0.0,40.32136432132421,0,0.05,21,21,0,0.0,0.0,324.6709999999999,0.868477987010687,1.0307901023618742,1.171939999999999,1.3809929999999984,1.447553000000001,0.0631380000000003,1.3455010000000005,1.3971400000000005,0.0268934650095313,0.1294710000000005,0.1433890000000008,0.1176010000000005,0.3866989612579345,1.109337329864502,1.308670997619629,0.3463261127471924,0.8614170551300049,0.0463261604309082,0.0801565647125244,0.3866989612579345,1.109337329864502,0.0,4.560399999999845,6.834499999999935,7.022500000000491,0.0,0.0,1.3809929999999984,0.3866989612579345,1.109337329864502,21.0,0.0,,,slip,0.0
X05_joint_slip_ramp20,7,0,0,0,0,0.1673076081982592,0.0248362340604818,0.1835616248594392,2.2147640000000006,2.2324400000000004,104556.55476037036,104258.29741576828,15.561800000000405,22.387700000000223,15.437902337749083,21.311809499191096,130415.19542090884,130408.62383643996,0.0050728752602687,40.32136432132421,0,0.05,21,21,0,0.0,0.0,312.68800000000044,1.0078039123541829,1.5368711691539123,1.5138990000000003,2.081526,2.2147640000000006,0.0656069999999982,2.101773999999999,2.2289250000000003,0.0287887717344055,0.1479870000000005,0.2612369999999995,0.1344590000000001,0.8300566673278809,1.3957290649414062,3.126986503601074,0.3957290649414062,0.9519450664520264,0.0539259910583496,0.0775437355041503,0.8300566673278809,1.3957290649414062,0.0,8.666200000000572,10.46939999999995,11.132000000000062,0.0,0.0,2.081526,0.8300566673278809,1.3957290649414062,21.0,0.2857142857142857,1.1368707418441772,1.4312279224395752,slip,0.2857142857142857
X06_joint_slip_ramp30,7,0,0,0,0,0.0951076848486825,0.0248362340604818,0.1932476403822829,2.5180120000000006,2.5234789999999983,104370.20916783836,104258.29741576828,8.68119999999999,24.1845000000003,6.649751624692109,22.7462469787912,130411.70146469648,130408.62383643996,0.0096536059057353,40.32136432132421,0,0.05,21,21,0,0.0,0.0,330.6,0.4411041185330001,1.5592598224636451,1.273929,2.426312000000001,2.5180120000000006,0.069604,2.4155679999999986,2.519,0.0243536816951797,0.1710649999999987,0.2439199999999992,0.1176010000000005,0.3759620189666748,0.8710076808929443,1.1043314933776855,0.3759620189666748,0.7866356372833252,0.0719599723815918,0.1675853729248047,0.3759620189666748,0.8710076808929443,0.0,4.119599999999991,10.865299999999934,11.629899999999909,0.675,0.0,2.426312000000001,0.3759620189666748,0.8710076808929443,21.0,0.5238095238095238,0.7422246932983398,1.2155025005340576,slip,0.5238095238095238
X07_single_slip_step20,7,0,0,0,0,0.024804029994282,0.0248362340604818,0.046472969674572,1.0627090000000003,0.133175,104258.2352092697,104258.29741576828,0.0225000000000363,0.0835000000006402,0.0010049875664073,0.0048999999999068,130408.6235762015,130408.62383643996,0.0,40.32136432132421,0,0.05,21,21,0,0.0,0.0,299.4279999999955,0.0273248332860625,0.0393006567859103,0.0710139999999999,0.0872180000000018,0.1739430000000004,0.0701989999999987,0.0645689999999998,0.078386,0.0269014918157817,0.1447979999999997,0.1896149999999998,0.1447519999999986,0.2567803859710693,0.3092451095581054,0.3394091129302978,0.2567803859710693,0.3092451095581054,0.2567803859710693,0.3092451095581054,0.0479650497436523,0.0891013145446777,0.0,0.004699999999957,0.0247999999999137,0.0584000000001196,0.0,0.0,0.0872180000000018,0.2567803859710693,0.3092451095581054,21.0,1.0,0.0365056991577148,0.1216528415679931,slip,1.0
X08_joint_slide_step30,7,0,0,0,0,0.0255023639466133,0.0248362340604818,0.0468522125093982,1.0591660000000005,1.104504,104256.088027499,104258.29741576828,0.2817000000000007,2.289500000000089,0.0190013157441741,0.1022663678864008,130408.63612155906,130408.62383643996,0.0048457315918985,40.32136432132421,0,0.05,21,21,0,0.0,0.0,331.022000000003,0.0550559941434629,0.1538983334645527,0.1056600000000003,0.4878660000000003,0.824117,0.0509430000000001,0.5076620000000003,0.7935619999999999,0.0241733347424465,0.133,0.1349059999999999,0.133,0.2846968173980713,0.3377995491027832,0.5865683555603027,0.2846968173980713,0.3377995491027832,0.2846968173980713,0.3377995491027832,0.0782060623168945,0.2860338687896728,0.0,0.0759999999999081,0.2719999999999345,0.4597000000001117,0.875,0.14285714285714285,0.4878660000000003,0.2846968173980713,0.3377995491027832,21.0,1.0,0.0377106666564941,0.0847229957580566,slide,1.0
X09_joint_lock_2s,7,0,0,0,0,0.0250683547141041,0.0248362340604818,0.0473132544278824,1.0566030000000002,0.3256589999999999,104258.64715925408,104258.29741576828,0.1654000000007727,0.3431999999999107,0.0124004032261421,0.039496961912671,130408.627739884,130408.62383643996,0.0051864470944539,40.32136432132421,0,0.05,21,21,0,0.0,0.0,336.3439999999988,0.0483589992275651,0.085886227836598,0.0951379999999995,0.1427110000000002,0.3628330000000002,0.0460059999999997,0.12087,0.3235840000000003,0.0224528788358408,0.133,0.1406320000000018,0.133,0.2693002223968506,0.3096985816955566,0.3607938289642334,0.2693002223968506,0.3096985816955566,0.2693002223968506,0.3096985816955566,0.0693001747131347,0.2890868186950683,0.0,0.0481999999999516,0.1702000000000225,0.3428000000000111,0.875,0.38095238095238093,0.1427110000000002,0.2693002223968506,0.3096985816955566,21.0,1.0,0.0422396659851074,0.0717229843139648,slide,1.0
X10_drop_wheels_0p5,7,0,0,0,0,0.0248687465429955,0.0248362340604818,0.0463349531884031,1.0600210000000003,0.0737969999999998,104258.27482731646,104258.29741576828,0.0216000000000349,0.0295000000005529,0.0016155494540214,0.0067007462397417,130408.6194775788,130408.62383643996,0.0,40.31973524111245,0,0.05,28,28,0,0.0,0.0,250.3,0.0277460882432104,0.04917847229312868,0.0521320000000002,0.08860440000000118,0.1050759999999999,0.0485189999999997,0.0643214,0.0703409999999999,0.02574276016551545,0.13369839999999975,0.2050540000000005,0.13371169999999977,0.08122575283050534,0.18988075256347658,0.8311488628387451,0.08122575283050534,0.18988075256347658,0.08122575283050534,0.18988075256347658,0.06844758987426755,0.08449907302856441,0.0,0.0039000000006126,0.016909999999961633,0.0240000000007967,0.0,0.0,0.08860440000000118,0.08122575283050534,0.18988075256347658,,,,,,0.7857142857142857
X11_drop_wheels_1,7,0,0,0,0,0.0248989744319811,0.0248362340604818,0.0463392583808108,1.0599550000000002,0.1567959999999999,104258.45637153312,104258.29741576828,0.058800000000005,0.0937999999996463,0.005900847385971,0.0741062075581572,130408.64119607676,130408.62383643996,0.0,40.32136432132421,0,0.05,28,28,0,0.0,0.0,262.4,0.028395852572319802,0.06564093581538918,0.05781799999999965,0.11844849999999997,0.1643759999999998,0.04267449999999965,0.09306629999999999,0.1504319999999999,0.02390567356007035,0.12763219999999992,0.2049600000000007,0.1277671000000001,0.13531816005706787,0.1955320596694946,2.225922107696533,0.13477778434753415,0.1749636888504028,0.13477778434753415,0.1749636888504028,0.0711457729339599,0.1690790653228759,0.0,0.00905000000011565,0.027219999999806475,0.0691999999990002,0.0,0.0,0.11844849999999997,0.13531816005706787,0.1955320596694946,28.0,1.0,0.5700374841690063,0.6186792373657226,dropout,1.0
X12_drop_wheels_2,7,0,0,0,0,0.0258646862263866,0.0248362340604818,0.0466689201129475,1.0606210000000005,0.6850180000000012,104256.33693055937,104258.29741576828,0.3061000000002423,0.8221000000003187,0.0557112197076344,0.2762144275669443,130408.56225885137,130408.62383643996,0.0,40.31810616090069,0,0.05,28,28,0,0.0,0.0,338.20500000000027,0.04501742202621414,0.1147241375131064,0.09118049999999955,0.2544614000000001,0.739903,0.056711500000000456,0.21671940000000112,0.6776599999999995,0.02662864800853815,0.15354439999999994,0.195,0.15352459999999996,0.13381528854370117,0.27394199371337885,1.1807568073272705,0.1327567100524902,0.242996883392334,0.1327567100524902,0.242996883392334,0.08217704296112055,0.20446376800537114,0.0,0.07199999999954795,0.2836399999997867,0.6006000000002132,0.0,0.0,0.2544614000000001,0.13381528854370117,0.27394199371337885,28.0,1.0,0.5639872550964355,0.6120017528533935,dropout,1.0
X13_drop_wheels_5,7,0,0,0,0,0.0326256238263118,0.0248362340604818,0.049914517830978,1.0598770000000002,0.638973,104254.62044907248,104258.29741576828,1.2998000000000047,2.178500000000213,0.0766220594869885,0.2101055211171829,130408.5689598544,130408.62383643996,0.0,40.31810616090069,0,0.05,21,21,0,0.0,0.0,287.9779999999984,0.1077620747355111,0.2896127637650912,0.2439950000000017,0.5251869999999998,0.681477000000001,0.06325,0.5073550000000004,0.6337030000000006,0.0230999556697589,0.1284619999999989,0.152,0.1259579999999989,0.1328473091125488,0.1844773292541504,0.82131028175354,0.1309056282043457,0.1827607154846191,0.1309056282043457,0.1827607154846191,0.1216156482696533,0.1844773292541504,0.0,0.1819000000000414,1.1102000000000771,1.276299999999992,0.0,0.0,0.5251869999999998,0.1328473091125488,0.1844773292541504,21.0,1.0,0.5471446514129639,0.5907652378082275,dropout,1.0
X14_drop_wheels_10,7,0,0,0,0,0.0646384498169675,0.0248362340604818,0.1796426256436781,4.90726,4.9698850000000006,104254.18060519556,104258.29741576828,3.698699999999917,11.593399999999749,0.1056996688786689,1.2781257528171697,130408.628910957,130408.62383643996,0.0,40.31240438015952,0,0.05,21,21,0,0.0,0.0,448.2459999999977,0.1508746359391513,0.4863425028977505,0.2619689999999997,0.9322320000000002,4.90726,0.067047,0.931303,4.89051,0.0235981969425416,0.1359999999999999,0.1549770000000006,0.1359999999999999,0.1322603225708007,0.2710540294647217,9.532772064208984,0.1322603225708007,0.2710540294647217,0.1322603225708007,0.2710540294647217,0.1261329650878906,0.2682688236236572,0.0,0.9442000000003644,3.571599999999989,11.409200000000055,0.0,0.0,0.9322320000000002,0.1322603225708007,0.2710540294647217,21.0,1.0,0.5848472118377686,0.6275656223297119,dropout,1.0
X15_drop_front_5,7,0,0,0,0,0.0248542526604993,0.0248362340604818,0.0463553910501173,1.060242,0.0638329999999998,104258.33836603936,104258.29741576828,0.0108000000000174,0.0458000000000993,0.000400000004447,0.001300000003539,130408.62331596306,130408.62383643996,0.0,40.32136432132421,0,0.05,21,21,0,0.0,0.0,495.1220000000016,0.0279083988111109,0.0359529513819478,0.0642449999999996,0.0960509999999996,0.1164240000000012,0.0666069999999998,0.020969,0.0631750000000002,0.0248198847198869,0.133,0.1570769999999999,0.133,0.1265296936035156,0.1717250347137451,0.6312227249145508,0.1265296936035156,0.1717250347137451,0.1265296936035156,0.1717250347137451,0.0605428218841552,0.0852153301239013,0.0,0.0038000000004103,0.0073000000002139,0.0389999999999872,0.0,0.0,0.0960509999999996,0.1265296936035156,0.1717250347137451,21.0,1.0,0.5641992092132568,0.6113433837890625,dropout,1.0
X16_drop_rear_10,7,0,0,0,0,0.0248681999974819,0.0248362340604818,0.0463223967328524,1.0593350000000004,0.1052759999999999,104258.35517342636,104258.29741576828,0.0280999999995401,0.069300000000112,0.0045880278867521,0.0263600075938715,130408.62695916864,130408.62383643996,0.0,40.32136432132421,0,0.05,21,21,0,0.0,0.0,512.5709999999999,0.0254482213432162,0.0402216153491532,0.076,0.1029399999999998,0.1372160000000004,0.0709869999999996,0.0456459999999996,0.0664850000000001,0.0258848096538339,0.1101669999999996,0.1314669999999997,0.1103009999999997,0.1306993961334228,0.17057466506958,0.260545015335083,0.1306993961334228,0.17057466506958,0.1306993961334228,0.17057466506958,0.0605452060699462,0.0844807624816894,0.0,0.0029000000001815,0.0192999999999301,0.024199999999837,0.0,0.0,0.1029399999999998,0.1306993961334228,0.17057466506958,21.0,1.0,0.5620622634887695,0.608572244644165,dropout,1.0
X17_drop_cmd_5,7,0,0,0,0,0.0250554645979326,0.0248362340604818,0.0463677680046918,1.0599120000000002,0.1283099999999999,104258.23022709832,104258.29741576828,0.1640999999999621,0.1803999999999632,0.0018867962234793,0.0410024389493332,130408.62299066504,130408.62383643996,0.0,40.190223364277365,0,0.05,21,21,0,0.0,0.0,561.7360000000015,0.0321338233602142,0.0491338713492396,0.080864,0.1520130000000001,0.186357000000001,0.0693570000000001,0.1183649999999998,0.1243940000000005,0.0256145084313611,0.143,0.152,0.143,0.0851204395294189,0.2814946174621582,8.117864608764648,0.0823369026184082,0.1313843727111816,0.0823369026184082,0.1313843727111816,0.0613062381744384,0.1613712310791015,0.0,0.0036000000009153,0.0169999999998253,0.0988999999999578,0.0,0.047619047619047616,0.1520130000000001,0.0851204395294189,0.2814946174621582,21.0,1.0,0.6073126792907715,0.6281788349151611,dropout,1.0
X18_drop_vehicle_5,7,0,0,0,0,0.1228090441689833,0.0248362340604818,0.1682862070915071,3.6482829999999975,3.617844,104238.88539883202,104258.29741576828,6.313300000000254,10.260600000000522,0.1495856276561715,9.744791425677986,130408.88575006025,130408.62383643996,0.0,40.07130050881873,0,0.05,21,21,0,0.0,3.0,1065.3779999999983,0.7185518838786293,1.6613968941629047,1.2314999999999996,2.948431,3.6482829999999975,0.0694740000000004,2.930664,3.617844,0.0250973170473993,0.1327029999999998,0.156474,0.1327309999999997,0.1343998908996582,0.5315036773681641,2.131380081176758,0.1321151256561279,0.5315036773681641,0.1321151256561279,0.5315036773681641,0.1254816055297851,0.2181923389434814,0.0,0.9890999999997804,6.952399999999898,10.126100000000406,0.0,0.0,2.948431,0.1343998908996582,0.5315036773681641,,,,,,1.0
X19_frozen_wheels_hold5,7,0,0,0,0,0.0927514820462729,0.0248362340604818,0.1577978116503298,2.8376610000000007,2.840689,104238.67701689042,104258.29741576828,5.585700000000088,10.64680000000044,0.39552140270658,6.412296431066418,130410.2819472421,130408.62383643996,7.270876504162576e-05,40.32136432132421,0,0.05,21,21,0,0.0,0.0,304.88799999999753,0.7196560616694951,1.171077824697592,1.1900340000000011,1.8789180000000003,2.8376610000000007,0.082942,1.882293,2.832458000000001,0.0248959522540505,0.143,0.165325,0.143,0.1686286926269531,0.380810022354126,0.6324620246887207,0.1606876850128173,0.2716221809387207,0.1324620246887207,0.2348959445953369,0.1686286926269531,0.380810022354126,0.0,1.4642999999999802,5.506800000000112,8.087399999999434,0.0,0.0,1.8789180000000003,0.1686286926269531,0.380810022354126,18.0,1.0,0.829670786857605,0.9195085287094117,stuck,1.0
X20_frozen_front_hold10,7,0,0,0,1,0.0285867214976102,0.0248362340604818,0.4116274460793995,6.513548999999999,6.527717,104254.385604425,104258.29741576828,0.48700000000008,54.85490000000027,0.0443019187029796,50.92807308872142,130408.1376312926,130408.62383643996,0.0,40.32136432132421,0,0.05,21,21,0,0.0,0.0,235.4610000000008,0.0353529498759768,0.1746436050118451,0.143084,0.6565539999999999,6.513548999999999,0.0712139999999994,0.6228230000000003,6.513576,0.02253484353125065,0.19010760000000065,2.745026,0.12601649999999984,0.12864732742309565,0.9400370597839357,1.0182197093963623,0.12864732742309565,0.9400370597839357,0.12864732742309565,0.9400370597839357,0.033436894416809,0.08313000202178954,1.0,0.0581999999999425,0.505100000000084,34.769000000000005,0.0,0.0,0.6565539999999999,0.12864732742309565,0.9400370597839357,17.0,1.0,0.8609511852264404,0.9285317420959472,stuck,1.0
X21_frozen_wheels_zero3,7,0,0,0,0,0.0283743230653789,0.0248362340604818,0.0463112838992129,1.0598020000000004,0.7061600000000006,104254.53780930598,104258.29741576828,0.5288000000000466,1.106399999999894,0.0182010988738158,0.0410231641798897,130408.61199585696,130408.62383643996,0.0073981168429854,40.32136432132421,0,0.05,21,21,0,0.0,0.0,211.6709999999999,0.0511325792297408,0.2158594617805099,0.1160899999999998,0.3799420000000002,0.7045530000000007,0.0567109999999999,0.3594900000000001,0.7031130000000001,0.0270683295071026,0.152,0.1669430000000002,0.1446870000000011,0.4176070690155029,8.332304954528809,10.480796098709106,0.4176070690155029,8.332304954528809,0.4176070690155029,8.332304954528809,0.1609566211700439,0.5710098743438721,0.0,0.1053000000001702,0.2744000000000142,0.8691999999996369,0.8857142857142857,0.38095238095238093,0.3799420000000002,0.4176070690155029,8.332304954528809,21.0,1.0,0.0781915187835693,0.1330008506774902,slide|stuck,1.0
X22_nan_burst,7,0,0,0,0,0.0249066584226145,0.0248362340604818,0.0463554348714554,1.060089,0.093978,104258.04330516636,104258.29741576828,0.029700000000048,0.3166000000001077,0.0043046486448742,0.0069007246072239,130408.61967262503,130408.62383643996,0.0,40.32136432132421,0,0.05,333,286,0,0.0,0.0,320.5129999999997,0.02081007842470605,0.040363749702321434,0.04109049999999965,0.07505060000000062,0.1831669999999992,0.040514499999999745,0.016522299999999924,0.079412,0.023490976097389503,0.12130000000000006,0.25536,0.12130000000000006,1.053163766860962,1.094076919555664,2.6864137649536133,1.0518176555633545,1.0907235622406006,1.0518176555633545,1.0907235622406006,0.053943395614624,0.09795703887939448,26.0,0.0019999999994979,0.008919999999920884,0.0773999999996704,0.0,0.0,0.07487580000000058,1.0518176555633545,1.0936063766479491,333.0,1.0,0.0294556617736816,0.07064580917358396,invalid,1.0
X23_spikes_only,7,0,0,0,0,0.0248940360188692,0.0248362340604818,0.0437914793890396,0.975531,0.603327,104254.68064066244,104258.29741576828,0.7740000000000009,2.196700000000419,0.0341107021375159,0.0964044086223265,130408.67565525406,130408.62383643996,0.0002113230745586,40.32136432132421,0,0.05,1601,732,0,0.0,0.0,276.3830000000023,0.018499178895178853,0.0376027643192509,0.028947999999999897,0.059562499999998755,0.6255580000000001,0.028661499999999653,0.0115475000000007,0.052664,0.0217653667304973,0.0975099999999997,0.975531,0.0974739999999996,1.0589430332183838,8.039285564422608,8.827508449554443,1.0580142736434937,8.038636660575866,1.0580142736434937,8.038636660575866,0.0544323921203613,0.09162449836730956,878.0,0.0018000000000029,0.0212999999999965,1.431500000000142,0.0,0.9269206745783886,0.0597339999999988,1.0549521446228027,8.040172290802001,,,,,,0.6420986883198001
X24_notch_stuck5,7,0,0,0,0,0.0249972132053192,0.0248362340604818,0.048324043654557,1.101862,0.4754590000000001,104258.33373830673,104258.29741576828,0.1012999999999237,0.1550999999999476,0.0026019223587833,0.0047095647261342,130408.62578822824,130408.62383643996,0.0,40.32136432132421,0,0.05,34,34,0,0.0,0.0,269.0939999999988,0.03357182847543025,0.049281377701530606,0.08034300000000005,0.1241171999999993,0.1845709999999982,0.06426800000000016,0.08602429999999928,0.1311130000000009,0.02588589720624165,0.1340136000000002,0.166563,0.1239,0.07096588611602775,0.5216607570648192,1.3836610317230225,0.0709244012832641,0.18878319263458238,0.0709244012832641,0.08378567695617674,0.07096588611602775,0.5216607570648192,0.0,0.0023499999999785004,0.011640000000033958,0.0342000000000553,0.0,0.0,0.1241171999999993,0.07096588611602775,0.5216607570648192,,,,,,0.0
X25_notch_offset5,7,0,0,0,0,0.0248321570818117,0.0248362340604818,0.0463385751706115,1.0599120000000002,0.0684789999999999,104258.29229494534,104258.29741576828,0.0421000000000049,0.0705000000002655,0.0005999999993946,0.0021954498342599,130408.62292560542,130408.62383643996,0.0,40.32136432132421,0,0.05,36,36,0,0.0,0.0,192.1610000000008,0.02688470470999625,0.0359030591618905,0.06901950000000001,0.08842949999999991,0.1674010000000008,0.06202800000000015,0.0400335000000007,0.049601,0.024612631074646,0.12416999999999985,0.145,0.12410150000000005,0.06805086135864255,0.08383858203887935,1.0151002407073977,0.06805086135864255,0.08381009101867676,0.06805086135864255,0.08381009101867676,0.06805086135864255,0.08383858203887935,0.0,0.00115000000017665,0.00480000000024455,0.0084999999999126,0.0,0.0,0.08842949999999991,0.06805086135864255,0.08383858203887935,,,,,,0.0
X26_notch_jump,7,0,0,0,0,0.0248476758048939,0.0248362340604818,0.0463212056482147,1.0591810000000002,0.0396640000000001,104258.29944560005,104258.29741576828,0.0078000000000884,0.0119000000004234,0.0002000000094994,0.0005999999993946,130408.62370632072,130408.62383643996,0.0,40.32136432132421,0,0.05,42,42,0,0.0,0.0,190.3389999999992,0.0240813276896539,0.039161179472215896,0.03752749999999945,0.05970679999999968,0.0756209999999999,0.03574849999999945,0.02121659999999907,0.0290379999999998,0.025011790327799703,0.14345300000000114,0.2033060000000004,0.14361910000000097,0.03383207321166985,0.12877440452575672,1.171034336090088,0.03383207321166985,0.0838447093963623,0.03383207321166985,0.0838447093963623,0.03383207321166985,0.12877440452575672,0.0,0.000199999999495,0.0010799999996379398,0.0027000000000043,0.0,0.0,0.05970679999999968,0.03383207321166985,0.12877440452575672,,,,,,0.0
X27_noise_both_0p3,7,0,0,0,0,0.0317151576627963,0.0248362340604818,0.0513286098341006,1.0599120000000002,0.3439740000000002,104262.07097787363,104258.29741576828,0.2147999999999683,0.4242000000003827,0.0159768582772525,0.1399077910717825,130408.61960756544,130408.62383643996,0.0,40.32136432132421,0,0.05,14,14,1,0.3073270000000003,0.0,186.5,0.0536476299844541,0.05697039592891298,0.2139989999999998,0.2810372000000007,0.3100509999999996,0.12936549999999986,0.2860381000000003,0.3270729999999995,0.026607668684716,0.145,0.256198,0.145,0.0611217021942138,0.08403248786926262,0.2323634624481201,0.0611217021942138,0.08403248786926262,0.0350337028503418,0.08147153854370112,0.0611217021942138,0.08403248786926262,1.0,0.05489999999997505,0.1367500000000291,0.1876999999999498,0.0,0.0,0.2810372000000007,0.0611217021942138,0.08403248786926262,,,,,,
X28_noise_both_0p6,7,0,0,0,0,0.0599028136216155,0.0248362340604818,0.1718558987369174,3.4991229999999995,3.609368,104250.9820414696,104258.29741576828,0.7580000000007203,8.420000000000073,0.2305095876582194,8.200714767016871,130408.12033659304,130408.62383643996,0.0009142682996514,40.32136432132421,0,0.05,14,14,71,0.6070579999999999,0.0,202.31299999999973,0.1255454249326933,0.14547755357496403,0.6111959999999996,0.6931662999999996,3.4991229999999995,0.11649999999999999,0.6891503999999996,3.594703,0.02455756775921345,0.11785120000000006,0.1338280000000002,0.11792160000000003,0.07907891273498535,0.8115402698516848,0.9185965061187744,0.05512106418609615,0.17677304744720462,0.05512106418609615,0.17677304744720462,0.07907891273498535,0.8115402698516848,2.0,0.0645499999999401,0.42709000000013486,8.335200000000441,0.0042237306022593,0.0,0.6931662999999996,0.07907891273498535,0.8115402698516848,,,,,,
X29_noise_both_1p2,7,0,0,0,0,0.1321200251449886,0.0248362340604818,0.1581154410854879,1.297686,1.301313,104241.39797350595,104258.29741576828,6.673699999999826,10.934799999999996,0.2124887997158899,10.506806221207093,130408.58293651543,130408.62383643996,0.0303220071916286,40.32136432132421,0,0.05,14,14,128,0.9860749999999996,0.0,200.1,0.2939001443953971,0.33573098376295424,1.0827094999999993,1.2580563999999999,1.297686,0.13372950000000006,1.2550440999999997,1.294079,0.02283910586656655,0.23303150000000006,0.9477070000000012,0.13185789999999975,0.14655697345733643,0.5613305568695068,7.770765066146851,0.14655697345733643,0.5613305568695068,0.14655697345733643,0.5613305568695068,0.0978760719299316,0.41118299961090093,2.0,0.5880999999999403,2.8226899999999446,4.108899999999949,0.1687768752986144,0.0,1.2580563999999999,0.14655697345733643,0.5613305568695068,,,,,,
