# stop landmarks + stop-place mixture components, ALL events (map/stops.csv landmark rows unchanged)
# format = maps/landmarks.csv; extra rows (cls=secondary) are mixture components of the place at parent_s,
# see the *_components.csv sidecar; the loader reads s,sigma,p_stop and ignores cls
s,sigma,p_stop,cls
0.139,0.200,0.042,terminal
146.266,0.200,0.618,platform
191.679,0.564,0.457,signal
192.890,0.200,0.086,secondary
277.816,0.352,0.314,signal
555.172,0.318,0.588,platform
572.922,0.302,0.412,signal
881.383,0.201,0.735,platform
887.971,0.318,0.118,signal
915.703,0.200,0.088,signal
964.233,0.200,0.176,signal
2398.771,0.222,0.118,signal
2888.462,0.200,0.147,signal
3000.522,0.398,0.794,platform
3005.775,0.200,0.176,secondary
3221.476,0.434,0.324,signal
3433.426,0.458,0.794,platform
3439.488,0.266,0.235,signal
3579.379,0.200,0.118,signal
3920.870,0.352,0.441,signal
4100.148,0.559,0.735,platform
4321.121,0.208,0.394,signal
4576.905,0.200,0.727,platform
4997.221,0.200,0.667,platform
5217.591,0.200,0.727,platform
5334.656,0.248,0.516,platform
5633.267,0.200,0.000,terminal
5645.324,0.855,0.091,terminal
5689.048,0.200,0.240,signal
5713.471,0.200,0.111,signal
5870.495,0.200,0.697,platform
6083.627,0.200,0.697,platform
6496.577,0.200,0.676,platform
6763.236,0.200,0.265,signal
6996.534,0.337,0.176,signal
7088.339,0.275,0.618,platform
7095.698,0.410,0.086,signal
7147.762,0.496,0.114,signal
7650.555,0.251,0.765,platform
7657.079,0.200,0.147,signal
7818.877,0.246,0.353,signal
8043.751,0.200,0.091,signal
8081.282,0.367,0.758,platform
8089.820,0.200,0.182,signal
8178.252,0.335,0.152,signal
8474.417,0.865,0.121,signal
10111.790,0.343,0.394,signal
10204.156,0.200,0.735,platform
10496.666,0.200,0.471,signal
10878.746,0.290,0.394,signal
10960.865,0.511,0.781,platform
