bag,variant,along_rmse,along_max,cross_rmse,p3_rmse,end_err,ref_rtk
30639_3b3d9eb8,cur,3.007479028289928,16.380906100584188,0.7407510636686291,6.948060468158243,5.089016197655273,0.0
30639_3b3d9eb8,mix,3.1120264872780736,16.84267409118799,0.740863052039285,6.994275579280955,5.088932697445469,0.0
30639_3b3d9eb8,q0,2.9617855213856323,16.20469499323675,0.7390296873481089,6.928363260778009,5.138547995912011,0.0
30639_3b3d9eb8,oracle,3.007479028289928,16.380906100584188,0.7407510636686291,6.948060468158243,5.089016197655273,0.0
30639_9c362687,cur,12.998080403863483,24.86629773556502,15.204687887636856,25.33717534182104,12.394175321730904,0.05920035343494588
30639_9c362687,mix,12.998080403863483,24.86629773556502,15.204687887636856,25.33717534182104,12.394175321730904,0.05920035343494588
30639_9c362687,q0,12.909155812753491,24.86185765042875,15.20506117428128,25.291712687526182,12.384512014767665,0.05920035343494588
30639_9c362687,oracle,12.997870312876376,24.86629773556502,15.204700589550473,25.337070083148163,12.384595686142745,0.05920035343494588
30618_e3d94878,cur,1.164967843865202,4.6883228891540485,6.963836185471316,7.06149561222641,0.43133912427343934,1.0
30618_e3d94878,mix,1.164967843865202,4.6883228891540485,6.963836185471316,7.06149561222641,0.43133912427343934,1.0
30618_e3d94878,q0,1.1616568786249313,4.6883228891540485,6.963836343226606,7.0609500899812865,0.44378652750049885,1.0
30618_e3d94878,oracle,1.165020022240584,4.6883228891540485,6.96383642251647,7.061504464862999,0.44164659091455427,1.0
30618_2f104a1d,cur,0.4060303850953575,2.6412039911207126,0.08593292482467076,0.41951538960158824,0.2371735203134948,0.9972819569909666
30618_2f104a1d,mix,0.4060303850953575,2.6412039911207126,0.08593292482467076,0.41951538960158824,0.2371735203134948,0.9972819569909666
30618_2f104a1d,q0,0.40679653869650917,2.6404828810125007,0.08594359373445101,0.4202573171569835,0.23735754374329013,0.9972819569909666
30618_2f104a1d,oracle,0.40840961722001007,2.6412039911207126,0.0861829359407135,0.4218730808816528,0.4163459272367328,0.9972819569909666
30618_b95ca60a,cur,2.2236696198414743,28.30382750747033,0.3232063919975787,2.557802192734367,4.591095064781758,0.977734842211795
30618_b95ca60a,mix,2.2236696198414743,28.30382750747033,0.3232063919975787,2.557802192734367,4.591095064781758,0.977734842211795
30618_b95ca60a,q0,2.2162812842514574,28.275751938886508,0.32312290250275905,2.5513572816413035,4.590315542843901,0.977734842211795
30618_b95ca60a,oracle,2.2237847881157946,28.30382750747033,0.3232321681837879,2.5578991443558907,4.592470870458218,0.977734842211795
30618_0f120b35,cur,0.6611711138500277,10.776982917993884,0.20246180294045388,0.7140080247462075,0.2846430383742733,0.9809934878085719
30618_0f120b35,mix,0.6611711138500277,10.776982917993884,0.20246180294045388,0.7140080247462075,0.2846430383742733,0.9809934878085719
30618_0f120b35,q0,0.6063252192099076,10.779505291376204,0.20205265329036423,0.6634283098732237,0.3436645374773966,0.9809934878085719
30618_0f120b35,oracle,0.6545675272330617,10.776982917993884,0.20213273294371195,0.7077998577051899,0.11107831037244174,0.9809934878085719
30618_f19a4ac3,cur,0.945523936972641,4.535807679302511,3.403320290394789,4.298227437184265,0.5618447456039298,0.9526993147250543
30618_f19a4ac3,mix,0.945523936972641,4.535807679302511,3.403320290394789,4.298227437184265,0.5618447456039298,0.9526993147250543
30618_f19a4ac3,q0,0.9387325404179461,4.535807679302511,3.403317026014875,4.296680746740467,0.558848766067595,0.9526993147250543
30618_f19a4ac3,oracle,0.945596418795008,4.535807679302511,3.403321416688182,4.298244159000081,0.5669839542322402,0.9526993147250543
30618_22c1c589,cur,0.46989403475293245,4.243296313918351,0.056234161582629956,0.6251178855835924,0.37258944149927575,0.992639418081053
30618_22c1c589,mix,0.46989403475293245,4.243296313918351,0.056234161582629956,0.6251178855835924,0.37258944149927575,0.992639418081053
30618_22c1c589,q0,0.47024565879112745,4.276469341999706,0.056229781257881556,0.6254274171341083,0.3750009474267055,0.992639418081053
30618_22c1c589,oracle,0.4753216818032814,4.243296313918351,0.05731006578215368,0.6293033858979279,0.5680809294324276,0.992639418081053
30618_616ec56b,cur,6.338447805178207,46.502671082633746,0.5935052480510884,6.555295290658003,0.4987321231711535,0.9656282701440876
30618_616ec56b,mix,6.338447805178207,46.502671082633746,0.5935052480510884,6.555295290658003,0.4987321231711535,0.9656282701440876
30618_616ec56b,q0,6.327810572116999,46.489246918891745,0.5937717483266888,6.5450162419150875,0.7033661496673798,0.9656282701440876
30618_616ec56b,oracle,6.338454380196738,46.502671082633746,0.5935068804910253,6.555301804828309,0.5030652479167501,0.9656282701440876
30618_6cb3280a,cur,0.5432177888993633,7.628962342500423,0.33953651738005386,1.2988770679941128,2.4469975190345914,0.9955965098263068
30618_6cb3280a,mix,0.5432177888993633,7.628962342500423,0.33953651738005386,1.2988770679941128,2.4469975190345914,0.9955965098263068
30618_6cb3280a,q0,0.539283505093079,7.599773832347192,0.3396692259783143,1.2973083863120716,2.445860482364268,0.9955965098263068
30618_6cb3280a,oracle,0.5438017196603084,7.628962342500423,0.34011505776329737,1.2994076487007344,2.4458627919392124,0.9955965098263068
30618_2366c74a,cur,1.0219237766491724,2.824889458252982,1.2159825403188234,3.1461217780193342,1.466254706755432,0.6398043016708206
30618_2366c74a,mix,1.0219237766491724,2.824889458252982,1.2159825403188234,3.1461217780193342,1.466254706755432,0.6398043016708206
30618_2366c74a,q0,0.9355667963474964,2.6911435725080013,1.2197659011445177,3.1201312105268415,0.32529155472001753,0.6398043016708206
30618_2366c74a,oracle,0.9923142654116732,2.808965862472701,1.216755437314492,3.1368459888562694,1.0855629121487678,0.6398043016708206
30639_d927f360,cur,1.097880590914526,8.693460305883914,0.024839225774259698,1.0986123020473475,0.3713613446795765,0.9973549799343305
30639_d927f360,mix,1.097880590914526,8.693460305883914,0.024839225774259698,1.0986123020473475,0.3713613446795765,0.9973549799343305
30639_d927f360,q0,1.3014172650447322,8.600852298948237,0.04442373644732397,1.3026365794520574,0.3331926242668861,0.9973549799343305
30639_d927f360,oracle,1.0979551984147642,8.693460305883914,0.02496460097826601,1.0986898359786752,0.3838156886009166,0.9973549799343305
30639_2b4a6347,cur,0.5923386327079617,1.6737784106038325,0.6134883254961593,2.2703117062815963,1.706032707664498,0.19236998380421091
30639_2b4a6347,mix,0.5923386327079617,1.6737784106038325,0.6134883254961593,2.2703117062815963,1.706032707664498,0.19236998380421091
30639_2b4a6347,q0,0.6987233641183367,2.0329261691645977,0.61393660463788,2.299963602743099,1.7022799889858087,0.19236998380421091
30639_2b4a6347,oracle,0.5992963740951963,1.6737784106038325,0.6135634184350834,2.272125500200596,1.7830820645011332,0.19236998380421091
30618_01f73500,cur,1.4256175685094816,33.876309816576835,0.41560856176089256,2.3220552749377923,0.7222199243895369,0.9660283097418818
30618_01f73500,mix,1.4298196427683332,33.88026882269301,0.4156016148844221,2.324636225411734,0.7202892344547265,0.9660283097418818
30618_01f73500,q0,1.421693214712927,33.87249203202367,0.41561672264639316,2.3196489618575122,0.7200277648119556,0.9660283097418818
30618_01f73500,oracle,1.4256175685094816,33.876309816576835,0.41560856176089256,2.3220552749377923,0.7222199243895369,0.9660283097418818
30618_dd8d0741,cur,1.960240710146437,25.193761338484183,0.34091857777611345,2.0447545505826894,0.7177202039474615,0.905702276151955
30618_dd8d0741,mix,1.9619792735150743,25.193761338484183,0.34091226007567416,2.046430641926964,0.7133202484585222,0.905702276151955
30618_dd8d0741,q0,1.975595479484599,25.194482448147706,0.3409283023351234,2.0594781219134783,0.7179424579688785,0.905702276151955
30618_dd8d0741,oracle,1.960240710146437,25.193761338484183,0.34091857777611345,2.0447545505826894,0.7177202039474615,0.905702276151955
30618_a53d5f6f,cur,1.1741043829283102,24.15983383394408,0.18018687234442596,1.2282154279059636,0.06061169648403598,0.9753117415683321
30618_a53d5f6f,mix,1.1827294207018098,24.15983383394408,0.18031373891156796,1.2364851063798303,0.05487903030593473,0.9753117415683321
30618_a53d5f6f,q0,1.1743151131669358,24.164881011353682,0.18018560338833303,1.2284169096047104,0.06019221563772595,0.9753117415683321
30618_a53d5f6f,oracle,1.1741043829283102,24.15983383394408,0.18018687234442596,1.2282154279059636,0.06061169648403598,0.9753117415683321
30618_defd0170,cur,9.401080254657558,50.47135086769792,0.8791464745961902,9.78940562094806,2.294999254575603,0.0
30618_defd0170,mix,9.401080254657558,50.47135086769792,0.8791464745961902,9.78940562094806,2.294999254575603,0.0
30618_defd0170,q0,9.411380978667697,50.49123689743763,0.8794632246654986,9.79932658648816,2.2876812559930872,0.0
30618_defd0170,oracle,9.401080254657558,50.47135086769792,0.8791464745961902,9.78940562094806,2.294999254575603,0.0
