family,startup_episodes,episodes,per_hour,per_moving_hour,near_natural_anomaly,real_input_gap,unexplained,unexplained_per_hour,flagged_s,bags_with_episodes,hours,hours_moving,n_bags
slip,0,2,0.3551326293107988,0.5161229744011372,2,0,0,0.0,3.6369999999999996,2,5.631698793437746,3.8750454817877866,17
slide,0,2,0.3551326293107988,0.5161229744011372,2,0,0,0.0,5.371,2,5.631698793437746,3.8750454817877866,17
dropout,17,5,0.887831573276997,1.2903074360028428,5,4,0,0.0,139.78400000000002,3,5.631698793437746,3.8750454817877866,17
cmd_dropout,27,1,0.1775663146553994,0.2580614872005686,1,0,0,0.0,0.4,1,5.631698793437746,3.8750454817877866,17
stuck,0,2,0.3551326293107988,0.5161229744011372,2,0,0,0.0,3.342,1,5.631698793437746,3.8750454817877866,17
invalid,0,0,0.0,0.0,0,0,0,0.0,0.0,0,5.631698793437746,3.8750454817877866,17
model_only,17,3,0.5326989439661982,0.7741844616017057,3,0,0,0.0,5.711,2,5.631698793437746,3.8750454817877866,17
unmodeled_accel,0,2,0.3551326293107988,0.5161229744011372,0,0,2,0.3551326293107988,1.262,2,5.631698793437746,3.8750454817877866,17
cmd_inconsistent,0,9,1.5980968318985946,2.322553384805117,0,0,9,1.5980968318985946,96.94,6,5.631698793437746,3.8750454817877866,17
late_data,13,1,0.1775663146553994,0.2580614872005686,1,0,0,0.0,0.569,1,5.631698793437746,3.8750454817877866,17
recovered,0,0,0.0,0.0,0,0,0,0.0,0.0,0,5.631698793437746,3.8750454817877866,17
