bag,split,vehicle,date,t0,k_front,k_rear,k_mean,n_k,q_front,nq_front,q1_front,q2_front,q_rear,nq_rear,q1_rear,q2_rear,c_front,c_rear
30618_e3d94878,val,30618,2026-07-27,1785128151.2116673,0.00021627206345664618,0.00010067524603751821,0.00014243986636641726,821,0.004794120788574219,160,0.004794120788574219,0.004794120788574219,0.0048084259033203125,157,0.0048084259033203125,0.0048084259033203125,0.0047930841783686414,0.0048079418625903625
30618_b83d854d,train,30618,2026-07-27,1785129339.1840007,-0.0005864819743850447,-0.00045233977524516966,-0.00041738637095734,733,0.004794120788574219,187,0.004794120788574219,0.004794120788574219,0.0048084259033203125,176,0.0048084259033203125,0.0048084259033203125,0.004796934103958503,0.0048106019299160845
30618_b8044aa0,train,30618,2026-07-27,1785131978.9136536,0.00017225735699655242,0.0001198918205698174,0.0001368707660402424,1030,0.004795074462890625,202,0.004795074462890625,0.004795074462890625,0.0048084259033203125,147,0.0048084259033203125,0.004807949066162109,0.004794248618294853,0.004807849481492951
30618_76e1f9c7,train,30618,2026-07-27,1785133276.3726468,-0.0007465641194884798,-0.0007868782724318457,-0.000860352627211125,797,0.004795074462890625,185,0.004795074462890625,0.004794120788574219,0.0048084259033203125,190,0.0048084259033203125,0.0048084259033203125,0.0047986569680046704,0.004812212528801551
30618_2f104a1d,val,30618,2026-07-27,1785135325.6507647,-2.0417147328810614e-05,-5.27102683149927e-05,-1.091266751046538e-05,947,0.004794120788574219,170,0.004794120788574219,0.0047948360443115234,0.004807472229003906,175,0.0048084259033203125,0.0048065185546875,0.0047942186728431885,0.004807725645512666
30618_2dbce472,train,30618,2026-07-27,1785136595.537373,-0.0011364007750737093,-0.0012883597758936993,-0.0011090796821621174,709,0.004794120788574219,158,0.004794120788574219,0.004794120788574219,0.0048084259033203125,186,0.004807472229003906,0.0048084259033203125,0.004799575029357605,0.004814628877501942
30618_b15eafc3,train,30618,2026-07-27,1785138944.4967465,9.007754885592689e-05,7.842759345400019e-05,9.945081358186947e-05,919,0.004795074462890625,167,0.004795074462890625,0.004795074462890625,0.0048084259033203125,192,0.0048084259033203125,0.0048084259033203125,0.004794642573239988,0.0048080488196221806
30618_68d1748a,train,30618,2026-07-27,1785140214.9154444,-0.0011800074923931647,-0.0012355593205805038,-0.0012131029648325131,786,0.004794120788574219,170,0.004794120788574219,0.004795074462890625,0.0048084259033203125,162,0.0048084259033203125,0.0048084259033203125,0.00479978457032908,0.004814374348419265
30618_b95ca60a,val,30618,2026-07-27,1785141856.0296016,0.00012302007444398022,8.817240027836348e-05,0.00014729143688718693,795,0.004794120788574219,173,0.004794120788574219,0.004795074462890625,0.0048084259033203125,163,0.0048084259033203125,0.0048084259033203125,0.004793531088022921,0.004808001970246053
30618_095a115b,train,30618,2026-07-27,1785142968.3441439,-0.0006748738803695198,-0.0007605795972988605,-0.000719605407832058,834,0.0047931671142578125,181,0.0047931671142578125,0.004794120788574219,0.004807472229003906,182,0.0048084259033203125,0.004807472229003906,0.004796404082092514,0.004811131477445574
30618_7b4d83f4,train,30618,2026-07-27,1785144766.6839197,-2.9424562139557242e-05,-7.089897996465089e-05,-1.0642814241179632e-05,924,0.0047931671142578125,172,0.0047931671142578125,0.0047931671142578125,0.004807472229003906,189,0.004807472229003906,0.004807472229003906,0.0047933081552514805,0.0048078130980484185
30618_87afe526,train,30618,2026-07-27,1785145940.2212405,-0.0006663835003473673,-0.0006166550811516625,-0.000641140655997352,752,0.0047931671142578125,167,0.0047931671142578125,0.0047931671142578125,0.004807472229003906,163,0.004807472229003906,0.0048077404499053955,0.0047963633316436905,0.004810438610415587
30618_0f120b35,val,30618,2026-07-27,1785150447.9759386,-0.00010945523179661798,8.404306488629665e-05,-6.2402406370010155e-06,743,0.0047931671142578125,142,0.0047931671142578125,0.0047931671142578125,0.004807472229003906,158,0.004807472229003906,0.0048065185546875,0.004793691808905918,0.004807068228256886
30618_0e41eac3,train,30618,2026-07-27,1785151782.0240438,-0.0010464901668069126,-0.0010097335498013837,-0.001133754421323352,779,0.0047931671142578125,164,0.0047931671142578125,0.0047931671142578125,0.004807472229003906,162,0.004807472229003906,0.004807472229003906,0.004798188371206768,0.004812331401472736
30618_68847170,train,30618,2026-07-27,1785153413.6299398,-0.0005583205342603037,-0.00045232112912863,-0.00046669103438842785,1048,0.0047931671142578125,205,0.0047931671142578125,0.0047931671142578125,0.004807472229003906,201,0.004807472229003906,0.004807472229003906,0.004795844732851287,0.004809647734297795
30618_49fe4c54,train,30618,2026-07-27,1785154686.0021067,-0.0008161420447980738,-0.0008676456724406867,-0.0008140317446508893,763,0.0047931671142578125,194,0.0047931671142578125,0.0047931671142578125,0.004807472229003906,179,0.004807472229003906,0.004807233810424805,0.004797082214745619,0.004811647033730034
30618_f19a4ac3,val,30618,2026-07-27,1785163745.9739559,-0.00015867752487053188,-0.0001327557268170354,-0.00015212287996807516,963,0.0047931671142578125,155,0.0047931671142578125,0.004791259765625,0.0048065185546875,151,0.004807472229003906,0.0048065185546875,0.004793927802855978,0.004807156732273416
30618_ab5921a4,train,30618,2026-07-27,1785164953.2881796,-0.0011571568025312562,-0.0009719782083780215,-0.000964171188574503,748,0.004791736602783203,188,0.004791259765625,0.004792213439941406,0.0048065185546875,160,0.0048065185546875,0.0048065185546875,0.0047972878170143615,0.004811194931316999
30618_073f08d1,train,30618,2026-07-27,1785167587.0401525,-0.0005166622200541982,-0.0004245741209761844,-0.00043914616516244065,858,0.004791259765625,153,0.004791259765625,0.004791259765625,0.0048065185546875,191,0.0048065185546875,0.0048065185546875,0.004793736508171667,0.004808560144884175
30618_0652866c,train,30618,2026-07-27,1785168871.931103,-0.0013728807915671104,-0.0013700237310136365,-0.0013898623960291179,870,0.004791259765625,230,0.004791259765625,0.004791259765625,0.004805564880371094,230,0.004805564880371094,0.0048065185546875,0.004797846637113979,0.004812157650549726
30618_22c1c589,val,30618,2026-07-27,1785171008.3122275,-0.0006400406911960532,-0.0005101115960067792,-0.0006104395493549408,1028,0.004791259765625,173,0.004790306091308594,0.004791259765625,0.004805564880371094,198,0.004805564880371094,0.004805564880371094,0.004794328330843694,0.004808017505854634
30618_9c09b081,train,30618,2026-07-27,1785172173.9851208,-0.001448293235631004,-0.001197010562430878,-0.0012917594621631168,832,0.004791259765625,195,0.004791259765625,0.004791259765625,0.004805564880371094,203,0.004804849624633789,0.004805564880371094,0.004798208979232767,0.0048113240861214586
30618_e2dcf65f,train,30618,2026-07-27,1785173885.259125,-0.0007571411501564596,-0.0007688155098737326,-0.000739812186933031,971,0.004791259765625,180,0.004791259765625,0.004791259765625,0.0048046112060546875,195,0.0048046112060546875,0.0048046112060546875,0.004794890174286433,0.004808307907750414
30618_28538acf,train,30618,2026-07-27,1785175050.180339,-0.0017855913168665083,-0.0015862541518131268,-0.0015548776981706702,752,0.004790306091308594,175,0.004790306091308594,0.004790306091308594,0.0048046112060546875,157,0.0048046112060546875,0.004804849624633789,0.00479887492069772,0.004812244649108877
30618_616ec56b,val,30618,2026-07-27,1785176851.7293966,-0.0009754763371998543,-0.0009624921344234538,-0.0010590130246964091,681,0.004790306091308594,162,0.0047893524169921875,0.004790306091308594,0.0048046112060546875,141,0.0048046112060546875,0.0048046112060546875,0.004794983484234729,0.004809240061786711
30618_8158f0b0,train,30618,2026-07-27,1785178105.7217817,-0.0016922954355351738,-0.0014883904811102133,-0.0016136246932271503,844,0.004790306091308594,203,0.0047893524169921875,0.004790306091308594,0.0048046112060546875,222,0.0048046112060546875,0.0048046112060546875,0.004798426446481726,0.004811773003189899
30618_21dd3af3,train,30618,2026-08-10,1786373114.3640962,-0.0013209629725042804,-0.0013956983335834394,-0.0013694928852553412,1071,0.004787445068359375,175,0.004787445068359375,0.004787445068359375,0.004802703857421875,192,0.004801750183105469,0.004802703857421875,0.004793777470896855,0.004809416351809604
30618_4d487b0d,train,30618,2026-08-10,1786374216.6657965,-0.0016660398061535964,-0.0017635339747969492,-0.0017069148037465731,752,0.004787445068359375,142,0.004787445068359375,0.004787445068359375,0.004801750183105469,165,0.004801750183105469,0.0048007965087890625,0.00479543445304595,0.004810233192767611
30618_6cb3280a,val,30618,2026-08-10,1786377225.2802074,-0.001394006984744789,-0.0015503066157110945,-0.0014011914372182854,1133,0.004787445068359375,214,0.004787445068359375,0.004787445068359375,0.004801750183105469,205,0.004801750183105469,0.004801750183105469,0.004794128116439453,0.004809205926870213
30618_3b36e5cd,train,30618,2026-08-10,1786378470.0653558,-0.0014511048218927014,-0.001455304447106398,-0.0014581609547486551,559,0.004787445068359375,158,0.004787445068359375,0.004787445068359375,0.004801750183105469,141,0.004801750183105469,0.004801750183105469,0.004794402248580383,0.00480874837600208
30618_748832b9,train,30618,2026-08-10,1786380675.8994205,-0.001460158004389145,-0.0014968694421316764,-0.0014099245158155638,1186,0.004787445068359375,187,0.004787445068359375,0.004787445068359375,0.004802703857421875,190,0.004802703857421875,0.004802703857421875,0.004794445716649149,0.004809903655222976
30618_1cc230fa,train,30618,2026-08-10,1786381808.7225804,-0.0014010701356519384,-0.0014783997649108205,-0.001408843761855183,449,0.004787445068359375,153,0.004787445068359375,0.004787445068359375,0.004801750183105469,164,0.004801750183105469,0.004801750183105469,0.004794162025598918,0.004808859600007609
30618_2366c74a,val,30618,2026-08-10,1786383873.8851726,-0.0012826148400790216,-0.001296881738888478,-0.0012894681122505303,1008,0.004787445068359375,159,0.004787445068359375,0.004787445068359375,0.004802703857421875,142,0.004801750183105469,0.004802703857421875,0.004793593402394591,0.00480894048451965
30618_40ffd323,train,30618,2026-08-10,1786384971.6248004,-0.0019858413137325837,-0.0021891615011035426,-0.0019694885213152324,642,0.004787445068359375,178,0.004787445068359375,0.004787445068359375,0.004801750183105469,204,0.004801750183105469,0.004801750183105469,0.004796971091734122,0.0048122850522742434
30618_2cb9ce37,train,30618,2026-08-10,1786386851.180654,-0.0014656982870825397,-0.001551436284699781,-0.0015067579148824173,1101,0.004787445068359375,163,0.004788398742675781,0.004787445068359375,0.004802703857421875,146,0.004801750183105469,0.004802703857421875,0.00479447231822366,0.004810166524303127
30618_af7496f0,train,30618,2026-08-10,1786387615.244441,,,,39,0.004788398742675781,35,0.004788398742675781,,0.004801750183105469,35,0.004801750183105469,,,
30618_437e855c,train,30618,2026-08-26,1787725147.4124815,-0.001919095822282224,-0.0018650870938365927,-0.001878452428044658,662,0.004787445068359375,160,0.004787445068359375,0.004787445068359375,0.0048007965087890625,183,0.0048007965087890625,0.0048007965087890625,0.004796650299910883,0.004809767143412601
30618_d4ba7005,train,30618,2026-08-26,1787727404.299119,-0.0009434614785693851,-0.001020213339939291,-0.001021029405895768,1144,0.004787445068359375,192,0.004787445068359375,0.004787445068359375,0.0048007965087890625,149,0.0048007965087890625,0.0048007965087890625,0.004791966103784906,0.004805699347370988
30618_dd8e6395,train,30618,2026-08-26,1787728600.1145327,-0.0017124635054724946,-0.0017214599421274679,-0.001723785574583525,775,0.004787445068359375,150,0.004787445068359375,0.004787445068359375,0.0048007965087890625,159,0.0048007965087890625,0.0048007965087890625,0.0047956574567387875,0.004809075138999531
30618_e9a34502,train,30618,2026-08-26,1787730384.2077568,-0.0008689226142687412,-0.0008425874005925094,-0.000834004730940141,1004,0.004787445068359375,184,0.004787445068359375,0.004787445068359375,0.004801750183105469,156,0.0048007965087890625,0.004802703857421875,0.004791608605435363,0.004805799489204846
30618_01f73500,val,30618,2026-08-26,1787731610.850569,-0.0014677751391867777,-0.0015729918627955253,-0.0015487872228038269,716,0.004787445068359375,162,0.004787445068359375,0.004787445068359375,0.004801750183105469,168,0.004801750183105469,0.004801750183105469,0.004794482290270304,0.0048093151967756155
30618_33bec73f,train,30618,2026-08-26,1787733170.625785,-0.0009913978562078318,-0.0009187259678546944,-0.0009943632976607275,1151,0.004787445068359375,193,0.004787445068359375,0.004787445068359375,0.004801750183105469,187,0.004801750183105469,0.004802703857421875,0.00479219604124119,0.00480616573236961
30618_dd8d0741,val,30618,2026-08-26,1787734377.521323,-0.0014097594500094845,-0.0014852203800951314,-0.001373612232945548,558,0.004787445068359375,140,0.004787445068359375,0.004787445068359375,0.004801750183105469,152,0.0048007965087890625,0.004801750183105469,0.004794203742390481,0.004808892448175184
30618_2050d396,train,30618,2026-08-26,1787736033.4598873,-0.0010622734270594458,-0.0010806547741673,-0.0010571777259870963,920,0.004787445068359375,181,0.004787445068359375,0.004787445068359375,0.004801437258720398,182,0.0048007965087890625,0.004801750183105469,0.004792536052055698,0.0048066315680720985
30618_a53d5f6f,val,30618,2026-08-26,1787737404.806989,-0.0012940221516926642,-0.0013517731525549692,-0.0014216106865055367,700,0.004787445068359375,169,0.004787445068359375,0.004788398742675781,0.004802703857421875,171,0.004802703857421875,0.004802346229553223,0.004793648155259701,0.004809204811371024
30618_67b89902,train,30618,2026-08-26,1787741835.3938787,-0.0009980600021785024,-0.0009768653551592843,-0.001009826152624127,1165,0.004787445068359375,238,0.004787445068359375,0.004787445068359375,0.004802703857421875,231,0.004801750183105469,0.004802703857421875,0.004792227999446943,0.0048074000399693124
30618_3e9f4952,train,30618,2026-08-26,1787742848.0028481,-0.0012633911510463447,-0.0011974954271595784,-0.0011918575148582855,596,0.004787445068359375,141,0.004787445068359375,0.004787445068359375,0.004801750183105469,171,0.004801750183105469,0.004801750183105469,0.004793501135276213,0.004807507150934751
30618_a869780d,train,30618,2026-08-26,1787770244.2961018,-0.001186892398889361,-0.0011894038836807175,-0.0012549971614201905,591,0.004787445068359375,156,0.004787445068359375,0.004787445068359375,0.004802703857421875,131,0.004802703857421875,0.004802703857421875,0.004793134002674007,0.004808423014429617
30618_defd0170,val,30618,2026-09-03,1788421558.6684604,-0.015382300081480005,-0.015555520832704395,-0.01544916784381814,1124,0.00494384765625,152,0.0049419403076171875,0.00494384765625,0.00494384765625,173,0.004940986633300781,0.00494384765625,0.005021083468902822,0.0050219669680425395
30618_0686195f,train,30618,2026-09-03,1788422773.4580798,-0.014294924741157788,-0.014812438566528363,-0.014550048858634812,709,0.00495147705078125,150,0.004950523376464844,0.0049533843994140625,0.00495147705078125,153,0.004950523376464844,0.0049533843994140625,0.005023284525019831,0.005025923229863694
30618_88548b02,train,30618,2026-09-03,1788450954.725016,-0.005706438184798934,-0.006201812812857421,-0.006010431901253499,998,0.004990577697753906,172,0.0049896240234375,0.0049915313720703125,0.0049896240234375,150,0.0049896240234375,0.0049896240234375,0.005019219563931414,0.005020761848600456
30618_27e994fc,train,30618,2026-09-03,1788452234.7698512,-0.006024649275424232,-0.006436345344030925,-0.006215320253802059,795,0.004993438720703125,197,0.004993438720703125,0.004993915557861328,0.0049915313720703125,207,0.0049915313720703125,0.004992485046386719,0.005023704780066297,0.005023866713198842
30639_d601d28f,train,30639,2026-05-05,1777966472.217226,0.01568823606387093,0.015470795516076996,0.0156209215190386,522,0.0048370361328125,164,0.004847526550292969,0.004831790924072266,0.0048351287841796875,139,0.00484466552734375,0.0048313140869140625,0.004762323674789835,0.004761465130784391
30639_3b3d9eb8,val,30639,2026-05-05,1777967495.075728,0.011138807253519012,0.011400267506918693,0.011271990493860184,539,0.004817962646484375,157,0.0048198699951171875,0.00481414794921875,0.004818439483642578,141,0.00482177734375,0.004817008972167969,0.004764887483224037,0.004764127159586317
30639_c31df386,train,30639,2026-05-05,1777976542.3279667,0.009691486634486268,0.010124071484129527,0.00989821267065144,586,0.0048084259033203125,151,0.004810333251953125,0.0048084259033203125,0.0048105716705322266,212,0.004813194274902344,0.004810333251953125,0.00476227240396748,0.00476235722554782
30639_dce52be4,train,30639,2026-05-05,1777977914.01273,0.008553237758747723,0.008640740184311269,0.00861374238464585,506,0.0048046112060546875,138,0.0048046112060546875,0.004803180694580078,0.0048065185546875,151,0.0048065185546875,0.004805088043212891,0.004763864738297514,0.004765342468527687
30639_92226df0,train,30639,2026-05-05,1777994572.7463653,0.008872103477191362,0.009437073294343512,0.009093685411513175,992,0.0048065185546875,250,0.0048084259033203125,0.004805564880371094,0.0048084259033203125,239,0.004810333251953125,0.0048065185546875,0.004764249638900007,0.00476347266266712
30639_9c362687,val,30639,2026-05-05,1777998545.4353607,0.0071306811054094865,0.007049051545472751,0.007109634983644697,808,0.004795551300048828,182,0.0047969818115234375,0.004795074462890625,0.0047969818115234375,194,0.004797935485839844,0.004796028137207031,0.004761597864127535,0.004763404328877254
30639_253671cc,train,30639,2026-05-05,1777999996.8543007,0.006145630127067259,0.006184956345816062,0.006184117851533444,674,0.0047931671142578125,175,0.0047931671142578125,0.0047920942306518555,0.0047931671142578125,148,0.0047931671142578125,0.004791259765625,0.004763890008300764,0.004763703814123064
30639_44226bde,train,30639,2026-05-05,1778002223.7191195,0.005913754804849458,0.005968322710060425,0.005919390639031907,1146,0.004791259765625,196,0.004791259765625,0.0047893524169921875,0.004791259765625,185,0.004791259765625,0.004791259765625,0.004763092007380415,0.004762833637462294
30639_d3c43d69,train,30639,2026-05-05,1778003367.53921,0.0048688369889304806,0.0047684497467493925,0.004913905745647207,650,0.004787445068359375,165,0.004788309335708618,0.004787445068359375,0.004788398742675781,129,0.0047893524169921875,0.004787445068359375,0.004764248717976825,0.004765673866334767
30639_d927f360,val,30639,2026-08-26,1787724874.3260882,-0.0029836989462192487,-0.0024973240954616616,-0.002796282463983446,558,0.004741668701171875,118,0.004741668701171875,0.004741668701171875,0.004744529724121094,124,0.004744529724121094,0.004745006561279297,0.004755858751918342,0.004756408016468467
30639_584b6e32,train,30639,2026-08-26,1787726000.2166183,-0.004054673438856127,-0.0038098708664371927,-0.003905909624625281,462,0.004741668701171875,166,0.004741668701171875,0.004741668701171875,0.0047435760498046875,175,0.0047435760498046875,0.0047435760498046875,0.004760972891498147,0.004761717578882674
30639_2b4a6347,val,30639,2026-08-26,1787727682.5442028,-0.0034967865554299538,-0.003118871593531247,-0.0032878570578336874,898,0.004741668701171875,145,0.004741668701171875,0.004741668701171875,0.0047435760498046875,147,0.0047435760498046875,0.0047435760498046875,0.004758307486818383,0.004758416941232877
30639_4285f2bc,train,30639,2026-08-26,1787728830.185046,-0.003919400414311047,-0.0037662642517341527,-0.003870729785444754,648,0.004740715026855469,127,0.004741668701171875,0.004740715026855469,0.0047435760498046875,140,0.0047435760498046875,0.0047435760498046875,0.00475936889929121,0.004761509151506311
30639_9f0b519f,train,30639,2026-08-26,1787732135.1604385,-0.0033358035397006436,-0.0031181711756833597,-0.003213752926870317,811,0.0047397613525390625,167,0.0047397613525390625,0.0047397613525390625,0.0047435760498046875,158,0.0047435760498046875,0.004742622375488281,0.004755625183860875,0.004758413597927725
30639_50956d6e,train,30639,2026-08-26,1787733214.8531072,-0.004487350161400672,-0.004357265911311026,-0.004433141253422479,545,0.00473785400390625,152,0.00473785400390625,0.00473785400390625,0.004741668701171875,163,0.004741668701171875,0.004741668701171875,0.004759210246775256,0.004762419830755779
30639_927002c2,train,30639,2026-08-26,1787735185.5113692,-0.004541768348701569,-0.004265359392750967,-0.004357181278961619,683,0.00473785400390625,147,0.00473785400390625,0.00473785400390625,0.004741668701171875,126,0.004741668701171875,0.004741668701171875,0.0047594704159982125,0.004761980258395115
30639_0be558e2,train,30639,2026-08-26,1787736595.6291385,-0.0045535454859595426,-0.004171385861600152,-0.004339080779701077,637,0.004736900329589844,189,0.004736900329589844,0.004736900329589844,0.004741668701171875,142,0.004741668701171875,0.004741668701171875,0.00475856868856127,0.004761530883780047
