cell_start_m,n,fails,unreliable
0.0,0,0,False
25.0,2,0,True
50.0,19,1,True
75.0,2,0,True
100.0,17,1,True
125.0,2,0,True
150.0,19,4,True
175.0,3,0,True
200.0,16,0,False
225.0,3,0,True
250.0,15,2,True
275.0,3,0,True
300.0,12,0,False
325.0,0,0,False
350.0,15,0,False
375.0,0,0,True
400.0,18,1,True
425.0,0,0,True
450.0,19,1,True
475.0,0,0,True
500.0,19,2,True
525.0,1,0,True
550.0,22,6,True
575.0,0,0,True
600.0,22,5,True
625.0,1,0,True
650.0,22,0,False
675.0,1,0,False
700.0,18,0,False
725.0,1,0,False
750.0,19,0,False
775.0,1,0,False
800.0,19,0,False
825.0,1,0,False
850.0,20,0,False
875.0,1,0,True
900.0,20,1,True
925.0,1,0,True
950.0,21,2,True
975.0,1,0,True
1000.0,17,0,False
1025.0,1,0,False
1050.0,19,0,False
1075.0,1,0,False
1100.0,19,0,False
1125.0,1,0,False
1150.0,9,0,False
1175.0,0,0,False
1200.0,10,0,False
1225.0,0,0,False
1250.0,10,0,False
1275.0,0,0,False
1300.0,10,0,False
1325.0,0,0,False
1350.0,9,0,False
1375.0,0,0,False
1400.0,11,0,False
1425.0,0,0,False
1450.0,10,0,False
1475.0,0,0,False
1500.0,11,0,False
1525.0,0,0,False
1550.0,10,0,False
1575.0,0,0,False
1600.0,10,0,False
1625.0,0,0,False
1650.0,11,0,False
1675.0,0,0,False
1700.0,10,0,False
1725.0,0,0,True
1750.0,22,3,True
1775.0,0,0,True
1800.0,24,2,True
1825.0,0,0,True
1850.0,24,3,True
1875.0,0,0,True
1900.0,24,1,True
1925.0,0,0,True
1950.0,23,0,False
1975.0,0,0,True
2000.0,22,1,True
2025.0,0,0,True
2050.0,22,0,False
2075.0,0,0,True
2100.0,20,1,True
2125.0,1,0,True
2150.0,18,0,False
2175.0,2,0,True
2200.0,16,1,True
2225.0,5,0,True
2250.0,17,0,False
2275.0,5,0,False
2300.0,15,0,False
2325.0,5,0,False
2350.0,13,0,False
2375.0,8,0,False
2400.0,12,0,False
2425.0,10,0,False
2450.0,8,0,False
2475.0,12,0,False
2500.0,9,0,False
2525.0,13,0,False
2550.0,7,0,False
2575.0,16,0,False
2600.0,7,0,False
2625.0,17,0,False
2650.0,5,0,False
2675.0,19,0,False
2700.0,3,0,False
2725.0,18,0,False
2750.0,3,0,False
2775.0,18,0,False
2800.0,2,0,False
2825.0,20,0,False
2850.0,2,0,False
2875.0,19,0,False
2900.0,1,0,True
2925.0,20,1,True
2950.0,1,0,True
2975.0,21,1,True
3000.0,1,1,True
3025.0,23,6,True
3050.0,1,0,True
3075.0,24,1,True
3100.0,1,0,True
3125.0,24,0,False
3150.0,1,0,False
3175.0,23,0,True
3200.0,1,1,True
3225.0,22,0,True
3250.0,1,0,False
3275.0,20,0,False
3300.0,1,0,False
3325.0,20,0,False
3350.0,0,0,False
3375.0,17,0,False
3400.0,0,0,False
3425.0,19,0,False
3450.0,0,0,False
3475.0,21,0,False
3500.0,0,0,True
3525.0,21,1,True
3550.0,1,0,True
3575.0,22,0,False
3600.0,1,0,False
3625.0,24,0,False
3650.0,1,0,True
3675.0,23,1,True
3700.0,1,0,True
3725.0,23,0,False
3750.0,1,0,True
3775.0,24,1,True
3800.0,1,0,True
3825.0,22,1,True
3850.0,1,0,True
3875.0,20,0,False
3900.0,2,0,False
3925.0,20,0,False
3950.0,2,0,False
3975.0,22,0,False
4000.0,2,0,False
4025.0,18,0,False
4050.0,3,0,False
4075.0,19,0,False
4100.0,2,0,False
4125.0,20,0,False
4150.0,2,0,False
4175.0,21,0,False
4200.0,2,0,False
4225.0,20,0,False
4250.0,2,0,False
4275.0,19,0,False
4300.0,4,0,False
4325.0,18,0,False
4350.0,4,0,False
4375.0,17,0,False
4400.0,4,0,False
4425.0,16,0,False
4450.0,6,0,False
4475.0,15,0,False
4500.0,7,0,False
4525.0,15,0,False
4550.0,8,0,False
4575.0,15,0,False
4600.0,8,0,True
4625.0,15,1,True
4650.0,9,0,True
4675.0,15,0,False
4700.0,9,0,False
4725.0,11,0,False
4750.0,12,0,False
4775.0,13,0,False
4800.0,12,0,False
4825.0,13,0,False
4850.0,9,0,False
4875.0,12,0,False
4900.0,10,0,False
4925.0,12,0,True
4950.0,11,1,True
4975.0,9,0,True
5000.0,16,1,True
5025.0,8,0,True
5050.0,17,1,True
5075.0,4,0,True
5100.0,21,0,False
5125.0,4,0,False
5150.0,21,0,False
5175.0,3,0,False
5200.0,22,0,False
5225.0,3,0,False
5250.0,22,0,False
5275.0,3,0,False
5300.0,22,0,False
5325.0,3,0,True
5350.0,20,2,True
5375.0,2,0,True
5400.0,15,0,False
5425.0,2,0,False
5450.0,10,0,False
5475.0,0,0,False
5500.0,1,0,False
5525.0,0,0,False
5550.0,2,0,False
5575.0,0,0,False
5600.0,1,0,False
5625.0,0,0,False
5650.0,0,0,False
5675.0,7,0,False
5700.0,1,0,True
5725.0,9,1,True
5750.0,5,0,True
5775.0,9,0,False
5800.0,3,0,False
5825.0,11,0,False
5850.0,2,0,True
5875.0,12,2,True
5900.0,2,0,True
5925.0,11,1,True
5950.0,2,0,True
5975.0,9,1,True
6000.0,4,0,True
6025.0,10,0,False
6050.0,4,0,False
6075.0,11,0,False
6100.0,4,0,True
6125.0,9,1,True
6150.0,6,0,True
6175.0,9,1,True
6200.0,6,0,True
6225.0,8,0,False
6250.0,6,0,False
6275.0,9,0,False
6300.0,6,0,False
6325.0,8,0,False
6350.0,7,0,False
6375.0,9,0,False
6400.0,7,0,False
6425.0,9,0,False
6450.0,7,0,False
6475.0,9,0,False
6500.0,7,0,True
6525.0,9,3,True
6550.0,6,0,True
6575.0,10,1,True
6600.0,6,0,True
6625.0,9,1,True
6650.0,6,0,True
6675.0,9,0,False
6700.0,6,0,False
6725.0,10,0,False
6750.0,7,0,True
6775.0,9,1,True
6800.0,6,0,True
6825.0,9,1,True
6850.0,6,0,True
6875.0,8,1,True
6900.0,6,0,True
6925.0,6,1,True
6950.0,8,0,True
6975.0,5,0,False
7000.0,9,0,False
7025.0,6,0,False
7050.0,9,0,False
7075.0,6,0,False
7100.0,9,0,False
7125.0,7,0,False
7150.0,9,0,False
7175.0,8,0,False
7200.0,9,0,False
7225.0,8,0,False
7250.0,9,0,False
7275.0,7,0,False
7300.0,10,0,False
7325.0,6,0,False
7350.0,10,0,False
7375.0,6,0,False
7400.0,10,0,False
7425.0,6,0,False
7450.0,10,0,False
7475.0,8,0,False
7500.0,10,0,False
7525.0,8,0,False
7550.0,10,0,False
7575.0,8,0,False
7600.0,10,0,False
7625.0,8,0,True
7650.0,10,2,True
7675.0,7,3,True
7700.0,10,1,True
7725.0,6,1,True
7750.0,11,0,True
7775.0,6,0,False
7800.0,11,0,False
7825.0,5,0,False
7850.0,12,0,False
7875.0,5,0,False
7900.0,12,0,False
7925.0,4,0,True
7950.0,14,1,True
7975.0,3,0,True
8000.0,14,0,False
8025.0,3,0,False
8050.0,14,0,False
8075.0,3,0,False
8100.0,14,0,False
8125.0,3,0,False
8150.0,13,0,False
8175.0,4,0,False
8200.0,12,0,False
8225.0,5,0,False
8250.0,13,0,False
8275.0,5,0,False
8300.0,13,0,False
8325.0,5,0,False
8350.0,13,0,False
8375.0,4,0,False
8400.0,13,0,False
8425.0,5,0,False
8450.0,13,0,False
8475.0,4,0,False
8500.0,12,0,False
8525.0,6,0,False
8550.0,11,0,False
8575.0,7,0,False
8600.0,11,0,False
8625.0,7,0,False
8650.0,11,0,False
8675.0,7,0,False
8700.0,11,0,False
8725.0,7,0,False
8750.0,11,0,False
8775.0,7,0,False
8800.0,11,0,False
8825.0,7,0,False
8850.0,10,0,False
8875.0,7,0,False
8900.0,9,0,False
8925.0,7,0,False
8950.0,10,0,False
8975.0,7,0,False
9000.0,10,0,False
9025.0,7,0,False
9050.0,10,0,False
9075.0,7,0,False
9100.0,10,0,False
9125.0,7,0,False
9150.0,9,0,False
9175.0,8,0,False
9200.0,9,0,False
9225.0,8,0,False
9250.0,8,0,False
9275.0,8,0,False
9300.0,9,0,False
9325.0,8,0,False
9350.0,8,0,False
9375.0,8,0,False
9400.0,8,0,False
9425.0,8,0,False
9450.0,8,0,False
9475.0,8,0,True
9500.0,9,1,True
9525.0,8,0,True
9550.0,8,2,True
9575.0,8,0,True
9600.0,8,0,False
9625.0,8,0,False
9650.0,7,0,False
9675.0,9,0,False
9700.0,8,0,False
9725.0,9,0,False
9750.0,6,0,False
9775.0,10,0,False
9800.0,5,0,False
9825.0,11,0,False
9850.0,5,0,False
9875.0,11,0,False
9900.0,3,0,False
9925.0,12,0,True
9950.0,3,1,True
9975.0,11,0,True
10000.0,3,0,False
10025.0,11,0,True
10050.0,4,1,True
10075.0,12,0,True
10100.0,4,0,True
10125.0,12,3,True
10150.0,3,0,True
10175.0,13,0,False
10200.0,3,0,True
10225.0,12,4,True
10250.0,3,0,True
10275.0,13,4,True
10300.0,2,0,True
10325.0,13,1,True
10350.0,4,0,True
10375.0,13,0,False
10400.0,3,0,False
10425.0,11,0,False
10450.0,4,0,False
10475.0,12,0,False
10500.0,4,0,False
10525.0,13,0,False
10550.0,4,0,False
10575.0,13,0,False
10600.0,4,0,False
10625.0,11,0,False
10650.0,6,0,False
10675.0,12,0,False
10700.0,5,0,False
10725.0,12,0,False
10750.0,5,0,False
10775.0,11,0,True
10800.0,6,1,True
10825.0,12,1,True
10850.0,6,1,True
10875.0,10,2,True
10900.0,4,0,True
10925.0,8,0,True
10950.0,7,1,True
10975.0,7,0,True
11000.0,5,0,False
11025.0,7,0,False
11050.0,0,0,False
