bag,zone,n,stat,rms
30618_0652866c,0.0,110,0.021015467465320348,0.011935448505875287
30618_0652866c,64.001,100,0.020893395365542577,0.010981699060139316
30618_0652866c,201.003,59,0.021476306885163554,0.01568563601984722
30618_0652866c,3598.058,53,0.01102528286814946,0.011158572583023465
30618_0652866c,3606.058,53,0.009101556295352118,0.012186869656254241
30618_0652866c,3619.058,77,0.01024689167402351,0.010355708564047038
30618_0652866c,3641.058,37,0.012425987914343314,0.01242632551605524
30618_0652866c,3660.058,39,0.01271249186951181,0.011329526908314055
30618_0652866c,5348.084,47,0.007172511067405863,0.005066839898291027
30618_0652866c,5361.084,96,0.01575295271932503,0.010618424060792981
30618_0652866c,5434.084,55,0.010453078152330963,0.0072291143535881935
30618_0652866c,5526.085,273,0.02952111404727468,0.013717019562057077
30618_073f08d1,5762.079,165,0.014752206537718415,0.008100385496441938
30618_073f08d1,7478.104,75,0.010245517433928436,0.010868377756998294
30618_073f08d1,7509.104,74,0.011288787922794462,0.007133657910029452
30618_073f08d1,7533.104,53,0.012720268799489651,0.011066844333004118
30618_073f08d1,10931.159,82,0.023521392713181093,0.015286233758655027
30618_073f08d1,10963.159,111,0.015005172010852117,0.008617940959018583
30618_073f08d1,11004.16,41,0.009841939385655045,0.009813631014358995
30618_073f08d1,11036.16,70,0.015557374208051589,0.010321440367792973
30618_095a115b,0.0,156,0.01688624778247159,0.011337253287202375
30618_095a115b,64.001,161,0.018176056424542033,0.00997099053254688
30618_095a115b,201.003,57,0.02843302266970183,0.015906640566765728
30618_095a115b,3598.058,52,0.017030994272668437,0.011375553793533114
30618_095a115b,3606.058,49,0.017030994272668437,0.01533394923510164
30618_095a115b,3619.058,75,0.030984125683062948,0.02046686846247163
30618_095a115b,5348.084,50,0.015422752968174809,0.008852978018761786
30618_095a115b,5361.084,93,0.017381259465289983,0.012224131476914929
30618_0e41eac3,0.0,153,0.024104598449539893,0.01312154444941094
30618_0e41eac3,64.001,158,0.02220064083426594,0.012847306383297868
30618_0e41eac3,201.003,63,0.023131825119408166,0.014580265711762873
30618_0e41eac3,3598.058,46,0.011444534465951044,0.00981593480224894
30618_0e41eac3,3606.058,48,0.011760128808291831,0.014437095743071362
30618_0e41eac3,3619.058,72,0.01816369519170584,0.011964906914884553
30618_0e41eac3,3641.058,32,0.013596789775060498,0.012067009553737254
30618_0e41eac3,3660.058,36,0.00926316880110065,0.01363549841068873
30618_1cc230fa,0.0,148,0.0211194307264734,0.009986920717714008
30618_1cc230fa,64.001,157,0.024367628112196716,0.011092080642350205
30618_1cc230fa,201.003,47,0.018789628847863418,0.014973005011120451
30618_1cc230fa,3598.058,52,0.00762778536114902,0.007862512297610019
30618_1cc230fa,3606.058,53,0.016847532689859633,0.013545962308319965
30618_1cc230fa,3619.058,78,0.01748562520799848,0.011449526417267245
30618_1cc230fa,3641.058,37,0.020670692474426988,0.014668926327346746
30618_1cc230fa,5361.084,101,0.019821440133287037,0.01142255093706047
30618_1cc230fa,5434.084,72,0.008685415880303981,0.0067656773126849885
30618_2050d396,5762.079,143,0.01953811569119393,0.008707145416307991
30618_2050d396,7478.104,64,0.015760980301100062,0.013382714194288272
30618_2050d396,7509.104,86,0.013858526843201328,0.010163865711617443
30618_2050d396,7533.104,47,0.010858018756128478,0.009146693151791736
30618_2050d396,10931.159,104,0.027347566297454762,0.01769365171083542
30618_2050d396,10963.159,152,0.012885500611392797,0.009053600795875265
30618_2050d396,11004.16,54,0.01218224680262323,0.009990462596052319
30618_21dd3af3,5762.079,129,0.02084725729035088,0.008216686435549804
30618_21dd3af3,7478.104,60,0.015621983472919855,0.00976177306727496
30618_21dd3af3,7509.104,75,0.014274451977232103,0.008213657967471531
30618_21dd3af3,7533.104,63,0.01891418376398833,0.011265726272559501
30618_21dd3af3,10963.159,122,0.016983515002175254,0.00933286325443831
30618_21dd3af3,11004.16,70,0.013344120950980542,0.010365712475501462
30618_21dd3af3,11036.16,72,0.012128942637461448,0.0074798739025926046
30618_27e994fc,201.003,22,0.015651523213391052,0.014142383477062115
30618_27e994fc,5526.085,89,0.01986074533627895,0.013963263909522483
30618_28538acf,0.0,148,0.019607050231503394,0.011867836119912756
30618_28538acf,64.001,157,0.025533154946674557,0.013168284601713872
30618_28538acf,201.003,62,0.017923959821534736,0.013947051785992164
30618_28538acf,3598.058,50,0.01124145866052608,0.009293717043205349
30618_28538acf,3606.058,43,0.012310357639222898,0.01366966995238259
30618_28538acf,3619.058,61,0.018129400653690907,0.013654236464191189
30618_28538acf,3641.058,32,0.014397014570159683,0.013420789806390285
30618_28538acf,3660.058,47,0.013151704289784447,0.01332638906378164
30618_28538acf,5348.084,52,0.009324887171396335,0.0062838775422942045
30618_28538acf,5361.084,110,0.01451422465649495,0.01230174587605183
30618_28538acf,5434.084,85,0.009722274269957731,0.008087920195674163
30618_2cb9ce37,7478.104,75,0.015319337534579544,0.00944260599128632
30618_2cb9ce37,7509.104,72,0.006561240236626692,0.005196785332739157
30618_2cb9ce37,7533.104,49,0.018123402907022218,0.009736517915713344
30618_2cb9ce37,10931.159,72,0.02880757941428623,0.015769451273129106
30618_2cb9ce37,10963.159,142,0.013100651292724183,0.007177804418401507
30618_2cb9ce37,11004.16,53,0.007419844613118809,0.009845253922150689
30618_2cb9ce37,11036.16,82,0.02098162449295948,0.011710977458721126
30618_2dbce472,0.0,155,0.022118690961260613,0.013139841334359841
30618_2dbce472,64.001,104,0.025840032560692654,0.01482604858133915
30618_2dbce472,3598.058,46,0.012870996111837896,0.010935295350412363
30618_2dbce472,3606.058,42,0.015425400713214285,0.011621802631680608
30618_2dbce472,3619.058,62,0.016483835401505047,0.011463532139386234
30618_2dbce472,3641.058,31,0.01154181985679617,0.011963079495870478
30618_2dbce472,3660.058,36,0.009610986884209846,0.011591471289444984
30618_2dbce472,5348.084,60,0.008055044784523369,0.005351777444710262
30618_2dbce472,5361.084,92,0.02076306995602526,0.01540711412019027
30618_33bec73f,7509.104,73,0.006885703031676757,0.0075579668348432685
30618_33bec73f,7533.104,51,0.013018448049536977,0.010814705685261836
30618_33bec73f,10931.159,131,0.02354698529422589,0.016169589395001537
30618_33bec73f,10963.159,131,0.018392582894006124,0.010348878531020771
30618_33bec73f,11004.16,51,0.011203920259712011,0.009624314121358295
30618_33bec73f,11036.16,86,0.02329887121123555,0.014613090013592523
30618_3b36e5cd,0.0,145,0.02242352260728012,0.011189183667099404
30618_3b36e5cd,64.001,148,0.021370356881647217,0.010404301483790783
30618_3b36e5cd,201.003,61,0.022033485507756412,0.014119768887389078
30618_3b36e5cd,3598.058,52,0.008520939386558702,0.007457295042296158
30618_3b36e5cd,3606.058,51,0.011427364109998228,0.01047387687152423
30618_3b36e5cd,3619.058,78,0.01297096869633867,0.010601776927917254
30618_3b36e5cd,3641.058,36,0.014401847244295012,0.012311088126658263
30618_3b36e5cd,3660.058,42,0.009491896665572234,0.012219827961566586
30618_3b36e5cd,5348.084,49,0.004267133084081973,0.004709724309218274
30618_3b36e5cd,5361.084,104,0.017254191057690882,0.010966329439925331
30618_3e9f4952,0.0,164,0.02063127664770927,0.010961023323838382
30618_3e9f4952,64.001,161,0.026717603699226582,0.012023763396534567
30618_3e9f4952,201.003,59,0.02154252575622449,0.01602561302653942
30618_3e9f4952,3598.058,47,0.005521984796756326,0.006407195308021512
30618_3e9f4952,3606.058,49,0.012622587124426354,0.011664163240191015
30618_3e9f4952,3619.058,70,0.018931976310390737,0.015221274763122355
30618_3e9f4952,3641.058,31,0.016562760282139283,0.014228917436231845
30618_3e9f4952,3660.058,53,0.012533574683284004,0.011669364648548277
30618_3e9f4952,5348.084,57,0.013427785411839,0.008836889618174396
30618_3e9f4952,5361.084,116,0.01565947497557253,0.012477487609027366
30618_3e9f4952,5434.084,75,0.015293320744021182,0.00816611937070647
30618_40ffd323,0.0,155,0.021174156340313572,0.010511873998868089
30618_40ffd323,64.001,159,0.022145138778301116,0.010154954996051797
30618_40ffd323,3598.058,49,0.008742965699346843,0.008557284535078537
30618_40ffd323,3606.058,53,0.012458627696974946,0.012350686130754823
30618_40ffd323,3619.058,79,0.014064880411373893,0.011424596239023489
30618_40ffd323,3641.058,35,0.016881605865262488,0.014659735558353417
30618_40ffd323,3660.058,40,0.01050200183075366,0.011010818789621526
30618_40ffd323,5348.084,49,0.007372543895159906,0.0062688577910841765
30618_40ffd323,5361.084,86,0.01726721493897254,0.012918417971393776
30618_40ffd323,5434.084,72,0.00802305035429154,0.006244094899330617
30618_437e855c,0.0,150,0.020327560504715597,0.012063782637858407
30618_437e855c,64.001,154,0.02538834624078035,0.012080645406002196
30618_437e855c,201.003,61,0.013574247244174031,0.0104066363267816
30618_437e855c,3598.058,41,0.00805912132171029,0.011980178524353473
30618_437e855c,3606.058,44,0.011971212604765595,0.013364269637538877
30618_437e855c,3619.058,57,0.013716443839329406,0.01096384478351478
30618_437e855c,3641.058,28,0.015322700733093738,0.013374683310356515
30618_437e855c,3660.058,32,0.009339611763152395,0.010514305769230384
30618_49fe4c54,0.0,124,0.015418888322458314,0.012289963403134868
30618_49fe4c54,64.001,130,0.02485365005387605,0.012810829556575084
30618_49fe4c54,201.003,45,0.016556259329536097,0.01255132343949729
30618_49fe4c54,3598.058,53,0.012502802745838568,0.010839829736404277
30618_49fe4c54,3606.058,51,0.011789587316482397,0.015256650855015466
30618_49fe4c54,3619.058,77,0.01695386412461335,0.01233137290357784
30618_49fe4c54,3641.058,35,0.014037357838511445,0.01406949287899497
30618_49fe4c54,3660.058,39,0.011589225219359078,0.012164051170917737
30618_49fe4c54,5348.084,48,0.006784131612227615,0.005033017912493982
30618_49fe4c54,5361.084,93,0.023190298615669215,0.011294383181100959
30618_4d487b0d,0.0,136,0.018124730763273377,0.009197688815073551
30618_4d487b0d,64.001,87,0.022380709181965976,0.011101428650040008
30618_4d487b0d,3598.058,37,0.008241135905288383,0.007937933400678094
30618_4d487b0d,3606.058,20,0.016473603983038855,0.013773078730857088
30618_4d487b0d,3619.058,61,0.016473603983038855,0.012164926576690152
30618_4d487b0d,3641.058,31,0.019205123480542832,0.01633257385549188
30618_4d487b0d,3660.058,34,0.009057714279643938,0.00986608126087947
30618_4d487b0d,5348.084,40,0.003396419265567076,0.0037869334184600163
30618_4d487b0d,5361.084,90,0.02120732965742722,0.014215854880132762
30618_4d487b0d,5434.084,56,0.011022129537313186,0.00791764451097287
30618_67b89902,5762.079,126,0.01772149364806903,0.009998102653121961
30618_67b89902,7478.104,77,0.011657128420282737,0.011511451425752293
30618_67b89902,7509.104,75,0.013744577927335463,0.007260245401567613
30618_67b89902,7533.104,55,0.013744577927335463,0.01047888252560247
30618_67b89902,10931.159,106,0.026883947775765617,0.01817896345553726
30618_67b89902,10963.159,140,0.01685818867796306,0.009661878035125485
30618_67b89902,11004.16,53,0.010234739170528837,0.010316224093921997
30618_68847170,5762.079,160,0.01753449020711285,0.010086331759387517
30618_68847170,7478.104,75,0.01377366762232948,0.010203383695374891
30618_68847170,7509.104,73,0.013454436866615275,0.007686347173624578
30618_68847170,7533.104,54,0.018042191488414634,0.01248539331238637
30618_68847170,10931.159,90,0.031048340754339394,0.016502871610907084
30618_68847170,10963.159,95,0.013572069526130584,0.010515564035269384
30618_68847170,11004.16,48,0.009732441561473099,0.010267806291271457
30618_68847170,11036.16,72,0.01253879792280807,0.008551175575944502
30618_68d1748a,0.0,108,0.011961910704514944,0.008831895439569479
30618_68d1748a,64.001,63,0.020423814955911154,0.012408937688804874
30618_68d1748a,201.003,50,0.019172856875573272,0.015465911627786827
30618_68d1748a,3641.058,29,0.012304132405699664,0.013398233426052177
30618_68d1748a,3660.058,31,0.007170205829243621,0.010091330569240312
30618_68d1748a,5348.084,57,0.005609312656938166,0.005504933836171729
30618_68d1748a,5361.084,101,0.01913124622012933,0.01201038363990376
30618_748832b9,5762.079,155,0.017107988303290248,0.007988662761349097
30618_748832b9,7478.104,74,0.013882624993024876,0.009071881549941548
30618_748832b9,7509.104,72,0.008935981874692227,0.006033692641367814
30618_748832b9,7533.104,54,0.011613305088173856,0.010941871421310655
30618_748832b9,10931.159,100,0.022714022874113355,0.013912690619423787
30618_748832b9,10963.159,48,0.011039856596619484,0.007034517472127908
30618_748832b9,11004.16,48,0.010719733831779996,0.009844818363499144
30618_748832b9,11036.16,65,0.01870632878150639,0.012478872651470104
30618_76e1f9c7,0.0,155,0.022552206634135975,0.012682504501148465
30618_76e1f9c7,64.001,158,0.01673664442992229,0.010323728171094398
30618_76e1f9c7,201.003,57,0.017268008011034005,0.01438640018475055
30618_76e1f9c7,3598.058,43,0.014466218664601972,0.010768055537200961
30618_76e1f9c7,3606.058,43,0.014466218664601972,0.013691937614565983
30618_76e1f9c7,3619.058,59,0.017160768833972738,0.011961485277611294
30618_76e1f9c7,3641.058,29,0.015433332828481805,0.013316919180222578
30618_76e1f9c7,3660.058,31,0.012522924311804759,0.011925948584648129
30618_76e1f9c7,5348.084,55,0.004828535864342965,0.004693331582119395
30618_76e1f9c7,5361.084,107,0.017631337590146824,0.01384042405517171
30618_76e1f9c7,5434.084,74,0.008181779583443695,0.008025331474328205
30618_7b4d83f4,5762.079,154,0.01624424322255445,0.008173878940876816
30618_7b4d83f4,7478.104,75,0.01463700890552515,0.010977750433159982
30618_7b4d83f4,7509.104,74,0.014711619772947465,0.008175699737247934
30618_7b4d83f4,7533.104,52,0.01869013718553867,0.013971935511621958
30618_7b4d83f4,10931.159,92,0.02491395427929821,0.014204397405586051
30618_7b4d83f4,10963.159,120,0.01575646168364997,0.011840891237646528
30618_7b4d83f4,11004.16,50,0.009952335816235842,0.009712152995628075
30618_7b4d83f4,11036.16,86,0.026120915221510697,0.01595918498878409
30618_8158f0b0,0.0,177,0.020497381271700848,0.011331332230933541
30618_8158f0b0,64.001,160,0.026387122138002286,0.012523851475625895
30618_8158f0b0,201.003,57,0.0142286344832668,0.012448607963209403
30618_8158f0b0,3598.058,52,0.008684573010894614,0.00929627562909449
30618_8158f0b0,3606.058,50,0.011594049415382513,0.01304250198452214
30618_8158f0b0,3619.058,71,0.013625293450882092,0.01207026776630136
30618_8158f0b0,3641.058,34,0.012568192290245063,0.013424724393391308
30618_8158f0b0,3660.058,34,0.008297353124352801,0.009554519846840845
30618_8158f0b0,5348.084,41,0.006260116974117486,0.00653573426936372
30618_8158f0b0,5361.084,92,0.017786865603523782,0.013909544843373929
30618_87afe526,0.0,139,0.024179386597042118,0.01286418711025655
30618_87afe526,64.001,129,0.02678654287611526,0.01460915289761081
30618_87afe526,201.003,49,0.01864431340295414,0.01481840023920998
30618_87afe526,3598.058,48,0.017164850884000937,0.011605233514494372
30618_87afe526,3606.058,49,0.017164850884000937,0.016038910160678016
30618_87afe526,3619.058,77,0.01582253779281828,0.012458180185876851
30618_87afe526,3641.058,36,0.014227940181229037,0.012913254463928336
30618_87afe526,3660.058,40,0.012034730410805128,0.011087337545469403
30618_87afe526,5348.084,59,0.006622821777843946,0.006513471755899237
30618_87afe526,5361.084,105,0.02199921976083284,0.01329875579937996
30618_87afe526,5434.084,60,0.007445979441473528,0.008065166527074516
30618_88548b02,5762.079,138,0.01962507712206894,0.00895083536523348
30618_88548b02,7478.104,33,0.021283956290358043,0.013811937902110561
30618_88548b02,7509.104,54,0.005061227916142671,0.004886515057213281
30618_88548b02,7533.104,33,0.011376608989901494,0.007754222135092948
30618_88548b02,10963.159,45,0.015039702877011119,0.007696747829674596
30618_9c09b081,0.0,120,0.021462480312745027,0.011329992057049751
30618_9c09b081,64.001,85,0.025316490342225655,0.014059049809508605
30618_9c09b081,201.003,54,0.0180186363415368,0.01421431198502457
30618_9c09b081,3598.058,48,0.011865894749112727,0.009958508654634126
30618_9c09b081,3606.058,51,0.01696949317774285,0.014755294360964944
30618_9c09b081,3619.058,80,0.018111243624006124,0.012553686769543026
30618_9c09b081,3641.058,36,0.013653783028882108,0.01346572369562177
30618_9c09b081,3660.058,38,0.011709807273427698,0.01381468836355655
30618_9c09b081,5361.084,39,0.019806683262795985,0.010979656392251782
30618_9c09b081,5434.084,69,0.009213967588439615,0.007340435922795049
30618_a869780d,201.003,58,0.020782226465203883,0.016356405794610455
30618_a869780d,3598.058,45,0.007314329742472148,0.009091382458426693
30618_a869780d,3606.058,45,0.015201853956755865,0.012260499519932052
30618_a869780d,3619.058,59,0.01809292109434401,0.014421770719255725
30618_a869780d,3641.058,33,0.015707113475275328,0.012459867987552413
30618_a869780d,3660.058,31,0.010465895230840636,0.01109808809871274
30618_a869780d,5348.084,53,0.010881395371629726,0.006566927013094478
30618_a869780d,5361.084,106,0.017079252283308824,0.01266620587292621
30618_ab5921a4,0.0,118,0.018974474339331835,0.011366871102972438
30618_ab5921a4,64.001,115,0.024690555061389452,0.013241637411284037
30618_ab5921a4,3598.058,51,0.011700096286788019,0.011615222649014082
30618_ab5921a4,3606.058,52,0.010798752007913519,0.013690034005736847
30618_ab5921a4,3619.058,77,0.014965805065439491,0.01069621061510183
30618_ab5921a4,3641.058,35,0.012991315230866357,0.012323257626481858
30618_ab5921a4,3660.058,40,0.007843468378433176,0.010271802930464164
30618_ab5921a4,5348.084,58,0.007759464999058216,0.00555009503051152
30618_ab5921a4,5361.084,101,0.025053452159139743,0.013961204627889329
30618_ab5921a4,5434.084,71,0.012118759283486614,0.007258998173113673
30618_af7496f0,0.0,147,0.019906578438326262,0.00948321685665755
30618_af7496f0,64.001,143,0.022144501569147372,0.011527887433470097
30618_af7496f0,201.003,57,0.024200944542634995,0.013809077481972428
30618_b15eafc3,5762.079,141,0.013369886456485701,0.008833174736359407
30618_b15eafc3,7478.104,69,0.014436757247384241,0.009656190258995754
30618_b15eafc3,7509.104,70,0.012851992549337228,0.008269469879322406
30618_b15eafc3,7533.104,51,0.01614158729954185,0.011217339645155127
30618_b15eafc3,10931.159,63,0.027896570671152986,0.020935752045395772
30618_b15eafc3,10963.159,86,0.011089693116169563,0.006387832501384765
30618_b15eafc3,11004.16,23,0.006663880733857387,0.00913955347967972
30618_b15eafc3,11036.16,36,0.019202010803708074,0.010385322063581967
30618_b8044aa0,5762.079,100,0.01575988155098973,0.009757129344594882
30618_b8044aa0,7478.104,63,0.010893431287086607,0.008641058383030168
30618_b8044aa0,7509.104,63,0.014953609418429922,0.008887594856253537
30618_b8044aa0,7533.104,44,0.017079757391809725,0.011354577096903297
30618_b8044aa0,10931.159,102,0.031349061196009054,0.01763880084455024
30618_b8044aa0,10963.159,139,0.01408823850579724,0.007916923492930146
30618_b8044aa0,11004.16,52,0.009612969769221817,0.008943206000195039
30618_b8044aa0,11036.16,87,0.02117946991471631,0.01300896532900321
30618_b83d854d,0.0,121,0.028330841870383983,0.015364468670279378
30618_b83d854d,64.001,127,0.01862356517074171,0.009539680515945002
30618_b83d854d,201.003,44,0.018204180903463464,0.014891886486674666
30618_b83d854d,3619.058,53,0.01613906835226194,0.010452443433313925
30618_b83d854d,3641.058,37,0.017411097124394936,0.015089316238784959
30618_b83d854d,3660.058,40,0.010889608521143668,0.011974399335107673
30618_b83d854d,5348.084,55,0.006503469148657885,0.005972989856177184
30618_b83d854d,5361.084,94,0.01760866015098174,0.01299802312595534
30618_d4ba7005,5762.079,139,0.012348575831997506,0.008823298807001962
30618_d4ba7005,7478.104,75,0.013630093645753603,0.009612332849359969
30618_d4ba7005,7509.104,75,0.012367080687751275,0.008819700520091607
30618_d4ba7005,7533.104,53,0.014544356119802168,0.01129866340062991
30618_d4ba7005,10931.159,101,0.029449543981772797,0.0170625324085264
30618_d4ba7005,10963.159,129,0.012477424708171814,0.007812696777348428
30618_d4ba7005,11004.16,62,0.01527956341169694,0.010811870826241314
30618_d4ba7005,11036.16,59,0.010948417822854852,0.006810817713202488
30618_dd8e6395,0.0,183,0.02130516870745367,0.013599083570656966
30618_dd8e6395,64.001,160,0.025513162147304074,0.012114426541474068
30618_dd8e6395,201.003,68,0.019705090761719928,0.01307656318113179
30618_dd8e6395,3598.058,42,0.01257251013371223,0.010261652932182794
30618_dd8e6395,3606.058,41,0.01257251013371223,0.013487505324002707
30618_dd8e6395,3619.058,66,0.014445624977908696,0.013159882389039323
30618_dd8e6395,3641.058,29,0.012548088993771689,0.01232506972077406
30618_dd8e6395,3660.058,36,0.01000769700702498,0.012408409928464991
30618_dd8e6395,5348.084,54,0.007491605058473785,0.00631918053307474
30618_e2dcf65f,5762.079,135,0.015624604898748179,0.008153461133131121
30618_e2dcf65f,7478.104,75,0.014545628518424314,0.01149337067030452
30618_e2dcf65f,7509.104,74,0.009978414999116728,0.0068896953114530885
30618_e2dcf65f,7533.104,56,0.014805500473995366,0.011081259927801802
30618_e2dcf65f,10931.159,98,0.028143332914919376,0.017235541785669602
30618_e9a34502,5762.079,149,0.01684865598181054,0.010271356130782585
30618_e9a34502,7478.104,73,0.013815098388445853,0.009679919210543607
30618_e9a34502,7509.104,79,0.017555413027890585,0.00949300149085482
30618_e9a34502,7533.104,42,0.018500907086082586,0.013488473128351098
30618_e9a34502,10931.159,100,0.02565931574996343,0.015589987710264566
30618_e9a34502,10963.159,143,0.013128556508051373,0.007772903745229406
30618_e9a34502,11004.16,53,0.013119730079953484,0.00929843348492108
30639_0be558e2,0.0,111,0.032342181490534375,0.016936875708829974
30639_0be558e2,64.001,116,0.01589546933902145,0.009144776771610803
30639_0be558e2,201.003,65,0.02142962442918074,0.01289518658206759
30639_0be558e2,3598.058,55,0.008588110246044925,0.010078723556919588
30639_0be558e2,3606.058,43,0.010619662639633086,0.013115845949157956
30639_0be558e2,3619.058,68,0.011895614814465402,0.010321069368531912
30639_0be558e2,3641.058,37,0.01522232989516217,0.012081114234152637
30639_0be558e2,3660.058,40,0.008380799570445203,0.011377278608256316
30639_0be558e2,5348.084,57,0.013238811789017582,0.007233794195749618
30639_0be558e2,5361.084,107,0.02261657866798779,0.014994616176053164
30639_4285f2bc,3598.058,54,0.014216252000241885,0.009886248763404963
30639_4285f2bc,3606.058,52,0.014216252000241885,0.01460537608883813
30639_4285f2bc,3619.058,79,0.014779529891205184,0.01425909789931773
30639_4285f2bc,3641.058,39,0.013897932517170818,0.01332954151977017
30639_4285f2bc,3660.058,50,0.012821554794103001,0.013250002911265315
30639_4285f2bc,5348.084,58,0.007415728120201937,0.007076557342887708
30639_4285f2bc,5361.084,97,0.010329752138815674,0.010068729448463076
30639_4285f2bc,5434.084,72,0.010949693288150973,0.007791972838730243
30639_50956d6e,0.0,136,0.01986860379276572,0.014098673096360103
30639_50956d6e,64.001,111,0.023702083190102117,0.012149926182687976
30639_50956d6e,3598.058,54,0.010177333411835377,0.008792636875454656
30639_50956d6e,3606.058,54,0.012171024656977392,0.012588285819113284
30639_50956d6e,3619.058,80,0.012171024656977392,0.010713173695015036
30639_50956d6e,3641.058,38,0.01689393086845493,0.014699626851742772
30639_50956d6e,3660.058,41,0.009393472991407192,0.012706443425510685
30639_50956d6e,5434.084,81,0.011315689879943525,0.009873817561336411
30639_584b6e32,0.0,158,0.02020769556823106,0.013178275850493807
30639_584b6e32,64.001,162,0.021755412590217196,0.011988150804525123
30639_584b6e32,201.003,61,0.015295340403356972,0.013152935734900898
30639_584b6e32,3598.058,51,0.01198510497192832,0.00865048822063318
30639_584b6e32,3606.058,48,0.01198510497192832,0.013648210656747976
30639_584b6e32,3619.058,78,0.016464791960774283,0.013544300828450543
30639_584b6e32,3641.058,36,0.014008478004468384,0.01325029105050464
30639_584b6e32,3660.058,39,0.008948837611453509,0.01002208514490113
30639_92226df0,5762.079,160,0.01035172556324065,0.007649828230015504
30639_92226df0,7478.104,72,0.019280851930729138,0.011998642408256637
30639_92226df0,7509.104,74,0.009550110022516893,0.008048828681844911
30639_92226df0,7533.104,54,0.012772430165259686,0.011908622530973394
30639_92226df0,11036.16,54,0.014780292275460455,0.009467804649884101
30639_927002c2,5762.079,77,0.02120567925392852,0.012747251732058054
30639_927002c2,7478.104,50,0.015593716177818354,0.010049372556991567
30639_927002c2,7509.104,59,0.01364827658728364,0.008060629996156723
30639_927002c2,7533.104,53,0.013406043481717195,0.012269006652722039
30639_927002c2,10931.159,97,0.02914019869597189,0.016431355973501535
30639_927002c2,10963.159,146,0.01665279126595814,0.0127519449339442
30639_927002c2,11004.16,55,0.016792103153740145,0.013307773798390798
30639_927002c2,11036.16,95,0.017834343823024356,0.011713121818821592
30639_9f0b519f,5762.079,165,0.020850867207352332,0.010062294856981804
30639_9f0b519f,7478.104,78,0.01592742993927364,0.011412899763634701
30639_9f0b519f,7509.104,73,0.014416670221590508,0.008206772780776599
30639_9f0b519f,7533.104,67,0.014416670221590508,0.010206026566231418
30639_9f0b519f,10931.159,77,0.029008539814314466,0.017318740221833082
30639_9f0b519f,10963.159,122,0.01829299338775381,0.010606431955435149
30639_9f0b519f,11004.16,44,0.013886363794777083,0.010784777091442646
30639_9f0b519f,11036.16,69,0.021890576675828027,0.011379872448564796
