bag,n,stat,rms
30618_0652866c,28,0.0006552180273964684,0.0009312589863170357
30618_0652866c,32,0.0012743245805150244,0.001106098631363941
30618_0652866c,27,0.00104855471174585,0.0018724287324198914
30618_0652866c,44,0.0024669869190029003,0.003563151660773351
30618_0652866c,28,0.0005345900199936748,0.0006852171186060933
30618_0652866c,45,0.0013648876905074437,0.0015217790413692262
30618_0652866c,31,0.0020224776485980463,0.0008013547753746369
30618_0652866c,35,0.0008300482008054555,0.0022455537859615298
30618_0652866c,30,0.0007579152988093585,0.0013460911320902055
30618_0652866c,38,0.0016199199449097174,0.00210115048921786
30618_0652866c,34,0.0023677337938124545,0.0025472836310303096
30618_0652866c,38,0.0010096936654061083,0.0016396121823000751
30618_0652866c,51,0.00046672899485522557,0.000767409606853118
30618_0652866c,30,0.000729685663016418,0.001217195113887429
30618_0652866c,23,0.0008967004245461485,0.0011573311165201355
30618_0652866c,45,0.0014065286552609121,0.0017187353163186229
30618_0652866c,32,0.0009511557122872968,0.0009393452489683207
30618_0652866c,46,0.0013648876905074437,0.001653448284779164
30618_0652866c,22,0.0005434834673759208,0.0013979141418747289
30618_0652866c,25,0.0007315091760171644,0.0012451628352356892
30618_0652866c,35,0.0023677337938124545,0.0024977351656209623
30618_0652866c,25,0.0006062353752183361,0.0012255115639875438
30618_0652866c,22,0.0010288185167988432,0.0012379040703438223
30618_0652866c,26,0.0007012946147426757,0.0019888630798341536
30618_073f08d1,45,0.002461201732629792,0.0026533905203671698
30618_073f08d1,48,0.0023939101505867423,0.0016890486922784928
30618_073f08d1,20,0.0006093217505233309,0.0011099726990827683
30618_073f08d1,39,0.0005879069814068549,0.0009189610653106137
30618_073f08d1,25,0.0011782220496560575,0.0012083560597705132
30618_073f08d1,38,0.0009300398571963214,0.0009882847798498378
30618_073f08d1,21,0.001305942539267635,0.0016804223606824576
30618_073f08d1,28,0.000420658023112894,0.0011720115955842112
30618_073f08d1,23,0.0007967990383791722,0.001964093955108803
30618_073f08d1,35,0.0016276775490332266,0.0018307538815741861
30618_073f08d1,20,0.00043294102485305077,0.0011409630850506428
30618_073f08d1,68,0.002611914664240156,0.003575439294490853
30618_073f08d1,41,0.003446642170338974,0.0021640338528871577
30618_073f08d1,30,0.0004901976101902461,0.0008017588886224264
30618_073f08d1,30,0.002049747981510203,0.002654404067695258
30618_073f08d1,25,0.0010588031119769976,0.001888152404732665
30618_073f08d1,50,0.0013713248102416745,0.001778571860509087
30618_073f08d1,43,0.0027374754020745183,0.0026746609231758345
30618_073f08d1,44,0.00174078253354295,0.0025947999229359417
30618_073f08d1,19,0.00266746743526744,0.0037277582143725807
30618_073f08d1,48,0.0016467455108461538,0.002445845672722158
30618_073f08d1,28,0.0007996598840723894,0.0011165514836824592
30618_073f08d1,43,0.0024193899745826976,0.0025881013769308353
30618_095a115b,42,0.0017784618781365945,0.0016405511119221736
30618_095a115b,26,0.0009571694080485625,0.0018172684186905125
30618_095a115b,21,0.001132549543845085,0.001392496291331699
30618_095a115b,22,0.00032625240540635483,0.0015172883534349403
30618_095a115b,57,0.002259018351730307,0.0029975591244459712
30618_095a115b,35,0.0011991619545193195,0.0022029853750794746
30618_095a115b,27,0.0017376352170550002,0.002276551633693458
30618_095a115b,32,0.0012192090401861367,0.0020001551836966724
30618_095a115b,24,0.0011808541080747053,0.002497843353563808
30618_095a115b,43,0.0018324886693246653,0.0015392554236698026
30618_095a115b,31,0.0010211102397096822,0.0011959354837828807
30618_095a115b,34,0.0011100308080391336,0.001990445048688599
30618_095a115b,68,0.004249909362837933,0.005770822211849803
30618_095a115b,27,0.0005014907229961112,0.0015947541984890053
30618_095a115b,31,0.0007934639061934047,0.0013005240328791466
30618_095a115b,22,0.0009546759470997201,0.0021070915329826747
30618_095a115b,30,0.0007316103410331096,0.0016862520066032022
30618_095a115b,33,0.0019181282785914189,0.001989016158473546
30618_095a115b,39,0.0012545105843127142,0.0030174342537484934
30618_095a115b,85,0.004249909362837933,0.005577228866703412
30618_095a115b,44,0.0017784618781365945,0.0016144793483118508
30618_095a115b,25,0.0010078077372964844,0.0015551520210216486
30618_095a115b,27,0.0009571694080485625,0.0015604758485513875
30618_095a115b,44,0.0017609871442343938,0.0022789847331488896
30618_095a115b,34,0.004234400805934822,0.002754805106272642
30618_095a115b,25,0.0008228579833257118,0.0010695676545580902
30618_095a115b,35,0.0010903171687517213,0.0013741294623810065
30618_095a115b,36,0.0019181282785914189,0.0026545851697897848
30618_095a115b,25,0.00044643992657913967,0.0007742365559575702
30618_095a115b,31,0.0007130608599479505,0.0013778899519039812
30618_0e41eac3,29,0.0011092666354554205,0.0019466478612975495
30618_0e41eac3,24,0.0008645835359921077,0.0018121552531679798
30618_0e41eac3,22,0.0006028267187063977,0.0011280431749924314
30618_0e41eac3,27,0.0005828118221353317,0.001161454086859644
30618_0e41eac3,26,0.0010520458813055439,0.0016160223360835767
30618_0e41eac3,27,0.0005548181916048494,0.0006921900144522593
30618_0e41eac3,22,0.0007147869951581947,0.0009003656533481332
30618_0e41eac3,23,0.000957315423760019,0.0012995621275972487
30618_0e41eac3,32,0.0013167627307108212,0.0012441272253045194
30618_0e41eac3,25,0.0006600048627909624,0.0008987304741146988
30618_0e41eac3,26,0.0008912461377875158,0.0015581621306122962
30618_0e41eac3,27,0.000955406273677184,0.0015468927870258158
30618_0e41eac3,40,0.0011593682406584426,0.0015345668452872096
30618_0e41eac3,28,0.0016277273273209852,0.0018837417789816706
30618_0e41eac3,47,0.0024929419475275606,0.0027137548645749837
30618_0e41eac3,22,0.0006028267187063977,0.0010760412411709684
30618_0e41eac3,50,0.004418926999219475,0.0031413283298774393
30618_0e41eac3,31,0.0011080315782690865,0.0015272443620718756
30618_0e41eac3,33,0.0010599238098615046,0.0020803999142360923
30618_0e41eac3,24,0.0007065925919109567,0.0010670201617205622
30618_1cc230fa,25,0.0007679638769268471,0.001185022836877411
30618_1cc230fa,22,0.0009159421749464994,0.001311157916839315
30618_1cc230fa,20,0.0013385503444969943,0.0014109257215280705
30618_1cc230fa,18,0.000835201858237428,0.0018123341578322656
30618_1cc230fa,43,0.002552750626365651,0.0034179495247315356
30618_1cc230fa,54,0.0023327976699280446,0.002179730852792923
30618_1cc230fa,48,0.001976934915860976,0.0028722005358610375
30618_1cc230fa,20,0.0013796701483387204,0.0011221474678906583
30618_1cc230fa,14,0.0013498326214677024,0.0020247215216511903
30618_1cc230fa,24,0.0006777206297187734,0.001164200244248464
30618_1cc230fa,27,0.0005521750116506463,0.0009662256427961841
30618_1cc230fa,32,0.0013459184778235934,0.0019377112906918017
30618_1cc230fa,52,0.0019627104653865135,0.002565064148963893
30618_1cc230fa,45,0.0015840037899066406,0.0022355202250821955
30618_1cc230fa,35,0.0013977414542849843,0.0021110989389033297
30618_1cc230fa,38,0.0013459184778235934,0.0016870704045093413
30618_1cc230fa,36,0.0023579175698082546,0.002494591038536754
30618_1cc230fa,19,0.0007849452819815514,0.0011688725930174696
30618_1cc230fa,23,0.0004072871054370881,0.00085577105679502
30618_1cc230fa,51,0.0015922506862027447,0.0027273095571641415
30618_1cc230fa,23,0.001048651850814018,0.001252966760119033
30618_1cc230fa,25,0.0010350876552662385,0.0019637944424652485
30618_1cc230fa,23,0.0009773588222011273,0.001457539935827292
30618_1cc230fa,38,0.0014319181413134066,0.002239172205344253
30618_1cc230fa,37,0.0040823011758471354,0.0037112621403640697
30618_1cc230fa,23,0.0005930815450996222,0.0015412905403043866
30618_2050d396,23,0.002214000989586948,0.0025074068347617734
30618_2050d396,40,0.0030459429494638832,0.00391802208049176
30618_2050d396,26,0.0036986123898437584,0.003163508274190069
30618_2050d396,69,0.009921512353678956,0.008593170447366481
30618_2050d396,45,0.0023418119298981633,0.002497697990058062
30618_2050d396,49,0.002400447114027815,0.002426100717259381
30618_2050d396,37,0.0016174188901476524,0.0022773677367463876
30618_2050d396,61,0.0021555483043260936,0.0034067576639407095
30618_2050d396,31,0.0004325723251177971,0.0008070614205699888
30618_2050d396,59,0.004560747941689924,0.004334107351720955
30618_2050d396,32,0.0007615663843619641,0.001291966149776012
30618_2050d396,36,0.0008087492610714175,0.0013352822180330449
30618_2050d396,32,0.0006924684406819481,0.0011552051017029656
30618_2050d396,25,0.000458299756234743,0.0011500709010973393
30618_2050d396,64,0.0054122022996266565,0.003082688264089941
30618_2050d396,31,0.0005255925320880817,0.0012708892193667829
30618_2050d396,23,0.001161130453676351,0.001280975525298139
30618_2050d396,46,0.0008226553586569271,0.0011962154545305094
30618_2050d396,41,0.0008087492610714175,0.0011280482817368866
30618_2050d396,30,0.0007358705154731693,0.0016014683542593404
30618_2050d396,53,0.004520861566932793,0.00389803884318905
30618_2050d396,41,0.0024292993169236746,0.00373590593501877
30618_2050d396,42,0.0022666440069029183,0.0028008176893185546
30618_2050d396,30,0.0005537961894468979,0.0013035535962403729
30618_2050d396,25,0.0007130687868818825,0.001413821531674787
30618_2050d396,38,0.0008087492610714175,0.0012190746114613504
30618_2050d396,37,0.0013400014365810842,0.0018247142975633935
30618_2050d396,37,0.002059708227629109,0.0019242127546467474
30618_2050d396,37,0.0006645546082151187,0.0011973521737076978
30618_2050d396,23,0.0008141267527982526,0.001359143655043926
30618_2050d396,35,0.002059708227629109,0.001962662123860871
30618_21dd3af3,25,0.0003505953756509134,0.001185283642717164
30618_21dd3af3,38,0.004125933205207891,0.0054008808559203566
30618_21dd3af3,30,0.0014593411140489884,0.0010771818641287154
30618_21dd3af3,44,0.00215876365539307,0.002856110550245597
30618_21dd3af3,52,0.0026321852050800545,0.0024440679954784504
30618_21dd3af3,42,0.0016190770215745109,0.0017290351667256236
30618_21dd3af3,48,0.002229315606668314,0.0018298130917209605
30618_21dd3af3,31,0.0010966377686111306,0.0013783087103241285
30618_21dd3af3,26,0.0013029935112622182,0.0012636590335259915
30618_21dd3af3,33,0.00305387889022433,0.0034178684562715146
30618_21dd3af3,24,0.0007574012529564086,0.0014485574445137037
30618_21dd3af3,22,0.0004024391652227288,0.0008622299886631579
30618_21dd3af3,22,0.0005496618754109728,0.0011821740300401607
30618_21dd3af3,30,0.0008722259532044363,0.0010759486603153679
30618_21dd3af3,30,0.0024295365991255256,0.0021802311683919553
30618_21dd3af3,28,0.0018187949040427544,0.0020635046729506044
30618_21dd3af3,62,0.0019895563142092853,0.0024332890619766794
30618_21dd3af3,35,0.0028685874319515203,0.0025824510710084837
30618_21dd3af3,47,0.004489789136336834,0.004161740761988221
30618_21dd3af3,32,0.0008259704209882227,0.001188832937923013
30618_21dd3af3,41,0.0016071603317534989,0.0016602241357393493
30618_21dd3af3,31,0.0012745311741291848,0.001660412750137108
30618_21dd3af3,73,0.013403912589099478,0.010319019845700895
30618_21dd3af3,45,0.0032579237407121234,0.0026323860904803984
30618_21dd3af3,46,0.002229315606668314,0.002137556856699771
30618_21dd3af3,35,0.0028685874319515203,0.0025824510710084837
30618_21dd3af3,36,0.0023309435967741486,0.0028664648231825547
30618_21dd3af3,46,0.0013274038576702063,0.001945031653160543
30618_21dd3af3,61,0.006306430137540331,0.007960931227565417
30618_21dd3af3,53,0.0032606756468813846,0.003697952787234218
30618_21dd3af3,23,0.000625157367026119,0.0011531648022020666
30618_21dd3af3,30,0.0007348684288891571,0.0011655292662507654
30618_21dd3af3,28,0.0006419354592299574,0.0009199045748015958
30618_21dd3af3,30,0.0009200743446479837,0.0014376152898080935
30618_27e994fc,13,0.0011374497421785376,0.0016087611132748992
30618_27e994fc,27,0.0007303321854146922,0.0011416618133333924
30618_27e994fc,24,0.000591581275913747,0.0011906305783962391
30618_27e994fc,31,0.0005698145947048427,0.001335964853389132
30618_27e994fc,29,0.0011841666847284518,0.0011443089839924703
30618_27e994fc,33,0.0012873816965394218,0.0015790358104757116
30618_27e994fc,19,0.0013380534769835638,0.00140293863101852
30618_27e994fc,24,0.000591581275913747,0.0011906305783962391
30618_27e994fc,34,0.0012873816965394218,0.0016812936671236967
30618_27e994fc,28,0.00158150120375301,0.0016898909929337791
30618_27e994fc,33,0.0012873816965394218,0.0015920725736050293
30618_27e994fc,16,0.00214618302093886,0.002597853758401846
30618_27e994fc,27,0.0005622528332124596,0.0011535716241662614
30618_27e994fc,29,0.0005622528332124596,0.0010946830225377394
30618_27e994fc,9,0.001951437168211384,0.0023560638079367043
30618_27e994fc,17,0.0006967681198003145,0.001670891603702183
30618_27e994fc,28,0.00158150120375301,0.0016632236995390935
30618_27e994fc,18,0.0013380534769835638,0.0013785064804642808
30618_28538acf,28,0.001004004288903862,0.0015080675637300818
30618_28538acf,20,0.0007786821111963188,0.0013307352436325375
30618_28538acf,21,0.0007786821111963188,0.0013062663285862905
30618_28538acf,19,0.00040409965321085427,0.001123019322456266
30618_28538acf,27,0.0012593787039914723,0.0019448386325246426
30618_28538acf,26,0.0012593787039914723,0.001812079700767262
30618_28538acf,35,0.0005640679540345084,0.0010189077970892103
30618_28538acf,28,0.0006261173548557005,0.0008727385432289091
30618_28538acf,39,0.00303570403777359,0.0033825066029971
30618_28538acf,38,0.0031883157831915365,0.0030020885177452676
30618_28538acf,51,0.001189122937668621,0.0011798580591706827
30618_28538acf,43,0.002019600916505282,0.0027617974362155857
30618_28538acf,40,0.0031883157831915365,0.0029048820212115903
30618_28538acf,40,0.0010979201737551945,0.001326672413057149
30618_28538acf,27,0.0009562412994555403,0.0013779557972301024
30618_28538acf,19,0.00040090621059529763,0.0010965764614594624
30618_28538acf,58,0.0038406411422666985,0.006118102638399989
30618_28538acf,39,0.00303570403777359,0.003022305773758284
30618_28538acf,40,0.002019600916505282,0.002497236158869859
30618_28538acf,40,0.00303570403777359,0.0033730514250058614
30618_28538acf,34,0.0008963147351117181,0.0012232041492506384
30618_28538acf,39,0.0017003454212415336,0.002494593125935333
30618_28538acf,37,0.002808301830987649,0.002507913446110415
30618_28538acf,39,0.0015531248011471223,0.0023091050541833493
30618_28538acf,42,0.000921311629632604,0.0013520379103725954
30618_28538acf,43,0.0024767051290104924,0.004062970599359334
30618_28538acf,27,0.0006378338771921399,0.001210013570216945
30618_28538acf,41,0.000921311629632604,0.0014981717109405933
30618_2cb9ce37,37,0.0010635540317695134,0.0018057558907226537
30618_2cb9ce37,31,0.0007907408560999958,0.001102342492870817
30618_2cb9ce37,43,0.0013699311694247464,0.001676731565134559
30618_2cb9ce37,30,0.00032657691644180225,0.0008563559510549715
30618_2cb9ce37,41,0.00258386497818129,0.003034706730164236
30618_2cb9ce37,60,0.002502254501284376,0.003340817391786521
30618_2cb9ce37,35,0.0009708321443680567,0.0017509318361824157
30618_2cb9ce37,63,0.0024603206039653953,0.0031787907169835176
30618_2cb9ce37,25,0.001246198125304901,0.001822140016578686
30618_2cb9ce37,22,0.0005007930484272679,0.0011909192620779556
30618_2cb9ce37,24,0.0006907881347263743,0.0014526782032955338
30618_2cb9ce37,32,0.0007907408560999958,0.0010953492091257107
30618_2cb9ce37,56,0.002502254501284376,0.0039061732902488156
30618_2cb9ce37,24,0.0006907881347263743,0.0014014813844135127
30618_2cb9ce37,53,0.005087813705337665,0.004135450562270794
30618_2cb9ce37,55,0.002305198768958619,0.002630034823089537
30618_2cb9ce37,37,0.0007202239057943621,0.001581918767011478
30618_2cb9ce37,38,0.0007725105054495732,0.0014974272376693644
30618_2cb9ce37,55,0.0019940851138445614,0.0032774397469791526
30618_2cb9ce37,38,0.0007725105054495732,0.0014745901627459066
30618_2cb9ce37,34,0.0013618929997878102,0.003136129461625828
30618_2cb9ce37,44,0.0021075701333415613,0.0030303300355947072
30618_2cb9ce37,38,0.0007725105054495732,0.0016003389995254145
30618_2cb9ce37,34,0.0015193268837798406,0.001946209357009594
30618_2cb9ce37,27,0.000478600167665247,0.0015105206402591708
30618_2cb9ce37,23,0.000762983804431019,0.001157521967581802
30618_2cb9ce37,43,0.0006429744604555286,0.0009386435503369645
30618_2cb9ce37,47,0.000710457706447532,0.0013130376536760512
30618_2cb9ce37,51,0.0008717231830079788,0.0018625066290968368
30618_2cb9ce37,59,0.006571275703343823,0.004899514004269042
30618_2cb9ce37,39,0.002219365150265188,0.0018982422359388508
30618_2cb9ce37,22,0.00060207279771738,0.0013996138458909015
30618_2dbce472,46,0.0016880965361869339,0.0025329648017157224
30618_2dbce472,20,0.0005924170307420428,0.0012772698383759504
30618_2dbce472,36,0.0011952532343107447,0.0013413099771531613
30618_2dbce472,47,0.004149479281787105,0.0030653909572059485
30618_2dbce472,42,0.0013070111595983036,0.002416395796782545
30618_2dbce472,34,0.0006104150353934598,0.0009949734113692604
30618_2dbce472,45,0.004149479281787105,0.0027516241462184495
30618_2dbce472,43,0.0012168394536200555,0.0020065198063470074
30618_2dbce472,26,0.0007425002518569466,0.0013107258883003276
30618_2dbce472,16,0.0009045442281045609,0.0012802597484236602
30618_2dbce472,42,0.0016880965361869339,0.002190245248716207
30618_2dbce472,27,0.0007049864764679824,0.0009938360198169305
30618_2dbce472,38,0.0014107247425365304,0.0023866459497993036
30618_2dbce472,37,0.001848031176308329,0.0028280767024509673
30618_2dbce472,31,0.0035607997390113,0.0030943121940695288
30618_2dbce472,26,0.0028314395687082015,0.0013667931690353437
30618_2dbce472,25,0.0007492505269905136,0.0007253441958892869
30618_2dbce472,28,0.0007396843336169856,0.0011542824645844284
30618_2dbce472,35,0.00172683450132749,0.0020255550874275214
30618_2dbce472,37,0.002643866629399777,0.003887713710126778
30618_2dbce472,27,0.0007049864764679824,0.0010189465003748335
30618_2dbce472,20,0.0005924170307420428,0.0017198527208748806
30618_2dbce472,22,0.002465750448774776,0.0035105153230579316
30618_2dbce472,42,0.002633067461094596,0.0027783375618176402
30618_2dbce472,22,0.0008091164752080271,0.0021283731105263244
30618_2dbce472,37,0.0027220217552881287,0.0033004110996264525
30618_2dbce472,20,0.0007278502076858706,0.0009552887900417695
30618_2dbce472,27,0.0004563595507651483,0.0008307715825776949
30618_2dbce472,42,0.0014360979211855084,0.0029560245292487705
30618_33bec73f,22,0.00044878658826317115,0.0010161685208807652
30618_33bec73f,21,0.000522403944040749,0.0008342864591375008
30618_33bec73f,45,0.0014076722699707081,0.0019911400282906443
30618_33bec73f,26,0.0008866567468268118,0.0011142782199127866
30618_33bec73f,22,0.0006614140466634252,0.0013143459382340616
30618_33bec73f,35,0.0007078310036222446,0.0011303990413282128
30618_33bec73f,29,0.0009960149871164564,0.0012434725459972162
30618_33bec73f,42,0.0007078310036222446,0.0013763275865894794
30618_33bec73f,29,0.0007428071680966958,0.000921529508248859
30618_33bec73f,24,0.0009868266210324092,0.0017400776882316785
30618_33bec73f,23,0.0006536056960818077,0.0014844999439256336
30618_33bec73f,28,0.0004574973578742057,0.001097143166008778
30618_33bec73f,34,0.0004253605792074837,0.0010131626289415258
30618_33bec73f,36,0.0006561685840755366,0.001767830860544939
30618_33bec73f,29,0.0007428071680966958,0.0010899414708281268
30618_33bec73f,32,0.0006689759881068631,0.0015780961990328646
30618_33bec73f,42,0.0018432763372160713,0.0021229560878357904
30618_33bec73f,31,0.001208989392974176,0.001560770488509377
30618_33bec73f,37,0.0011986177522061777,0.0011567477989928654
30618_33bec73f,27,0.0007516093585865686,0.0015967311331951783
30618_33bec73f,29,0.0006506569167203766,0.0011954666545378513
30618_33bec73f,27,0.0009165727394884849,0.0014652528605378341
30618_33bec73f,30,0.0008468997540288098,0.0015220852883904524
30618_33bec73f,41,0.00243233316817571,0.004690092879413103
30618_33bec73f,48,0.0009827284465400848,0.002227079967254103
30618_33bec73f,22,0.0004959540619112898,0.0013688056749992243
30618_33bec73f,40,0.001414316145159862,0.002321244215929561
30618_33bec73f,31,0.0006499074399324512,0.000992460810435638
30618_33bec73f,56,0.010245221783251079,0.005438572567085765
30618_33bec73f,52,0.0013245108425347803,0.001989756477581274
30618_3b36e5cd,59,0.002383370462859724,0.0029010456489283773
30618_3b36e5cd,36,0.0016090907433494092,0.0016630266780762056
30618_3b36e5cd,23,0.0009298499137223581,0.0012751257257745737
30618_3b36e5cd,49,0.0014492659616143154,0.0014920963759796598
30618_3b36e5cd,45,0.001345005182897106,0.0018937246936429513
30618_3b36e5cd,26,0.0005177419380792722,0.0008455842625142136
30618_3b36e5cd,41,0.0010854033149712671,0.002062819936567669
30618_3b36e5cd,25,0.0011920836881099406,0.0028339967979134255
30618_3b36e5cd,45,0.0021176663736552303,0.0018300868633599956
30618_3b36e5cd,23,0.001559888759195845,0.001899452374200571
30618_3b36e5cd,49,0.0018711292041081462,0.002195237025371241
30618_3b36e5cd,43,0.001345005182897106,0.001815709230728527
30618_3b36e5cd,42,0.002168709049851461,0.0029931894230185658
30618_3b36e5cd,20,0.0006512448433427908,0.0012597619071030187
30618_3b36e5cd,41,0.002383370462859724,0.0030541554877749184
30618_3b36e5cd,26,0.0015706626500799903,0.0018216178685880869
30618_3b36e5cd,28,0.0005094657478158515,0.0007412362041561969
30618_3b36e5cd,23,0.0009636642200993167,0.0011704820760118696
30618_3b36e5cd,19,0.0008652015877244346,0.0015074298783684314
30618_3b36e5cd,23,0.001559888759195845,0.001899452374200571
30618_3b36e5cd,45,0.0009808731795299397,0.0016641288426638545
30618_3b36e5cd,34,0.002036423708762194,0.001534048023716747
30618_3b36e5cd,42,0.003975705773923283,0.0030033020908900388
30618_3b36e5cd,46,0.002168709049851461,0.0035632037986921914
30618_3b36e5cd,33,0.0016219878103132857,0.0019425002818145
30618_3b36e5cd,29,0.000455280609562414,0.0012777394006292127
30618_3b36e5cd,21,0.0007885256263350978,0.001038389262923374
30618_3e9f4952,51,0.0010083794446193533,0.0015961840747292645
30618_3e9f4952,49,0.0017439760159054575,0.0024387490556329727
30618_3e9f4952,27,0.0009590648096945709,0.0012868228790992727
30618_3e9f4952,33,0.0015297797353078836,0.0017108400260355816
30618_3e9f4952,54,0.0026071983924851327,0.0031808691147578003
30618_3e9f4952,58,0.0018614636829883463,0.0023167848058406027
30618_3e9f4952,27,0.0006744514352685638,0.001514919965182372
30618_3e9f4952,28,0.001114765304238978,0.0016184026160105498
30618_3e9f4952,43,0.0017749735596772065,0.0024910996883757146
30618_3e9f4952,27,0.0009056480058364548,0.0011500289939024135
30618_3e9f4952,24,0.0006496560426477484,0.001144552055982165
30618_3e9f4952,29,0.0017047631561239967,0.002096372410975097
30618_3e9f4952,27,0.0008782743192223275,0.0012873822636397957
30618_3e9f4952,36,0.0010946272850292896,0.0010939459002104433
30618_3e9f4952,34,0.001322001748824235,0.0019123893878421263
30618_3e9f4952,17,0.0011159984047211208,0.0015215742889534267
30618_3e9f4952,35,0.0010194792639591887,0.0013694311501460028
30618_3e9f4952,29,0.0011249079048761157,0.0011678047973516241
30618_3e9f4952,27,0.0006796574347811681,0.0008465755868571423
30618_3e9f4952,35,0.0018563450757010228,0.002376039230662852
30618_3e9f4952,46,0.0031156433883162277,0.0030610587354780424
30618_3e9f4952,33,0.0020849017246811416,0.0026731197708224495
30618_3e9f4952,33,0.0009378842421002731,0.001170153590263267
30618_3e9f4952,28,0.0008362114041610136,0.0012253064683908435
30618_3e9f4952,36,0.002064222847468692,0.0023294569745154793
30618_3e9f4952,37,0.0011887389934119987,0.0013286763264777782
30618_3e9f4952,22,0.000766761565585469,0.0016654831884853054
30618_3e9f4952,29,0.0009402990073094889,0.0018689243233971577
30618_3e9f4952,34,0.0009497029346934194,0.0009909960060595431
30618_3e9f4952,51,0.002351892559280434,0.0028822260847124735
30618_40ffd323,65,0.0012055929015841423,0.0015229593136055052
30618_40ffd323,25,0.0009931154066265616,0.0017011484658062868
30618_40ffd323,24,0.0009931154066265616,0.00196794329631021
30618_40ffd323,26,0.0004395349292418037,0.0008006819221565674
30618_40ffd323,29,0.001300592778727505,0.002290949014715594
30618_40ffd323,41,0.0013003925413839824,0.0011928515949233885
30618_40ffd323,23,0.0006546883802684596,0.0008737549604903803
30618_40ffd323,28,0.0007655978743062661,0.001079786001549679
30618_40ffd323,48,0.001883803518704769,0.0023053650937697625
30618_40ffd323,46,0.0013003925413839824,0.0012735532663858179
30618_40ffd323,30,0.0006635431137579654,0.0016954639020424088
30618_40ffd323,35,0.0009239683125370705,0.0011088424428717693
30618_40ffd323,21,0.0027906844582883572,0.002333100172018095
30618_40ffd323,35,0.001311963814958196,0.002147751817814932
30618_40ffd323,36,0.002272583984468113,0.0024907844025941098
30618_40ffd323,49,0.0009239683125370705,0.001589204137703839
30618_40ffd323,42,0.0015318187852400647,0.0025510302412658165
30618_40ffd323,34,0.0007465307037925861,0.0009099883522579601
30618_40ffd323,30,0.001838707707354413,0.001688727537872418
30618_40ffd323,23,0.0006546883802684596,0.0008737549604903803
30618_40ffd323,66,0.001030214997115529,0.0010434513988568097
30618_40ffd323,66,0.001030214997115529,0.0010918658644268023
30618_40ffd323,26,0.0017660523375047244,0.0018900380007082624
30618_40ffd323,26,0.0006870456120276565,0.0014445570631273206
30618_40ffd323,31,0.000484290032114069,0.0008010320495945313
30618_40ffd323,30,0.0006189618553190606,0.001392442335561733
30618_40ffd323,31,0.0012658470933539611,0.0017002720131032766
30618_40ffd323,37,0.0017104009343336668,0.0021930654810937635
30618_40ffd323,53,0.0019009410971996322,0.002893057235535949
30618_437e855c,44,0.0031144163166158534,0.00337060028755499
30618_437e855c,62,0.0026832952530599116,0.0026432119148373985
30618_437e855c,32,0.0016486121261810004,0.0015087278726622412
30618_437e855c,50,0.002626380383140319,0.0034989820026060845
30618_437e855c,56,0.002213583519467173,0.002022669463466635
30618_437e855c,36,0.0007112238879050607,0.0008792439651171161
30618_437e855c,28,0.0016486121261810004,0.0015873488928447941
30618_437e855c,23,0.0006037071835264321,0.0011884890171303417
30618_437e855c,42,0.0010679420950272368,0.001293971128252942
30618_437e855c,27,0.0005227977089717756,0.0010887560334533646
30618_437e855c,40,0.0021959359662726357,0.002715134181064278
30618_437e855c,26,0.0012056614241082514,0.0018276772836521092
30618_437e855c,42,0.0021057912141590382,0.003174857275282449
30618_437e855c,46,0.0013849694779746427,0.0014642988094841181
30618_437e855c,25,0.0007629374363355622,0.001498190463300263
30618_437e855c,27,0.0006571885192462262,0.0011822562140785273
30618_437e855c,27,0.0011587908292116213,0.0011342523503204641
30618_437e855c,45,0.0021637820375307038,0.0026570791617496537
30618_437e855c,29,0.0011912515659185182,0.0019557738493678335
30618_437e855c,33,0.0019228473897855394,0.0023129289675993905
30618_437e855c,31,0.0018738033291357925,0.0026597011958464753
30618_437e855c,20,0.0007392615522388865,0.0008310285727702335
30618_437e855c,51,0.001638827730115433,0.002949859360476176
30618_437e855c,18,0.0004151849524974073,0.001392828185934128
30618_437e855c,32,0.004982102096230882,0.0040653477716765165
30618_437e855c,43,0.0031144163166158534,0.003217780706215793
30618_437e855c,29,0.002332619831906417,0.001295212096576634
30618_437e855c,47,0.002213583519467173,0.0014547283945093006
30618_437e855c,30,0.0006434475817302026,0.0011678841261991578
30618_437e855c,20,0.0007392615522388865,0.0008310285727702335
30618_437e855c,27,0.000648908117929574,0.001201615082078988
30618_437e855c,62,0.0015745074653614687,0.0026186713234072345
30618_49fe4c54,40,0.0038237316553239808,0.004152700271743027
30618_49fe4c54,22,0.0005033307987971142,0.0018617124438544941
30618_49fe4c54,20,0.0006308515057317097,0.002071687230140856
30618_49fe4c54,41,0.0014212933237012892,0.0028614521598085414
30618_49fe4c54,56,0.0025292926082943388,0.003424895751132754
30618_49fe4c54,34,0.0021604822813258264,0.0020903486981647015
30618_49fe4c54,12,0.00029161288416656994,0.0010397619975570347
30618_49fe4c54,20,0.0004949259984497036,0.0010502697795619366
30618_49fe4c54,42,0.0013916726890685165,0.002575637154932178
30618_49fe4c54,25,0.0003618007668349077,0.0015053957059916066
30618_49fe4c54,69,0.002631635535275666,0.002212832776484105
30618_49fe4c54,30,0.003201760966380856,0.002690384398040015
30618_49fe4c54,56,0.002608283404810329,0.0027788771351423395
30618_49fe4c54,26,0.0004610904026175255,0.0008616345164090563
30618_49fe4c54,53,0.0022960079910037123,0.0024860014158149687
30618_49fe4c54,52,0.0017501550663190034,0.0030039635654710386
30618_49fe4c54,37,0.0015491457568177825,0.001581549300116118
30618_49fe4c54,31,0.001350860166262971,0.0016413199604438063
30618_49fe4c54,49,0.0017501550663190034,0.0032186021467161415
30618_49fe4c54,70,0.004169765282614169,0.0028750868896009396
30618_49fe4c54,30,0.0008851680300868322,0.0013877462521198643
30618_49fe4c54,24,0.00031251066518529893,0.0014989949888996816
30618_49fe4c54,41,0.0015491457568177825,0.0015689186066704594
30618_49fe4c54,37,0.0025820533170900495,0.002484547433227985
30618_49fe4c54,23,0.00031251066518529893,0.0014691320772426213
30618_49fe4c54,27,0.0005443961436661815,0.0007818601598709746
30618_49fe4c54,46,0.002322818820568531,0.003443674671593792
30618_49fe4c54,23,0.0003102820690231835,0.0014452420738546572
30618_4d487b0d,21,0.0008357562440888366,0.0017146006039096828
30618_4d487b0d,21,0.0008348283832243647,0.0011713413326556866
30618_4d487b0d,24,0.0004406900882120979,0.0011661651323432657
30618_4d487b0d,40,0.0012134843738658776,0.0023142232543025675
30618_4d487b0d,29,0.0012087882651288116,0.0021165445806151204
30618_4d487b0d,26,0.0007001468240968034,0.001740837075003469
30618_4d487b0d,54,0.0015511022004573254,0.002941721859494439
30618_4d487b0d,55,0.00246133739214881,0.003976574565222174
30618_4d487b0d,18,0.0007958795156416398,0.0008136241816539497
30618_4d487b0d,47,0.0015511022004573254,0.0028783348369739842
30618_4d487b0d,29,0.0006816692957227422,0.0010164718149630733
30618_4d487b0d,41,0.0015850760985730572,0.0024075593823235006
30618_4d487b0d,49,0.0015511022004573254,0.0030808725080467524
30618_4d487b0d,24,0.0008810928093481903,0.0015498622441545789
30618_4d487b0d,29,0.0009205492215042953,0.002214058071814119
30618_4d487b0d,37,0.002207329839715851,0.002859423870717488
30618_4d487b0d,24,0.0006322841280054384,0.0008442847786592619
30618_4d487b0d,21,0.0011549596344794086,0.0013154367396958336
30618_4d487b0d,60,0.0009445977354322066,0.0012566054102639143
30618_4d487b0d,31,0.0016312872983944942,0.001606123382142113
30618_4d487b0d,21,0.0012434429962361604,0.0015443544326443597
30618_4d487b0d,34,0.001798074363747737,0.0016962176441116578
30618_4d487b0d,31,0.001798074363747737,0.0017516813603075403
30618_4d487b0d,38,0.0019771956481851455,0.002880971981836526
30618_4d487b0d,74,0.0010133705147973293,0.002157213243055545
30618_4d487b0d,42,0.0009232613783678271,0.0017567605338835472
30618_4d487b0d,56,0.0012527851975435076,0.0025534523574991764
30618_4d487b0d,22,0.0004406900882120979,0.0012406435218812806
30618_4d487b0d,20,0.0007641639375875537,0.0014168063788270759
30618_4d487b0d,33,0.002293163292578268,0.003259541531415876
30618_4d487b0d,31,0.0013502739430044652,0.001400899874482612
30618_4d487b0d,30,0.0006370207346506951,0.0010545553255826526
30618_4d487b0d,46,0.0029238434300766225,0.0038736728792843995
30618_4d487b0d,27,0.0017539924936649737,0.0018441225080037692
30618_67b89902,58,0.0014819060852239608,0.003746886704741132
30618_67b89902,71,0.014789226374980837,0.010223477401486486
30618_67b89902,30,0.0005577019886728071,0.0010000226638524768
30618_67b89902,34,0.0014043542313924128,0.0015356740035367851
30618_67b89902,25,0.000814332176408028,0.00152544074909159
30618_67b89902,29,0.0007600721069181012,0.0009723496005101032
30618_67b89902,28,0.0005749978667988209,0.0012067887568976581
30618_67b89902,21,0.0008254218323308415,0.0017821044158508892
30618_67b89902,38,0.0006376315536984034,0.0007340642345907385
30618_67b89902,36,0.001086393481029957,0.001564829890423607
30618_67b89902,24,0.0005918339950423624,0.0010307502337529425
30618_67b89902,32,0.0007633172519111109,0.0013562559056471426
30618_67b89902,54,0.001600912375960248,0.0022864432957057684
30618_67b89902,30,0.0006330569639176831,0.0007900776516551412
30618_67b89902,29,0.000901740591605909,0.001277600999771309
30618_67b89902,25,0.0009449069855245962,0.0033150743265888813
30618_67b89902,23,0.0006307487864262495,0.0013733928446893705
30618_67b89902,53,0.004430103629683505,0.003934547996865956
30618_67b89902,31,0.0008306914136288701,0.0015444297366871591
30618_67b89902,38,0.002073381744050207,0.0032315871694836825
30618_67b89902,23,0.0007107930516383274,0.0020836104116917146
30618_67b89902,30,0.0009401059586512828,0.0012311064309924048
30618_67b89902,32,0.0005678400310824006,0.0007850285210333866
30618_67b89902,39,0.0015826098376788764,0.002369195067162426
30618_67b89902,30,0.0005577019886728071,0.001024824839019421
30618_67b89902,44,0.0022851338584989112,0.00208423008032168
30618_67b89902,29,0.0011778081580077306,0.0022405016075711854
30618_67b89902,59,0.007156897323573242,0.005119161287473181
30618_67b89902,31,0.0038204161421469653,0.0029659417777300645
30618_68847170,28,0.0006000620066714674,0.0012381272626849165
30618_68847170,45,0.0013286342824016194,0.002678754914790761
30618_68847170,24,0.0005179586231599655,0.0012264178459342298
30618_68847170,52,0.00227495737104112,0.0021197276616124923
30618_68847170,37,0.0022649471312520767,0.0024783003602343308
30618_68847170,69,0.014767208484339977,0.010765494321875712
30618_68847170,51,0.0015618659089141026,0.0019534765220424162
30618_68847170,41,0.0018931682937283077,0.0033036861856043528
30618_68847170,35,0.0008406681922083492,0.0012539371318778885
30618_68847170,42,0.0018695383198798704,0.002164526719345758
30618_68847170,22,0.0005620129322199254,0.001336058345627453
30618_68847170,40,0.0007581301793034512,0.0007872997554118663
30618_68847170,50,0.0018931682937283077,0.0036242754571558164
30618_68847170,38,0.0010262120769746147,0.0018884012577371533
30618_68847170,46,0.0009860149409237258,0.0010018574426280942
30618_68847170,41,0.0027873740945826065,0.003397926732701216
30618_68847170,41,0.0008083139080474477,0.0010477229097422757
30618_68847170,38,0.0008685529667836756,0.0010434076146215085
30618_68847170,54,0.014767208484339977,0.011238917969042174
30618_68847170,43,0.003543629579666385,0.0024905681333253333
30618_68847170,44,0.0018931682937283077,0.003476448208394778
30618_68847170,41,0.0008337284860263555,0.0015728841284931472
30618_68847170,36,0.0008321496565959097,0.0010403298997703088
30618_68847170,28,0.0007161753535966265,0.0009423875650422998
30618_68847170,42,0.0010674638646071322,0.0019836196615486816
30618_68847170,46,0.0020118781026814774,0.00288738615424595
30618_68847170,28,0.00485856464675094,0.006067033255061538
30618_68847170,50,0.00243902534560754,0.0029088721743888426
30618_68847170,23,0.0011245748538941545,0.0013094781961594491
30618_68d1748a,30,0.0007808484337520266,0.0013671883390952635
30618_68d1748a,59,0.001692461372242709,0.0022892541624512067
30618_68d1748a,21,0.000474095480411621,0.0013030503632431851
30618_68d1748a,45,0.0016580606052784552,0.002143079461769917
30618_68d1748a,29,0.0007945384395771152,0.0012985578289378356
30618_68d1748a,50,0.0015232171280286054,0.002133318605927051
30618_68d1748a,29,0.001215888616347979,0.0017129900139479556
30618_68d1748a,28,0.0014052802952018717,0.0025154530596685383
30618_68d1748a,16,0.00046019026860642597,0.0010741365543476466
30618_68d1748a,48,0.0016856505633458653,0.002241720281803899
30618_68d1748a,18,0.0007168039240889786,0.0015233050042617717
30618_68d1748a,25,0.0005048322943851158,0.0015733484978469145
30618_68d1748a,20,0.002287299149033445,0.0024490447182958274
30618_68d1748a,48,0.0016580606052784552,0.001864043538263187
30618_68d1748a,18,0.0007490080018256938,0.00116984896892966
30618_68d1748a,41,0.002665042875866916,0.0019181049002417038
30618_68d1748a,19,0.0008290971414972099,0.0018470173613623988
30618_68d1748a,19,0.0006918370114444374,0.0009051790562282403
30618_68d1748a,33,0.0027295874769943294,0.0025408052929760446
30618_68d1748a,23,0.0014428518386258166,0.001700410943748354
30618_68d1748a,33,0.0023755493875159683,0.0016413382267484872
30618_68d1748a,22,0.00046019026860642597,0.0010178159748881392
30618_68d1748a,41,0.0023458145945640294,0.001907173326035219
30618_68d1748a,24,0.0005595847056289275,0.0013366311506804874
30618_68d1748a,39,0.0024466839301524415,0.002932059575769584
30618_748832b9,44,0.0022840088658423047,0.0028248237483396387
30618_748832b9,32,0.0007266896448011428,0.001342453607919966
30618_748832b9,30,0.0007936812175699279,0.0013346858667796493
30618_748832b9,33,0.0007529798183260661,0.0009139455557194324
30618_748832b9,59,0.0020576352876280845,0.002038182602000492
30618_748832b9,47,0.0012201862334525692,0.0017803990548266471
30618_748832b9,20,0.01700339760104547,0.017538247857468367
30618_748832b9,31,0.0005836925765600414,0.0010617998774669621
30618_748832b9,29,0.00040119269278502957,0.0010191002024422869
30618_748832b9,35,0.0008219824687612787,0.0010090901143964429
30618_748832b9,46,0.0010681901902431373,0.0016381673450392696
30618_748832b9,41,0.0008881476706460445,0.0016841795089289457
30618_748832b9,46,0.0013396408003518772,0.0018211938979151546
30618_748832b9,43,0.0028926406387019634,0.0023157846315594683
30618_748832b9,44,0.002488176217346384,0.0028051496342841827
30618_748832b9,40,0.0010774004504981172,0.0022812337931647345
30618_748832b9,29,0.0010524572475107629,0.001376936595669674
30618_748832b9,24,0.0006516321162279348,0.0015074707471246325
30618_748832b9,38,0.0015558125708791855,0.0018452371819677967
30618_748832b9,31,0.001531517495145257,0.0018878554764880924
30618_748832b9,30,0.000428165073010367,0.0009091704530594237
30618_748832b9,31,0.00038762111533370834,0.0007391895865636283
30618_748832b9,28,0.0007895196022048134,0.0015209901910222022
30618_748832b9,22,0.0004284543755713928,0.001123698737453704
30618_748832b9,50,0.0010774004504981172,0.0021063439332933477
30618_748832b9,47,0.0014210017180080249,0.0025137717003388908
30618_748832b9,24,0.0014624261320345278,0.002607505304711751
30618_748832b9,47,0.0012201862334525692,0.001785356279829513
30618_748832b9,23,0.0006516321162279348,0.0015743888030272679
30618_76e1f9c7,37,0.002560689602359878,0.0024545886696285485
30618_76e1f9c7,35,0.0011845936277485702,0.002521645200029022
30618_76e1f9c7,36,0.0020032841295562582,0.0019833175901742043
30618_76e1f9c7,30,0.0021158762626561746,0.001878425468405904
30618_76e1f9c7,50,0.002732464355196864,0.0032523970884858274
30618_76e1f9c7,39,0.002948458807364018,0.0030244303907767576
30618_76e1f9c7,30,0.0018569475520042223,0.0024096465376223695
30618_76e1f9c7,28,0.00047068711593289817,0.0009150059571464764
30618_76e1f9c7,21,0.0007305427206308723,0.0021903431659800244
30618_76e1f9c7,70,0.002578034072827465,0.003232148795882852
30618_76e1f9c7,41,0.0021953713335786354,0.002996873160548332
30618_76e1f9c7,21,0.0011319423016555,0.0018765158763145381
30618_76e1f9c7,25,0.0005291405815074516,0.0006446183370855369
30618_76e1f9c7,30,0.0011179001171975587,0.0011865846180781655
30618_76e1f9c7,23,0.0005567372329676373,0.00107052006401386
30618_76e1f9c7,64,0.0022088295275890504,0.0034673893249058175
30618_76e1f9c7,17,0.00047653504397270584,0.0014277135754749122
30618_76e1f9c7,18,0.0007418140116112486,0.0016795188058381428
30618_76e1f9c7,43,0.00293582833075094,0.0036920673577154266
30618_76e1f9c7,32,0.001133663570501871,0.0017966445141628902
30618_76e1f9c7,26,0.0007671227548879805,0.0016338730095996298
30618_76e1f9c7,50,0.0019151808133845995,0.002513976157473366
30618_76e1f9c7,25,0.0012421438135883228,0.0026256387324628044
30618_76e1f9c7,22,0.0009288783282311655,0.0015784165773424996
30618_76e1f9c7,54,0.002952646480287936,0.0036543838307559746
30618_76e1f9c7,28,0.0006355735185112196,0.0011654665611672455
30618_76e1f9c7,49,0.002948458807364018,0.0033260681573933134
30618_7b4d83f4,30,0.0003880784342212507,0.00113966829713234
30618_7b4d83f4,28,0.00032421762122963264,0.000935547882846296
30618_7b4d83f4,38,0.0009597505805120921,0.0011874572141814764
30618_7b4d83f4,38,0.0029588177744709677,0.0025486507567681516
30618_7b4d83f4,29,0.0005934019420202638,0.0009136075359912746
30618_7b4d83f4,26,0.0007311969060735946,0.0009559439216298081
30618_7b4d83f4,28,0.0006645472344163474,0.0013483860127933137
30618_7b4d83f4,21,0.00045397792345092114,0.0017755213932645155
30618_7b4d83f4,18,0.0009626477582937998,0.0019030328059895677
30618_7b4d83f4,26,0.0008119837455436985,0.0015338534313570394
30618_7b4d83f4,42,0.001117799104182593,0.0022477882706656376
30618_7b4d83f4,70,0.003712325784569802,0.0038212887685875295
30618_7b4d83f4,36,0.0010124461823566176,0.001399877576136423
30618_7b4d83f4,53,0.001059042184646103,0.0016873689382969296
30618_7b4d83f4,31,0.001105729185059011,0.001279762948146405
30618_7b4d83f4,28,0.0005142623629427967,0.0012334443659651878
30618_7b4d83f4,36,0.000882559503945234,0.0016167329536807276
30618_7b4d83f4,46,0.0012577786742006918,0.0020639393379649285
30618_7b4d83f4,36,0.0010960540757773357,0.001331422160024077
30618_7b4d83f4,30,0.0007958904167689185,0.0013758989708529087
30618_7b4d83f4,38,0.0018631241868652503,0.002679238655131531
30618_7b4d83f4,74,0.003712325784569802,0.003811566922303698
30618_7b4d83f4,30,0.001549728498642411,0.00175293386545258
30618_7b4d83f4,52,0.0027939712255574184,0.0028903098167996594
30618_7b4d83f4,40,0.001569972521439178,0.0030922085835693885
30618_7b4d83f4,42,0.0037532230271312764,0.002914390122187576
30618_7b4d83f4,24,0.0007089436794831045,0.0012289702464675812
30618_7b4d83f4,28,0.0008940586630207186,0.002215863484780211
30618_8158f0b0,35,0.0011838725579518307,0.001298701702335698
30618_8158f0b0,29,0.0006654416324092557,0.0015413045721529243
30618_8158f0b0,29,0.0007361698600431565,0.001367660898959281
30618_8158f0b0,35,0.001654557694451858,0.0021546679937010913
30618_8158f0b0,31,0.0009559488924434812,0.0013945943889015246
30618_8158f0b0,23,0.0006491981876604849,0.0016379817230520542
30618_8158f0b0,39,0.0013327878804646697,0.0020512006452838103
30618_8158f0b0,21,0.0007174282698147699,0.0014359078895074396
30618_8158f0b0,31,0.0016043833388257242,0.0020800491631074785
30618_8158f0b0,33,0.001364300852984296,0.0018078737637996201
30618_8158f0b0,21,0.0006994442602615079,0.001199014452142969
30618_8158f0b0,52,0.006998365653347041,0.0029042676914779863
30618_8158f0b0,45,0.001890913253053955,0.0024129348609604495
30618_8158f0b0,41,0.0016043833388257242,0.0024753519781474235
30618_8158f0b0,42,0.003515243753123165,0.0025592105420133024
30618_8158f0b0,52,0.0015202016816837946,0.0026538750794772043
30618_8158f0b0,23,0.0006491981876604849,0.001669571442713895
30618_8158f0b0,26,0.0008437413607122961,0.0012982545345147027
30618_8158f0b0,22,0.0006909199970716472,0.0016452046216988044
30618_8158f0b0,41,0.001114974820207898,0.0018023034971402939
30618_8158f0b0,25,0.0011371109848978575,0.0017475501679002014
30618_8158f0b0,33,0.001364300852984296,0.0018098151587419762
30618_8158f0b0,47,0.0017882790126330034,0.00247014574368418
30618_8158f0b0,36,0.002171172711382816,0.002290345768670307
30618_8158f0b0,40,0.0011786101249950834,0.002227709319642219
30618_87afe526,27,0.0004770379965862765,0.00098850876918097
30618_87afe526,46,0.0016069599942528448,0.002306263655100468
30618_87afe526,41,0.0018707961304420663,0.002662454162528487
30618_87afe526,23,0.0010436197653998472,0.0016563293283386796
30618_87afe526,36,0.0036316045145192957,0.0026316771321086684
30618_87afe526,25,0.0020343094390809606,0.004371392429521584
30618_87afe526,57,0.003606433041025555,0.0030762193641284945
30618_87afe526,26,0.0007325364610438811,0.0012570979968910955
30618_87afe526,57,0.002081463688714635,0.002730039278929766
30618_87afe526,37,0.0019668225666643582,0.0020668710442097106
30618_87afe526,46,0.0010842831386409606,0.0015224325401268252
30618_87afe526,43,0.001348242157923063,0.0014521146447534859
30618_87afe526,55,0.002261187494803629,0.0031462432742091814
30618_87afe526,26,0.0009476045636108626,0.0014459924976889663
30618_87afe526,20,0.0019422328959816104,0.002006864248385275
30618_87afe526,50,0.0013197373631078646,0.0018464175566974752
30618_87afe526,34,0.0005712115671391016,0.000949214037868809
30618_87afe526,53,0.001742964230276441,0.0037040470720312883
30618_87afe526,28,0.000828998221802657,0.001100867016308046
30618_87afe526,33,0.0007990073238638676,0.0014281086531676536
30618_87afe526,28,0.00042702304137413606,0.0011403594229527371
30618_87afe526,27,0.0005389762575963081,0.0009269338418297516
30618_87afe526,36,0.001431549677815655,0.0024459997299173183
30618_87afe526,37,0.0019519466273128937,0.0019170350503432511
30618_87afe526,33,0.0004905907591088073,0.0008796625333181646
30618_88548b02,23,0.0006966686349631036,0.002321243921980306
30618_88548b02,34,0.002801268418195687,0.0030344293200750285
30618_88548b02,15,0.0012348473098378748,0.0018448755106950068
30618_88548b02,28,0.0009098450566676963,0.001359302024708161
30618_88548b02,32,0.002299010543186835,0.0025393005942169664
30618_88548b02,27,0.0008766592208407573,0.0014972384840872591
30618_88548b02,28,0.0011176483678618093,0.002022858762875754
30618_88548b02,46,0.001258437497988855,0.0017411540658313963
30618_88548b02,24,0.0005788421145141775,0.0012712953990125597
30618_88548b02,47,0.0018986018807958804,0.002188906548543411
30618_88548b02,41,0.002586093670900541,0.0022377455138769295
30618_88548b02,39,0.0017872211899580479,0.002476920321416897
30618_88548b02,39,0.003315473791530669,0.00306749103757869
30618_88548b02,38,0.001362092772468744,0.0011370102998804468
30618_88548b02,33,0.0006925778925355952,0.001535555734376909
30618_88548b02,28,0.00045036017506149765,0.0011237816896737293
30618_88548b02,28,0.001064788163515567,0.001280316161641411
30618_88548b02,14,0.0032548788015305343,0.004308771314299128
30618_88548b02,30,0.0007750858613808704,0.0012119469685672882
30618_88548b02,28,0.0011176483678618093,0.0017309827049119294
30618_88548b02,30,0.002192691659477053,0.0030121868891252734
30618_88548b02,28,0.0011054976158209853,0.0011956709150463185
30618_9c09b081,16,0.0003538143418951423,0.0008264964811199912
30618_9c09b081,32,0.0037411102203656287,0.0026481992209190217
30618_9c09b081,29,0.0006279281271077686,0.0016739200741992027
30618_9c09b081,22,0.0010722575261959966,0.001570736177222245
30618_9c09b081,21,0.0006922221106890003,0.0018285595155615039
30618_9c09b081,21,0.0008480525001411277,0.00143020307431793
30618_9c09b081,21,0.0013775451503822052,0.0018767012089242502
30618_9c09b081,27,0.0005926444444534495,0.0007311837924322288
30618_9c09b081,45,0.003256179936465128,0.0033342856750881063
30618_9c09b081,57,0.0037411102203656287,0.002112297717188775
30618_9c09b081,18,0.0005627070882061824,0.0014576055350393165
30618_9c09b081,28,0.000515302383565402,0.001342903910285298
30618_9c09b081,27,0.001215604915379087,0.001975930799873771
30618_9c09b081,47,0.0011203039773335587,0.0017090588020856983
30618_9c09b081,47,0.0012539471186555505,0.0018981172042158185
30618_9c09b081,45,0.003256179936465128,0.0035263292368390145
30618_9c09b081,41,0.0033621359813842647,0.002965067957571204
30618_9c09b081,70,0.0041462274154745685,0.003422221421705733
30618_9c09b081,34,0.003214024240146873,0.002794848065082385
30618_9c09b081,55,0.002396928768011919,0.0034304156862162783
30618_9c09b081,41,0.0033621359813842647,0.0032142532813731824
30618_9c09b081,25,0.00043283357291036274,0.0012894287908582958
30618_9c09b081,36,0.0011852045515963639,0.0017458131854624955
30618_9c09b081,26,0.001155189574875321,0.001828788628274602
30618_9c09b081,27,0.001215604915379087,0.001975930799873771
30618_a869780d,29,0.0008018461777695718,0.0010424925840342748
30618_a869780d,21,0.0006603787717652561,0.0008093547901241215
30618_a869780d,21,0.0006603787717652561,0.0008093547901241215
30618_a869780d,47,0.002306264790939949,0.0014156064218238788
30618_a869780d,35,0.0011007323039045921,0.0017461968019546546
30618_a869780d,58,0.0016252787108482676,0.003121430831069027
30618_a869780d,35,0.0018478458032366086,0.0019272909596664894
30618_a869780d,47,0.0018660466169770546,0.0018894971498000462
30618_a869780d,24,0.0004842238149394662,0.0010980634680199356
30618_a869780d,45,0.002306264790939949,0.002862620698475769
30618_a869780d,21,0.0009304329586643095,0.001484118496308001
30618_a869780d,32,0.0007600311730232151,0.0019562095373999357
30618_a869780d,30,0.002454046405392053,0.0016111049039639598
30618_a869780d,35,0.0011983679031865992,0.0015578213113905575
30618_a869780d,30,0.0008767900479258184,0.0012535913109437858
30618_a869780d,19,0.0013079390073555037,0.0015917115148752722
30618_a869780d,40,0.003499076066013151,0.0032474977080528674
30618_a869780d,29,0.0005693165550093804,0.0011583952031208945
30618_a869780d,30,0.0006255261226607994,0.0014016549950186521
30618_a869780d,28,0.00122665400087035,0.0016295313757792086
30618_a869780d,32,0.0008088326332606292,0.001156187597949336
30618_a869780d,45,0.0011983679031865992,0.0016276669930438822
30618_a869780d,29,0.0010657023866118276,0.0012344097183470228
30618_a869780d,33,0.0010637500666126282,0.0015885089311414933
30618_a869780d,36,0.0017827462387130823,0.0019323861384055604
30618_a869780d,38,0.0017827462387130823,0.002068084134889023
30618_a869780d,28,0.00122665400087035,0.0015389209327583383
30618_a869780d,27,0.001025660810587796,0.000886976487826986
30618_ab5921a4,32,0.0011306330727834319,0.0011218392926200178
30618_ab5921a4,40,0.0011891838460447292,0.0014790016965078147
30618_ab5921a4,43,0.0011682785137433038,0.0015123517781768245
30618_ab5921a4,49,0.0011891838460447292,0.0015290207732970664
30618_ab5921a4,28,0.0005168868541413907,0.0013605137156170615
30618_ab5921a4,18,0.0006058797053415943,0.0014715066941883932
30618_ab5921a4,46,0.0009023450118992637,0.0013036977767925037
30618_ab5921a4,46,0.0031672886548346547,0.0028696021308396965
30618_ab5921a4,30,0.0006541701434174479,0.0009230251100215097
30618_ab5921a4,27,0.0007696132036773995,0.0008902642105132529
30618_ab5921a4,15,0.0022024291308803123,0.0025374333802047682
30618_ab5921a4,36,0.0006821230767811108,0.0012193304433313935
30618_ab5921a4,68,0.0024199217235750803,0.0026328709762253465
30618_ab5921a4,18,0.0005051604501374041,0.001307908831956361
30618_ab5921a4,39,0.000640693456503719,0.0011145300378622
30618_ab5921a4,38,0.0035169478522739045,0.0027726463856182176
30618_ab5921a4,45,0.0015107662385889452,0.001694530703776817
30618_ab5921a4,62,0.0012987996880555962,0.0026659900015203485
30618_ab5921a4,68,0.0024199217235750803,0.0026328709762253465
30618_ab5921a4,14,0.0006867656337394834,0.0019221566788164789
30618_ab5921a4,40,0.0011908769130811838,0.002902286619421125
30618_ab5921a4,32,0.0006765332038534133,0.001144340013070381
30618_ab5921a4,54,0.0024241443240604127,0.002438313393894973
30618_ab5921a4,19,0.0008851596650373889,0.0014842490466468537
30618_ab5921a4,30,0.0008231618888894479,0.0017307364700322157
30618_ab5921a4,70,0.0024241443240604127,0.0030853379152423195
30618_ab5921a4,38,0.001111767046054214,0.0013074398903888842
30618_ab5921a4,49,0.0015695935299446478,0.002871753705541658
30618_ab5921a4,39,0.0010566305538769693,0.001575840518037208
30618_ab5921a4,37,0.0018164708296739107,0.002172266047917668
30618_ab5921a4,28,0.0009528961954866509,0.001448642498165738
30618_af7496f0,30,0.0007112526570174193,0.0010542394491122287
30618_af7496f0,25,0.000928771914537846,0.0018656898148714167
30618_af7496f0,21,0.0007090993487537806,0.0012066087534838461
30618_af7496f0,32,0.0011195403312494903,0.002259644717334445
30618_af7496f0,40,0.0007517886370637938,0.0010434051577311915
30618_af7496f0,35,0.0007517886370637938,0.0009837691905176544
30618_af7496f0,25,0.000928771914537846,0.0017839959407175427
30618_af7496f0,48,0.0010400554849853323,0.001232423529590154
30618_af7496f0,32,0.0007517886370637938,0.0010945876829132665
30618_af7496f0,26,0.000928771914537846,0.0015136858522917292
30618_af7496f0,38,0.002108871291880097,0.0029820381710000234
30618_b15eafc3,33,0.001947374969992196,0.0022361454778666067
30618_b15eafc3,33,0.0006882875948061862,0.000939684634527831
30618_b15eafc3,38,0.0008924049053381788,0.001467036134353884
30618_b15eafc3,21,0.0005539683744811162,0.001110233427059928
30618_b15eafc3,52,0.0021614173361949596,0.0024117281249482372
30618_b15eafc3,25,0.0009334844270574814,0.0009676070177055995
30618_b15eafc3,37,0.0026366657684842617,0.002716264595077349
30618_b15eafc3,31,0.0013731670240170301,0.0010454426632542837
30618_b15eafc3,54,0.003030966051757439,0.0035405668359203583
30618_b15eafc3,31,0.0006763555482466654,0.0010184652071332607
30618_b15eafc3,30,0.000710322712970024,0.000978139250914929
30618_b15eafc3,24,0.0008062266750425654,0.0010858718984840896
30618_b15eafc3,37,0.0011376515804041476,0.0015193454412237891
30618_b15eafc3,39,0.0015152923019453955,0.0019080599120948095
30618_b15eafc3,30,0.0006763555482466654,0.0011021499709629094
30618_b15eafc3,40,0.0008130523373376911,0.0012712454797846578
30618_b15eafc3,27,0.0007610872805559024,0.0010232917744983515
30618_b15eafc3,22,0.0008474523810960033,0.0015689296354810653
30618_b15eafc3,23,0.0010386120782563014,0.0012741466385118195
30618_b15eafc3,42,0.0012192578431012885,0.001674697828700885
30618_b15eafc3,57,0.001501578997778813,0.0020230578429584934
30618_b15eafc3,33,0.0014473789750971467,0.002041778966901614
30618_b15eafc3,33,0.001947374969992196,0.001950467650718079
30618_b15eafc3,42,0.0009632881175742902,0.0011960911368002194
30618_b15eafc3,35,0.0013008402442082289,0.001939348179348622
30618_b15eafc3,60,0.001963389458815573,0.00269426222641199
30618_b15eafc3,46,0.0014441146056107523,0.0028031217665097094
30618_b15eafc3,33,0.002227999356198657,0.00311214632103421
30618_b15eafc3,31,0.0032328047024400945,0.0026332123692842015
30618_b15eafc3,30,0.00042339087383163547,0.0009579619216276852
30618_b8044aa0,31,0.0007178059217912925,0.0012219352666825419
30618_b8044aa0,38,0.0028690460851401394,0.0028470163041865444
30618_b8044aa0,23,0.0008156708354851716,0.0012097581838084925
30618_b8044aa0,37,0.0020113969098229535,0.004009870659488503
30618_b8044aa0,19,0.0007247679344199384,0.0011518782034033257
30618_b8044aa0,63,0.014945255399017953,0.010757286497965113
30618_b8044aa0,46,0.001889724698547407,0.002475368391385774
30618_b8044aa0,37,0.0020113969098229535,0.004108591868215499
30618_b8044aa0,34,0.001299213620250339,0.002094984399969077
30618_b8044aa0,38,0.0023047030483101527,0.002828868938200795
30618_b8044aa0,54,0.005627722970490845,0.00395958089727053
30618_b8044aa0,34,0.001324221428450395,0.0017749797354459265
30618_b8044aa0,35,0.0008687581224163573,0.001133859340460678
30618_b8044aa0,45,0.003191032947049094,0.0031227236911783875
30618_b8044aa0,42,0.0010797581257673827,0.0019268911463254771
30618_b8044aa0,20,0.0006044660359195924,0.0017713272857749899
30618_b8044aa0,27,0.0004996840340228897,0.001025285896261707
30618_b8044aa0,45,0.001889724698547407,0.002597031444640122
30618_b8044aa0,24,0.0007641365894339724,0.0015062361482062843
30618_b8044aa0,38,0.002494031941987361,0.003121243875707431
30618_b8044aa0,36,0.0037015907595371184,0.004638162185273556
30618_b8044aa0,32,0.0012553846008258208,0.0015993877350836353
30618_b8044aa0,23,0.0017284000015537315,0.0018519199438959087
30618_b8044aa0,45,0.0021585194548094434,0.0022195253683874355
30618_b8044aa0,33,0.0008223398953111514,0.002234191355795076
30618_b8044aa0,87,0.0018699216303139535,0.0015361881750099147
30618_b8044aa0,27,0.0013606783266427282,0.0018378826250559483
30618_b8044aa0,53,0.0019664998730996677,0.0026811359182785316
30618_b83d854d,31,0.002440222961424309,0.003042248481514899
30618_b83d854d,54,0.0015363809560029588,0.00248055224875245
30618_b83d854d,20,0.0002785799713178591,0.0011767393532156238
30618_b83d854d,22,0.0010240445894840154,0.0018828999522216953
30618_b83d854d,21,0.0005200641022564277,0.0019416432226233107
30618_b83d854d,42,0.001642556272560775,0.001911603039657402
30618_b83d854d,33,0.0009262164680439528,0.0012186794586266081
30618_b83d854d,25,0.0011162300352536361,0.0018203267843844469
30618_b83d854d,47,0.0022245241420833723,0.0026829217617200724
30618_b83d854d,62,0.002744822769441812,0.0034772314545141367
30618_b83d854d,52,0.0020406821381408966,0.002088797966702539
30618_b83d854d,44,0.003172213397031878,0.00284487387141677
30618_b83d854d,22,0.0010240445894840154,0.001993125801686074
30618_b83d854d,53,0.0017631410858260227,0.001685190334643638
30618_b83d854d,59,0.0017779388631537093,0.002491298342977423
30618_b83d854d,32,0.000566720358118139,0.0015314943351935647
30618_b83d854d,50,0.0017734076526420809,0.0024586882599354157
30618_b83d854d,25,0.0004069758284092548,0.0010089058495311492
30618_b83d854d,51,0.002066081262412268,0.00310695913892956
30618_b83d854d,45,0.0024160945695394336,0.0030481220560153862
30618_b83d854d,28,0.0003568232043023575,0.0008392983818155421
30618_b83d854d,25,0.0003809332719016373,0.0008448689123719163
30618_b83d854d,32,0.002440222961424309,0.0030627885663487113
30618_b83d854d,40,0.0023303183160131385,0.0029256203451668954
30618_b83d854d,30,0.0012231903745672141,0.0007312281908641363
30618_d4ba7005,32,0.0005147757518443319,0.0011698287468982257
30618_d4ba7005,31,0.0009308480354936865,0.0013029223130834318
30618_d4ba7005,49,0.003010645174703641,0.003511243254041218
30618_d4ba7005,41,0.0018131954131260452,0.002601438705230525
30618_d4ba7005,24,0.0007915035732581747,0.0014566577739154832
30618_d4ba7005,27,0.0008465159738096084,0.0011133476514663433
30618_d4ba7005,31,0.0009308480354936865,0.0015393586491722771
30618_d4ba7005,24,0.0030199612195926824,0.0022242227993269476
30618_d4ba7005,39,0.0012890788373689267,0.0017026850891213533
30618_d4ba7005,31,0.0006210937194267407,0.0014558369809212727
30618_d4ba7005,43,0.003879863893265806,0.0027013897543412967
30618_d4ba7005,68,0.0023594885198009946,0.0034128112850613347
30618_d4ba7005,47,0.0019738869105106055,0.0027224506459794877
30618_d4ba7005,26,0.0008157832142086819,0.0014503856922367141
30618_d4ba7005,22,0.0011333966666484277,0.0012642516712980056
30618_d4ba7005,70,0.0014219315062411642,0.001991953057534775
30618_d4ba7005,32,0.0015477139357800275,0.002822205610391338
30618_d4ba7005,45,0.0018771087066007885,0.001824730999889524
30618_d4ba7005,31,0.0010822423361392165,0.0014972171412470689
30618_d4ba7005,55,0.0011473730530866348,0.002254327969687481
30618_d4ba7005,73,0.0014219315062411642,0.0017112652945957074
30618_d4ba7005,23,0.0009088766001637247,0.0015506291487403679
30618_d4ba7005,27,0.0002983310341702405,0.001426255377903198
30618_d4ba7005,44,0.0016560976543243343,0.002398133713074915
30618_d4ba7005,43,0.0018039137206225298,0.0024977595678920264
30618_d4ba7005,31,0.00066042628686796,0.00099771571915894
30618_d4ba7005,36,0.0012921897456143194,0.0019442336979118172
30618_d4ba7005,27,0.000301906234347149,0.0013464993040791173
30618_d4ba7005,45,0.0016906058806730518,0.002603853191559434
30618_d4ba7005,27,0.0035735164388922733,0.004919093882407628
30618_d4ba7005,30,0.0011692003830636362,0.001868496366252088
30618_d4ba7005,37,0.0018628420386741563,0.0027794141728200252
30618_dd8e6395,26,0.0010015080715347995,0.001224925057652226
30618_dd8e6395,31,0.0011515943362225833,0.0015628304054026475
30618_dd8e6395,23,0.0003857944210763353,0.0010438968552649902
30618_dd8e6395,47,0.002383573740311118,0.0035127788449838488
30618_dd8e6395,42,0.0015086056895046774,0.0016124812584127055
30618_dd8e6395,39,0.00268795445873973,0.002594942746257269
30618_dd8e6395,61,0.002020375879177927,0.0025508568513360227
30618_dd8e6395,44,0.0017384381380165638,0.0029450633545635347
30618_dd8e6395,25,0.001530919941713768,0.0013200347190140136
30618_dd8e6395,30,0.0008726224894065604,0.0011461680918978152
30618_dd8e6395,28,0.0008196481477404557,0.0010677970872326524
30618_dd8e6395,47,0.0015288205938999266,0.0027168043614267416
30618_dd8e6395,27,0.0010015080715347995,0.0012034231122243098
30618_dd8e6395,34,0.0020026239303114826,0.002810631859130616
30618_dd8e6395,24,0.000897287535715595,0.0018940994421536568
30618_dd8e6395,44,0.002383573740311118,0.0035620124152545983
30618_dd8e6395,26,0.0006922721152888093,0.0009095307401389438
30618_dd8e6395,37,0.0009886559081377306,0.0015683157875953449
30618_dd8e6395,30,0.0008580314323526961,0.001600331560058275
30618_dd8e6395,26,0.0007487032660863036,0.00111099094357709
30618_dd8e6395,36,0.001410467809707895,0.0021506046066482125
30618_dd8e6395,32,0.0020274487544964526,0.002331496099114373
30618_dd8e6395,49,0.003593778441206014,0.0035018957069728528
30618_dd8e6395,48,0.003945658879093839,0.002264381992110652
30618_dd8e6395,24,0.0005586574421483791,0.001228200173965526
30618_dd8e6395,40,0.002383573740311118,0.0037562537466354125
30618_dd8e6395,20,0.0006854723197407727,0.0014878955370396401
30618_dd8e6395,46,0.0015732291256231404,0.0029307845833176317
30618_dd8e6395,30,0.0008901104535014748,0.0011314652670800706
30618_dd8e6395,31,0.0008814778664462058,0.0012708433969967916
30618_dd8e6395,39,0.0012791790913435754,0.0019103183506841346
30618_dd8e6395,46,0.002269574172888339,0.0033459177780802026
30618_dd8e6395,26,0.0009621314463147846,0.0011710235600668087
30618_e2dcf65f,26,0.0005943803703497043,0.001061716603141072
30618_e2dcf65f,21,0.0005744866292461651,0.0008677526019751601
30618_e2dcf65f,21,0.0016940838718564086,0.0014648606865922005
30618_e2dcf65f,27,0.001425492228787585,0.0010045323638896238
30618_e2dcf65f,43,0.0014920140207667157,0.002206791134664062
30618_e2dcf65f,38,0.0010950745222062408,0.002271550950149861
30618_e2dcf65f,62,0.0015638151002580634,0.002232582690724443
30618_e2dcf65f,20,0.00048076388888325584,0.0010130367530546993
30618_e2dcf65f,31,0.0005325884133133701,0.000915144144495976
30618_e2dcf65f,39,0.001082601951526449,0.0010098112411621092
30618_e2dcf65f,35,0.0006804814193878516,0.0012781612353451794
30618_e2dcf65f,54,0.0024195525897619838,0.003468643915903068
30618_e2dcf65f,54,0.0037965509793080887,0.004984007569487685
30618_e2dcf65f,45,0.0023768678221426243,0.00358092596969844
30618_e2dcf65f,46,0.002094509551981008,0.002635198492795991
30618_e2dcf65f,29,0.0009296363265049694,0.0010621694392804783
30618_e2dcf65f,31,0.0005175045702118519,0.001014333880677658
30618_e2dcf65f,27,0.0012802906433404954,0.0019290401781900685
30618_e2dcf65f,47,0.001970513746758723,0.0023388979432738626
30618_e2dcf65f,46,0.0026663362648639776,0.0024599102738667323
30618_e2dcf65f,42,0.001384057408899475,0.001649727370306508
30618_e2dcf65f,45,0.0023299505442676205,0.003235582280662135
30618_e2dcf65f,37,0.0023665703692222514,0.002528125778520277
30618_e2dcf65f,48,0.002230655163756097,0.00317529581187395
30618_e2dcf65f,33,0.002153744946164965,0.001880260126345022
30618_e2dcf65f,26,0.0007197457187689641,0.0013778781567729509
30618_e2dcf65f,51,0.002521047313315551,0.003400006532540502
30618_e2dcf65f,43,0.001823989077830479,0.0021067302610827243
30618_e2dcf65f,42,0.001209926162558994,0.0011948531120351906
30618_e2dcf65f,32,0.0008242914732155241,0.0014970325994733112
30618_e2dcf65f,46,0.000987434727353964,0.001772600412782455
30618_e2dcf65f,25,0.0002990642318456138,0.0009180287533471915
30618_e2dcf65f,45,0.002521047313315551,0.0039021469873295562
30618_e2dcf65f,31,0.0005325884133133701,0.0009374600983585897
30618_e9a34502,57,0.0029620126789133977,0.0038885640995781896
30618_e9a34502,34,0.0005515544751527909,0.0011717030977826408
30618_e9a34502,21,0.00042714927085507615,0.0020109910806078318
30618_e9a34502,29,0.0006226561432142967,0.001442824707200393
30618_e9a34502,19,0.0005847438990238402,0.0012528118425348112
30618_e9a34502,66,0.0021586315788058893,0.0037671246289987786
30618_e9a34502,23,0.0007711069382516583,0.0012057240285094687
30618_e9a34502,21,0.00042714927085507615,0.0017641000627956738
30618_e9a34502,21,0.0008245114517514171,0.0017828858522240694
30618_e9a34502,25,0.0007541718046230605,0.0011627348088476515
30618_e9a34502,35,0.002858579474180175,0.0037760949324867122
30618_e9a34502,50,0.001503124877671442,0.0016079843350014966
30618_e9a34502,18,0.0006035265142509859,0.001663360120056858
30618_e9a34502,34,0.001735500587100061,0.0016439320444414096
30618_e9a34502,25,0.0009386460140703928,0.001398330799579476
30618_e9a34502,28,0.00045994991809863685,0.0008663166334141738
30618_e9a34502,28,0.0007276822496900845,0.0016946091883761776
30618_e9a34502,28,0.0007173573902764796,0.0015643697769098298
30618_e9a34502,56,0.001503124877671442,0.001713416816602693
30618_e9a34502,59,0.0029620126789133977,0.003593929810302123
30618_e9a34502,62,0.0017346457637612111,0.002664687896417807
30618_e9a34502,28,0.0005212909715459007,0.0011749403470626228
30618_e9a34502,42,0.0024367069402737584,0.0030654697890757426
30618_e9a34502,40,0.002679681963528066,0.00290877751712844
30618_e9a34502,65,0.0033122440636355055,0.003418164248943774
30618_e9a34502,26,0.0005006626252049099,0.001163546029556025
30618_e9a34502,28,0.000619039442546216,0.0009405796750314646
30618_e9a34502,59,0.001503124877671442,0.0016868093471587116
30639_0be558e2,31,0.0010423810339948065,0.001482435486258909
30639_0be558e2,36,0.0011171411943920405,0.0025064572411767874
30639_0be558e2,35,0.0024988960681980527,0.002062479985302355
30639_0be558e2,27,0.0008379418671309369,0.001503880675846628
30639_0be558e2,28,0.0009115418616865812,0.0010531031293432992
30639_0be558e2,31,0.0012540032720612688,0.0011743812242681582
30639_0be558e2,61,0.003624006388339834,0.003446995907265319
30639_0be558e2,25,0.0004341000394095074,0.0009669472861451412
30639_0be558e2,26,0.0009452687157946865,0.0012324861006116226
30639_0be558e2,55,0.0013833240125340652,0.002221493786842622
30639_0be558e2,34,0.0007953877620234584,0.0010165462324460335
30639_0be558e2,72,0.0030259481810587323,0.002791719554562874
30639_0be558e2,30,0.0008016820224010882,0.0009820630711887483
30639_0be558e2,58,0.0014435237843667208,0.0018995986549710919
30639_0be558e2,35,0.0005923583821732858,0.0011347305827645866
30639_0be558e2,30,0.00106946915490842,0.0013246589698056228
30639_0be558e2,26,0.0013104887574173162,0.0016726468556496426
30639_0be558e2,35,0.0014116109141319778,0.002194212713500401
30639_0be558e2,53,0.0024778014149693106,0.004667024983185327
30639_0be558e2,32,0.0005664248922924275,0.0011485723055245764
30639_0be558e2,53,0.0017912759777059973,0.0020757662768080276
30639_0be558e2,59,0.0014435237843667208,0.00199876885089733
30639_0be558e2,30,0.001338500495610706,0.0018568151874072672
30639_0be558e2,44,0.001376884349814863,0.002409061714761973
30639_0be558e2,38,0.0017408755824925126,0.002082824986746259
30639_0be558e2,30,0.0013729587126398465,0.0017668727568261142
30639_0be558e2,59,0.0013833240125340652,0.0024737561886031584
30639_0be558e2,26,0.0009028472573714308,0.0012803969012176904
30639_0be558e2,37,0.0012409208085506704,0.00197430202802108
30639_0be558e2,30,0.0014898080714328189,0.0015221370283167402
30639_253671cc,27,0.0030322067724686827,0.0032149731428907416
30639_253671cc,36,0.002857915944367729,0.0034446144725001756
30639_253671cc,33,0.002004203613500318,0.0021539677490219687
30639_253671cc,24,0.0009081854826405752,0.0012759993940207263
30639_253671cc,22,0.001251957564846174,0.001403275978164656
30639_253671cc,34,0.002004203613500318,0.002635267341876228
30639_253671cc,29,0.0005272700030646884,0.0013748734973009105
30639_253671cc,30,0.0016989122451676383,0.002175836615844779
30639_253671cc,20,0.0008316542030564656,0.0015791961170297953
30639_253671cc,26,0.0030322067724686827,0.0031687466995931335
30639_253671cc,34,0.0022185453045618446,0.0025867541059625167
30639_253671cc,24,0.0006347095879044584,0.0014421711314291923
30639_253671cc,18,0.0010007024805840149,0.0019853097768597356
30639_253671cc,30,0.0005729052688220434,0.0014902123363049046
30639_253671cc,30,0.0009771281527198431,0.0017558763477778833
30639_253671cc,27,0.0024000281980133854,0.0031614969860994592
30639_253671cc,36,0.002857915944367729,0.003356309110875743
30639_253671cc,34,0.0022185453045618446,0.002570230821994992
30639_253671cc,29,0.0005729052688220434,0.0015041419300224081
30639_253671cc,19,0.0006976195645852937,0.0018109143189852833
30639_253671cc,37,0.002857915944367729,0.003332954414181255
30639_253671cc,36,0.000945373036285733,0.002625891059104372
30639_4285f2bc,26,0.0005392302180632025,0.001140349422974168
30639_4285f2bc,38,0.0007973724627556362,0.0011024869416572153
30639_4285f2bc,41,0.004499791239175074,0.002029892456247897
30639_4285f2bc,47,0.004499791239175074,0.004144300663626022
30639_4285f2bc,55,0.0019476379667203337,0.002925297982731789
30639_4285f2bc,50,0.0015668159233518109,0.0017086061133384076
30639_4285f2bc,40,0.0006995485675965196,0.0020783999247753725
30639_4285f2bc,35,0.002501660382694215,0.0018282081328224323
30639_4285f2bc,21,0.001588280826824182,0.0035851025577677094
30639_4285f2bc,39,0.0007973724627556362,0.00113746677257755
30639_4285f2bc,30,0.000553772162437158,0.0014492944835337261
30639_4285f2bc,24,0.0005414936238615803,0.000978214880693297
30639_4285f2bc,43,0.005600186884732933,0.0019340847720312176
30639_4285f2bc,24,0.0005414936238615803,0.001202553225655095
30639_4285f2bc,32,0.001391919325404667,0.0013134606350584947
30639_4285f2bc,35,0.0012304778469184813,0.001932120116972418
30639_4285f2bc,28,0.0007915306438879317,0.0012392990336211334
30639_4285f2bc,20,0.001588280826824182,0.004848325249833126
30639_4285f2bc,27,0.0005177238976648901,0.0010132297812114207
30639_4285f2bc,59,0.001642439417776425,0.0034925898627392715
30639_4285f2bc,55,0.0019476379667203337,0.002805609381601538
30639_4285f2bc,28,0.0005228963380737611,0.0016863201906158157
30639_4285f2bc,27,0.0007915306438879317,0.001388925235325819
30639_4285f2bc,52,0.0016885919570473393,0.0012883062378490134
30639_4285f2bc,27,0.0006742595108120864,0.0013342205177341254
30639_4285f2bc,60,0.0015871006565906342,0.0017651011017688035
30639_4285f2bc,36,0.001682484321500514,0.0016573997708716228
30639_4285f2bc,56,0.0019476379667203337,0.002902770041667598
30639_4285f2bc,45,0.0014391297821590987,0.003234764077312568
30639_4285f2bc,28,0.0011969718825384057,0.0013618939789223022
30639_4285f2bc,44,0.0023409118502104686,0.0026158879663136002
30639_4285f2bc,32,0.001391919325404667,0.001393172804947657
30639_4285f2bc,27,0.0005526651273864037,0.0014136404737882344
30639_4285f2bc,42,0.0018582653249623604,0.0018296092162782295
30639_50956d6e,38,0.0037660537939258054,0.003494915046946202
30639_50956d6e,40,0.001543508134333882,0.0019082296432831904
30639_50956d6e,48,0.002373212262629945,0.0022487123598425736
30639_50956d6e,50,0.0019567229827054584,0.0026743916258791136
30639_50956d6e,34,0.0012657218376867785,0.0015795875564596983
30639_50956d6e,56,0.0014337599407529488,0.002510675023171101
30639_50956d6e,41,0.001776868264779864,0.002389706726352863
30639_50956d6e,39,0.001998127543630379,0.0022255922507615914
30639_50956d6e,61,0.0018538688387957313,0.0022927763016967148
30639_50956d6e,41,0.0015684554758445101,0.0028662663256918876
30639_50956d6e,28,0.001035017809296146,0.0018534775126181305
30639_50956d6e,5,0.0018916605706929084,0.0004443841893025218
30639_50956d6e,41,0.000690444491211667,0.0013463244538854267
30639_50956d6e,29,0.001035017809296146,0.002027599468832012
30639_50956d6e,22,0.0006943686131235712,0.0021563935135510935
30639_50956d6e,46,0.0018398887788293073,0.0036671631092798536
30639_50956d6e,39,0.0012657218376867785,0.0014858935459542888
30639_50956d6e,51,0.0013339278199575254,0.0025997769844522895
30639_50956d6e,31,0.0012586095956994498,0.001289631248601751
30639_50956d6e,21,0.0007409683313244209,0.000945250482259124
30639_50956d6e,74,0.003296190662660439,0.0025846732912409623
30639_50956d6e,52,0.0027552863628798295,0.003579637849962157
30639_50956d6e,32,0.0014430734492691943,0.0011885048826957485
30639_50956d6e,31,0.0020918594752692534,0.0014305612430033476
30639_50956d6e,30,0.0006894037978441541,0.001520926616492899
30639_50956d6e,22,0.0004016265501075089,0.0010555366136105904
30639_50956d6e,41,0.0015684554758445101,0.0028662663256918876
30639_50956d6e,42,0.001402935471937261,0.0021227053671483745
30639_584b6e32,39,0.001497876544386645,0.0023847436958938035
30639_584b6e32,26,0.0009271094410805203,0.0014682209557321925
30639_584b6e32,18,0.006367032400699779,0.003909955216439964
30639_584b6e32,41,0.0035477861497926755,0.004972141756531248
30639_584b6e32,47,0.0024905627477179284,0.003655647184755108
30639_584b6e32,32,0.0009203983309930501,0.0017118896424443504
30639_584b6e32,36,0.001528398215674076,0.0031678982782698357
30639_584b6e32,40,0.001497876544386645,0.002605688856245478
30639_584b6e32,50,0.0017293176902046126,0.003397571597942494
30639_584b6e32,29,0.00041178531116266417,0.0013060382328058417
30639_584b6e32,42,0.0015125675643524073,0.0020220875268864716
30639_584b6e32,27,0.0010020953936877408,0.0014301053940867197
30639_584b6e32,35,0.0011941271246092011,0.0015231822766643593
30639_584b6e32,34,0.0010146029139606297,0.0015455094225362933
30639_584b6e32,23,0.0011622779477095334,0.0017798313917097004
30639_584b6e32,26,0.0008018058202214018,0.0012413146949520667
30639_584b6e32,33,0.0023074101354483537,0.0023822493644620273
30639_584b6e32,27,0.0005018394840905049,0.0010473557633109505
30639_584b6e32,61,0.0026500033173662255,0.004224690212251817
30639_584b6e32,38,0.001497876544386645,0.0023592172381829107
30639_584b6e32,30,0.0012865543278511736,0.0013024229618747519
30639_584b6e32,41,0.0015259239237762994,0.002275351583325232
30639_584b6e32,42,0.001992900222736349,0.0026412655927307333
30639_584b6e32,30,0.0012865543278511736,0.001142979041794261
30639_584b6e32,31,0.0010129654403579825,0.0010501026692411172
30639_584b6e32,43,0.0017293176902046126,0.0026524021911156362
30639_584b6e32,30,0.0009103136860447725,0.0011713472635851273
30639_584b6e32,31,0.0009237520967907642,0.0012617359487248833
30639_584b6e32,48,0.0015314075341572807,0.002668120013392497
30639_584b6e32,36,0.000862122252351516,0.0019802485081356
30639_584b6e32,32,0.0008590580846496553,0.0012961388104977462
30639_584b6e32,39,0.0006063925932412006,0.0013464382891095169
30639_92226df0,65,0.0011995788222981918,0.0024851568170194804
30639_92226df0,63,0.0011995788222981918,0.002330832224499397
30639_92226df0,46,0.003799098643958887,0.0036722582494601746
30639_92226df0,46,0.0018004585548370422,0.0026260731376516995
30639_92226df0,45,0.002074818359538916,0.0028003197589908913
30639_92226df0,26,0.0005480452253505824,0.0014603060677254617
30639_92226df0,35,0.0020198215912268338,0.0034619684259920847
30639_92226df0,69,0.005201815248703591,0.006272592955230438
30639_92226df0,64,0.002792271055427046,0.005391741226577562
30639_92226df0,21,0.00042612674658688566,0.001079802451370318
30639_92226df0,43,0.001389230684172022,0.002660836614142847
30639_92226df0,28,0.000801943543130309,0.0008746074812006817
30639_92226df0,23,0.00044546260721109454,0.0011313670143876064
30639_92226df0,44,0.0013892316412166706,0.0026744444668515377
30639_92226df0,39,0.0019036063161174677,0.004568155340233591
30639_92226df0,54,0.0017186016132576254,0.0017056074659038234
30639_92226df0,37,0.0028162095156106792,0.0023417598140453074
30639_92226df0,53,0.0017648543935323865,0.002064919539189406
30639_92226df0,44,0.0016760442907793388,0.0035017264460653064
30639_92226df0,54,0.0026266741570322495,0.0035749172697945183
30639_92226df0,44,0.0043718495959422675,0.005868123086211665
30639_92226df0,24,0.0010194336853962909,0.0015179012197788627
30639_92226df0,46,0.000996753834948072,0.0021439065080232087
30639_92226df0,40,0.0049160081030329246,0.005085198982130895
30639_92226df0,23,0.003996154502072476,0.003740483385244696
30639_92226df0,46,0.001498378548092244,0.002494499730468786
30639_92226df0,33,0.0049160081030329246,0.005752035008586302
30639_92226df0,65,0.002792271055427046,0.0036649261231296447
30639_92226df0,38,0.0025996788054615002,0.002514744622847778
30639_92226df0,59,0.0013126853916024712,0.002445282956689456
30639_927002c2,30,0.0006304230977938294,0.0013416595119563226
30639_927002c2,31,0.0006330482065071003,0.0011031677737008032
30639_927002c2,31,0.0009831221214886166,0.0010544622199906532
30639_927002c2,28,0.0007769380590356048,0.0013590840708595582
30639_927002c2,30,0.0007422292556161419,0.0008342921878303436
30639_927002c2,31,0.0011472003134434033,0.0012791910300255758
30639_927002c2,30,0.0014514956522443446,0.0018143757509566799
30639_927002c2,40,0.00265869990979327,0.002003788534463902
30639_927002c2,34,0.0019502417994345799,0.0026443812105527665
30639_927002c2,37,0.0025583205806992025,0.0035931194158963734
30639_927002c2,45,0.003957802053635861,0.0025916016938187987
30639_927002c2,29,0.0009043280039754863,0.0011660243773475914
30639_927002c2,24,0.0008715367806207519,0.0011438181211525108
30639_927002c2,34,0.0014020518307509776,0.0025730618954281984
30639_927002c2,25,0.00046724998759045677,0.0010914870393092203
30639_927002c2,31,0.0007144081520989165,0.0016143566303009234
30639_927002c2,29,0.002061980904366057,0.002579060627266177
30639_927002c2,31,0.0007030656274743446,0.0013614689682505037
30639_927002c2,27,0.0012599508789318398,0.0017850289086465223
30639_927002c2,30,0.0007147193553962927,0.0014082513955218162
30639_927002c2,29,0.0013519062124727986,0.0014961719491231253
30639_927002c2,43,0.001133056349301939,0.0020938638167114277
30639_9f0b519f,21,0.000689091616333383,0.0012862487650346821
30639_9f0b519f,47,0.003651011572674262,0.004779106510995626
30639_9f0b519f,55,0.002263481450192296,0.0025968679382359664
30639_9f0b519f,31,0.0007330432996207922,0.001769542399181704
30639_9f0b519f,44,0.0018284067315411435,0.0020204330779504116
30639_9f0b519f,29,0.0009158435861283336,0.001469726519004485
30639_9f0b519f,28,0.0007850092985607349,0.0015930858025529897
30639_9f0b519f,28,0.0010463084352672933,0.0016072758121886902
30639_9f0b519f,45,0.0013415042900264157,0.0022631168976703247
30639_9f0b519f,29,0.0003853055516453097,0.0013280743649636503
30639_9f0b519f,55,0.0024350567472502466,0.0032088986835184653
30639_9f0b519f,30,0.0009078315964935885,0.0017098635403984736
30639_9f0b519f,50,0.0023450785479945833,0.0028412308946981174
30639_9f0b519f,26,0.0007665840521942913,0.00160237981843111
30639_9f0b519f,43,0.0016447598248501283,0.0022402863291042007
30639_9f0b519f,39,0.0016421642757575641,0.0025403109313551983
30639_9f0b519f,29,0.0008286167392201505,0.0015760626762486639
30639_9f0b519f,27,0.0010688221388360478,0.0016084735179174767
30639_9f0b519f,43,0.0028776365060130885,0.0025236624818418684
30639_9f0b519f,48,0.0021861568580156315,0.0020432683644528208
30639_9f0b519f,30,0.0010735000219926974,0.0016689406668187017
30639_9f0b519f,45,0.0021325793098714543,0.0035117549437836595
30639_9f0b519f,25,0.00048009586673902207,0.0014867056113252025
30639_9f0b519f,29,0.0017208577621561792,0.0016332506483967332
30639_9f0b519f,24,0.000631112905567055,0.0013028143393750663
30639_9f0b519f,43,0.0010795994701579901,0.002178791663399746
30639_9f0b519f,62,0.0016200197919874542,0.002544038204910957
30639_9f0b519f,54,0.002098481988902717,0.002558373628643191
30639_9f0b519f,21,0.000689091616333383,0.001266534084686234
30639_9f0b519f,29,0.000511295053163352,0.0012178594283881014
30639_9f0b519f,33,0.002902012989752299,0.0030730280575644395
