score,negatives,auc,tpr_fpr01,tpr_fpr05,tpr_fpr10,n_pos,n_neg
|y| per sample,all negatives,0.8443298861766102,0.2480800365311968,0.546182905060401,0.6505874050396446,24089,251740
|y| per sample,negatives max|k|<0.005,0.8542883411267648,0.3623645647390925,0.5851218398439122,0.6740420939017809,24089,226830
|mean y| +-0.5 s,all negatives,0.8970429885377489,0.28739258582755617,0.6730457885341857,0.7690232056125202,24089,251740
|mean y| +-0.5 s,negatives max|k|<0.005,0.9114368818271518,0.5091120428411308,0.7310390634729544,0.8033542280709037,24089,226830
|mean y| +-1 s,all negatives,0.9116572929054572,0.2896342729046453,0.7093279090041098,0.805969529660841,24089,251740
|mean y| +-1 s,negatives max|k|<0.005,0.925990405639631,0.5051268213707502,0.7706006891112126,0.8347378471501515,24089,226830
std y +-1 s,all negatives,0.9593018389674849,0.21213001785047117,0.7968367304578854,0.9212918759599817,24089,251740
std y +-1 s,negatives max|k|<0.005,0.9687787128184935,0.3258748806509195,0.8626343974428162,0.9350325874880651,24089,226830
rms y +-2 s,all negatives,0.972792559105987,0.3041637261820748,0.8718917348167213,0.9759641330067665,24089,251740
rms y +-2 s,negatives max|k|<0.005,0.9835493401414127,0.5198638382664287,0.9514716260533853,0.9852629831043215,24089,226830
