bag,n,d_max,rms@-10,n@-10,rms@-5,n@-5,rms@+0,n@+0,rms@+5,n@+5,rms@+12,n@+12,cls,set
30618_0652866c,91,11.795000000000073,0.41324714901765836,16,1.328904621748598,34,1.1732726096019694,48,1.3206176511546688,64,1.1375239420145582,91,main,train
30618_095a115b,90,11.6850000000004,0.5345358567286052,17,1.1365371574241663,34,0.9503034778245514,53,0.9242609113182736,69,0.8282300443531855,90,main,train
30618_1cc230fa,102,11.753000000000611,0.57273052785047,17,0.9094124044789456,35,0.8106840766635772,59,0.7405323101679817,77,0.6747765770438224,102,main,train
30618_27e994fc,75,11.819000000000415,0.397915100770942,14,0.8461403897789573,29,0.7268465689983258,42,0.6658952060046271,56,0.5958210438986032,75,main,train
30618_28538acf,97,11.977000000000771,0.7839974931248964,19,1.0232086797137676,37,0.9113098818015922,55,1.1589203859634343,72,1.0089578849423257,97,main,train
30618_2dbce472,104,11.840000000000146,0.6103965166838637,18,0.7499937030871915,37,0.6813888825420843,61,0.679924837488401,78,0.6204291983325099,104,main,train
30618_3b36e5cd,103,11.767000000000735,0.4124775466108751,17,0.7733533857542519,35,0.6657917832338613,60,0.6272552714700639,77,0.5901255955529037,103,main,train
30618_3e9f4952,105,11.807000000000698,0.6932608018135112,18,0.786014743151598,36,0.6777392075406752,61,0.6458799374987677,79,0.6208906605867544,105,main,train
30618_40ffd323,98,11.785000000000764,0.5618045775223983,15,0.9431097720380486,33,0.805112501531873,57,0.7569895318874692,73,0.6881437054633954,98,main,train
30618_437e855c,102,11.875,0.6416564261118638,17,0.7786065648433576,35,0.7504777532957814,60,0.6936720789720681,77,0.6287441075836915,102,main,train
30618_49fe4c54,78,11.338000000000648,0.7253963802842789,15,1.5264175013604107,32,1.6106332037140483,49,1.7602234735882252,64,1.730982943703369,78,stub,train
30618_4d487b0d,87,11.975000000000364,0.5421321740697393,15,1.023480418603173,32,0.8517973834710306,50,0.7899653244552841,63,0.7122424749318232,87,main,train
30618_68d1748a,107,11.863000000000284,0.9319377389257772,18,0.9938153825407154,37,0.8301630876509786,63,0.7695017088271022,80,0.7056791963366285,107,main,train
30618_76e1f9c7,99,11.986000000000786,0.47843112861882003,16,0.7326373404024417,34,0.667651302368274,56,0.6240454288266319,73,0.5694286379909205,99,main,train
30618_8158f0b0,62,11.42700000000059,0.9458934122800583,15,1.137645603579482,27,1.2379347636360993,40,1.5189384664929206,52,1.4809658974651525,62,stub,train
30618_87afe526,99,11.873000000000502,0.8417756095688576,17,0.8962157752532661,34,0.7792209837715248,57,0.7536086132173812,73,0.6872461476787323,99,main,train
30618_9c09b081,100,11.895000000000437,0.47303269597567876,16,1.346284825708714,36,1.116167280787077,60,1.0398835114005387,77,0.932387478912178,100,main,train
30618_a869780d,82,11.47900000000027,0.7746015526833707,17,1.2234961694074884,34,1.405847834581348,52,1.5479724610117924,68,1.5649612501868864,82,stub,train
30618_ab5921a4,98,11.768000000000029,0.4691102899705994,16,0.8578499725997791,33,0.7341190998751775,55,0.7026725925980923,72,0.6412281580459475,98,main,train
30618_b83d854d,96,11.92700000000059,0.7609743164531361,15,0.8234021536318384,32,0.7135790017590834,56,0.6822068781147976,71,0.6102577850334676,96,main,train
30639_0be558e2,83,11.456000000000131,0.893138036291044,18,1.0099830522331037,36,1.446634290195582,54,1.5565328809361174,69,1.6490623637906172,83,stub,train
30639_4285f2bc,104,11.865999999999985,0.5408792087198718,17,0.6194348639997512,36,0.5817422386588733,61,0.6537330584690819,78,0.5902948539070701,104,main,train
30639_50956d6e,107,11.700000000000728,0.9071262934486333,18,1.3470468428050764,42,1.1623677216507387,62,1.0461590866145962,79,0.9393583899957272,107,main,train
30639_584b6e32,91,11.892000000000735,0.5244778187832645,15,0.5316922496782022,33,0.531619754031969,54,0.6281435239358217,69,0.5626290342283368,91,main,train
30618_01f73500,87,11.96100000000024,0.48429764287205285,15,0.7223112679304261,31,0.6897144693807705,52,0.7007179866951987,66,0.6414287277409021,87,main,val
30618_a53d5f6f,105,11.990000000000691,0.8021140405242161,18,0.759821771075459,37,0.6721309051996415,61,0.6585834915386568,79,0.6039015131816359,105,main,val
30618_dd8d0741,103,11.875,0.5059181887996906,17,0.7573460670441423,35,0.6961511129767567,60,0.7085412816351265,77,0.642306558160122,103,main,val
30618_88aea4d9,106,11.878000000000611,0.8599000499278886,19,2.615924603907052,40,3.14030728985489,59,3.2630061123915985,80,3.331795675444265,106,stub (organisers),check
