fold,method,lam_mult,rms,mae,blk_rms,rank,s_frac
0,zero,,0.15532753062233062,0.07033954112301287,0.10879434049072229,,
0,median,,0.15012302839821037,0.05996074672894713,0.10480686081152897,,
0,mean,inf,0.1493622885150926,0.0661210251565902,0.1036506082423293,,
0,pcp_mean_all,0.25,0.15532753062233062,0.07033954112301287,0.10879434049072229,0.0,1.0
0,pcp_mean_obs,0.25,0.15532753062233062,0.07033954112301287,0.10879434049072229,0.0,1.0
0,pcp_median_obs,0.25,0.15532753062233062,0.07033954112301287,0.10879434049072229,0.0,1.0
0,pcp_mean_all,0.5,0.15531863437585713,0.07032268137803421,0.1087871714625142,1.0,1.0
0,pcp_mean_obs,0.5,0.15531185571080955,0.07030975367969387,0.10878174587547347,1.0,1.0
0,pcp_median_obs,0.5,0.155311254152548,0.07030866343618564,0.10878123381009469,1.0,1.0
0,pcp_mean_all,1.0,0.1530493568083487,0.0659221127978524,0.10696920429394667,3.0,0.9687067294378289
0,pcp_mean_obs,1.0,0.1516773028720788,0.06297267630161373,0.10589511797000796,3.0,0.9687067294378289
0,pcp_median_obs,1.0,0.15158630415639665,0.06281493887225971,0.10582481468867587,3.0,0.9687067294378289
0,pcp_mean_all,1.4468062785471012,0.15238644572658702,0.06469883557701889,0.10644708073360161,23.0,0.8605187851933905
0,pcp_mean_obs,1.4468062785471012,0.15085323169708875,0.06143765711437725,0.10526233030138579,23.0,0.8605187851933905
0,pcp_median_obs,1.4468062785471012,0.15077498048889676,0.06123566300106183,0.10527455411297632,23.0,0.8605187851933905
0,pcp_mean_all,2.0,0.15190303529131446,0.06390649767311297,0.10604010776112667,40.0,0.3372103757038678
0,pcp_mean_obs,2.0,0.15034849481194554,0.060670447443003254,0.10483124273953207,40.0,0.3372103757038678
0,pcp_median_obs,2.0,0.15030641046707885,0.060194376287027014,0.10496196840172099,40.0,0.3372103757038678
0,pcp_mean_all,4.0,0.15142620638082052,0.06387886964907322,0.10550667418808127,40.0,0.03577033139481215
0,pcp_mean_obs,4.0,0.14954100624125627,0.06100200582647388,0.10388185964116584,40.0,0.03577033139481215
0,pcp_median_obs,4.0,0.1501457667712723,0.05997982597285253,0.10483148659155211,40.0,0.03577033139481215
0,pcp_mean_all,8.0,0.15106142084422544,0.06551310728810637,0.10499200081557124,41.0,0.005954029354749377
0,pcp_mean_obs,8.0,0.14921113573006678,0.06475308066813554,0.10339705978919411,41.0,0.005954029354749377
0,pcp_median_obs,8.0,0.1501230377867449,0.05996076810478578,0.10480688543117447,41.0,0.005954029354749377
0,pcp_mean_all,16.0,0.15099836106744405,0.06609407962969949,0.10490727084352966,41.0,0.00027693159789531985
0,pcp_mean_obs,16.0,0.14938908356162603,0.06606847914497248,0.10362105113842293,41.0,0.00027693159789531985
0,pcp_median_obs,16.0,0.15012302842264597,0.059960746783775665,0.1048068608124541,41.0,0.00027693159789531985
0,pcp_mean_all,32.0,0.15097510845130757,0.06612092805150549,0.10490871877343289,41.0,0.0
0,pcp_mean_obs,32.0,0.14936228852991656,0.06612102515816877,0.1036506082374042,41.0,0.0
0,pcp_median_obs,32.0,0.1501230284215659,0.05996074677747929,0.10480686081227908,41.0,0.0
1,zero,,0.12239331251491174,0.0649110117856407,0.09212456664212476,,
1,median,,0.11856007582624818,0.05628225491978876,0.09052807796833659,,
1,mean,inf,0.12109891951781876,0.06268770149415866,0.09307044583253876,,
1,pcp_mean_all,0.25,0.12239331251491174,0.0649110117856407,0.09212456664212476,0.0,1.0
1,pcp_mean_obs,0.25,0.12239331251491174,0.0649110117856407,0.09212456664212476,0.0,1.0
1,pcp_median_obs,0.25,0.12239331251491174,0.0649110117856407,0.09212456664212476,0.0,1.0
1,pcp_mean_all,0.5,0.12212630996795072,0.0644824407001641,0.0919201486844906,1.0,0.998100796738929
1,pcp_mean_obs,0.5,0.12195353226071755,0.06419759965675917,0.09178875457493445,1.0,0.998100796738929
1,pcp_median_obs,0.5,0.12193990369189163,0.0641747604130769,0.0917781084655023,1.0,0.998100796738929
1,pcp_mean_all,1.0,0.1201951693896485,0.061106814323474805,0.09060332917698807,3.0,0.9707707985918103
1,pcp_mean_obs,1.0,0.11906221104185462,0.05860564379340466,0.0900034588813817,3.0,0.9707707985918103
1,pcp_median_obs,1.0,0.1190138930038971,0.058509308495588136,0.08997672275801476,3.0,0.9707707985918103
1,pcp_mean_all,1.4468062785471012,0.11957434607033808,0.060039870615863765,0.09021935806086245,23.0,0.8596442468037799
1,pcp_mean_obs,1.4468062785471012,0.1184782735457082,0.05725657456921992,0.08984418204484436,23.0,0.8596442468037799
1,pcp_median_obs,1.4468062785471012,0.11845357100752783,0.05708913829384443,0.0898673349958946,23.0,0.8596442468037799
1,pcp_mean_all,2.0,0.11910697367851114,0.059271041644855194,0.0899329632501201,40.0,0.338289790624421
1,pcp_mean_obs,2.0,0.11827261638126901,0.056601577844639935,0.0899583496718123,40.0,0.338289790624421
1,pcp_median_obs,2.0,0.11861011572738948,0.056386269427228755,0.09046182824902506,40.0,0.338289790624421
1,pcp_mean_all,4.0,0.11882181493320648,0.0591497675255415,0.0897501852567856,40.0,0.03756716694459885
1,pcp_mean_obs,4.0,0.1181514178844436,0.05695057128775438,0.0899881689430733,40.0,0.03756716694459885
1,pcp_median_obs,4.0,0.11854804995354087,0.056270973314117505,0.09052042900423829,40.0,0.03756716694459885
1,pcp_mean_all,8.0,0.1195195881946244,0.06082357451975811,0.09049400471454032,41.0,0.006531406336853808
1,pcp_mean_obs,8.0,0.12038949197335955,0.06107853317230891,0.09238036515379085,41.0,0.006531406336853808
1,pcp_median_obs,8.0,0.11856009247858128,0.05628227297330238,0.09052807769363615,41.0,0.006531406336853808
1,pcp_mean_all,16.0,0.11954705391921325,0.06139569296979756,0.09050263133549842,41.0,0.00037057624606262737
1,pcp_mean_obs,16.0,0.12109895679699008,0.06264961565942533,0.09307643041065394,41.0,0.00037057624606262737
1,pcp_median_obs,16.0,0.1185600758765367,0.05628225498288036,0.09052807794279573,41.0,0.00037057624606262737
1,pcp_mean_all,32.0,0.11953440600152636,0.06140260669377008,0.09048830070666022,41.0,0.0
1,pcp_mean_obs,32.0,0.12109891965167811,0.0626877017245094,0.09307044594580989,41.0,0.0
1,pcp_median_obs,32.0,0.11856007588174339,0.056282255003752155,0.09052807795904468,41.0,0.0
2,zero,,0.1699237368075667,0.08072376335471353,0.13729486410074795,,
2,median,,0.16669719115777862,0.07211261234331004,0.13521520531773912,,
2,mean,inf,0.1657166598562531,0.07683587624162691,0.13384249910791307,,
2,pcp_mean_all,0.25,0.1699237368075667,0.08072376335471353,0.13729486410074795,0.0,1.0
2,pcp_mean_obs,0.25,0.1699237368075667,0.08072376335471353,0.13729486410074795,0.0,1.0
2,pcp_median_obs,0.25,0.1699237368075667,0.08072376335471353,0.13729486410074795,0.0,1.0
2,pcp_mean_all,0.5,0.16979275345910852,0.08035206708668156,0.13720127400748205,1.0,0.9982737473311225
2,pcp_mean_obs,0.5,0.16970462937464356,0.08008772853816576,0.13713982990698514,1.0,0.9982737473311225
2,pcp_median_obs,0.5,0.16969463309909782,0.08006225327406802,0.13713195769839084,1.0,0.9982737473311225
2,pcp_mean_all,1.0,0.1682998744433414,0.07675044212116834,0.13613135579081131,3.0,0.9684277472402671
2,pcp_mean_obs,1.0,0.16735892506221783,0.07421352945817421,0.13545987724398795,3.0,0.9684277472402671
2,pcp_median_obs,1.0,0.16732348865514313,0.07413196409183524,0.13543244127178197,3.0,0.9684277472402671
2,pcp_mean_all,1.4468062785471012,0.16785277662985948,0.07580660194777011,0.13581270542912316,23.0,0.8626720574206151
2,pcp_mean_obs,1.4468062785471012,0.16685988389811296,0.07305101038197706,0.13510228384710213,23.0,0.8626720574206151
2,pcp_median_obs,1.4468062785471012,0.16682985782418763,0.07294773676943733,0.13508035818953437,23.0,0.8626720574206151
2,pcp_mean_all,2.0,0.16753885421181938,0.07516745280322477,0.13558884456929,41.0,0.34125289601599057
2,pcp_mean_obs,2.0,0.16662974428156924,0.07247220211085027,0.1349689598738179,41.0,0.34125289601599057
2,pcp_median_obs,2.0,0.1666458445118556,0.07219409579693221,0.1350692149125259,41.0,0.34125289601599057
2,pcp_mean_all,4.0,0.16721810996006325,0.07505969314674658,0.13528446797935756,41.0,0.03743242629355381
2,pcp_mean_obs,4.0,0.16623396989753578,0.0726650208958024,0.13459246022365687,41.0,0.03743242629355381
2,pcp_median_obs,4.0,0.16670464593059373,0.07212469341025567,0.1352198212528973,41.0,0.03743242629355381
2,pcp_mean_all,8.0,0.16648182440071188,0.07601504381676373,0.13444636802853238,42.0,0.006496161359196838
2,pcp_mean_obs,8.0,0.16538066878323854,0.07540385568863266,0.13350317316836,42.0,0.006496161359196838
2,pcp_median_obs,8.0,0.16669719112722373,0.07211261232917557,0.13521520534258472,42.0,0.006496161359196838
2,pcp_mean_all,16.0,0.16635500062549677,0.07645808139994568,0.13435109741777398,42.0,0.000454277018125653
2,pcp_mean_obs,16.0,0.1656521642325708,0.07673722420926446,0.13379781125849205,42.0,0.000454277018125653
2,pcp_median_obs,16.0,0.16669719116656356,0.0721126123695214,0.13521520531084266,42.0,0.000454277018125653
2,pcp_mean_all,32.0,0.16636646910094832,0.0764847040626224,0.13435775361595,42.0,0.0
2,pcp_mean_obs,32.0,0.16571665986406436,0.07683587626678604,0.13384249910927742,42.0,0.0
2,pcp_median_obs,32.0,0.16669719117274,0.07211261237738228,0.1352152053098748,42.0,0.0
3,zero,,0.15134310977159837,0.07377100185069561,0.11314052847340252,,
3,median,,0.15056869485470079,0.06587252964445556,0.11366602821932414,,
3,mean,inf,0.14940639882278378,0.07142991898319552,0.1123834762501387,,
3,pcp_mean_all,0.25,0.15134310977159837,0.07377100185069561,0.11314052847340252,0.0,1.0
3,pcp_mean_obs,0.25,0.15134310977159837,0.07377100185069561,0.11314052847340252,0.0,1.0
3,pcp_median_obs,0.25,0.15134310977159837,0.07377100185069561,0.11314052847340252,0.0,1.0
3,pcp_mean_all,0.5,0.1511775413103037,0.07333333838528376,0.1130425870726258,1.0,0.9973274143866643
3,pcp_mean_obs,0.5,0.1510901273934147,0.07308194455737405,0.11299534315164315,1.0,0.9973274143866643
3,pcp_median_obs,0.5,0.1510772770488945,0.0730502900377124,0.11298660995494089,1.0,0.9973274143866643
3,pcp_mean_all,1.0,0.15005517105295418,0.07011610455632492,0.1124194545501639,3.0,0.9706015582533067
3,pcp_mean_obs,1.0,0.1493845801282196,0.06756145692642973,0.11214479632562116,3.0,0.9706015582533067
3,pcp_median_obs,1.0,0.14937090453524415,0.06750209446512569,0.11213948371648466,3.0,0.9706015582533067
3,pcp_mean_all,1.4468062785471012,0.14970431222617853,0.06908051448973974,0.11226406313232756,23.0,0.8615238267802138
3,pcp_mean_obs,1.4468062785471012,0.14921376833470432,0.06628802975004994,0.11227787024281577,23.0,0.8615238267802138
3,pcp_median_obs,1.4468062785471012,0.1492111076216186,0.06617603589346624,0.11228391485925109,23.0,0.8615238267802138
3,pcp_mean_all,2.0,0.14942490736482036,0.06834351583670394,0.11213610961921276,41.0,0.3415020837108172
3,pcp_mean_obs,2.0,0.14923969934192366,0.06563019145518509,0.11253794484249975,41.0,0.3415020837108172
3,pcp_median_obs,2.0,0.14964847826978034,0.06551880345233478,0.11296920778673934,41.0,0.3415020837108172
3,pcp_mean_all,4.0,0.14901567946217315,0.06819422495734569,0.11178616788471665,41.0,0.03687262185178474
3,pcp_mean_obs,4.0,0.14894389006647984,0.06598302600076103,0.11228113765512945,41.0,0.03687262185178474
3,pcp_median_obs,4.0,0.1502657755313977,0.06567233677311635,0.11367071535263533,41.0,0.03687262185178474
3,pcp_mean_all,8.0,0.14807129909138883,0.0693199557905878,0.11076359883649983,42.0,0.006069940206559159
3,pcp_mean_obs,8.0,0.14853050947920146,0.06954521394740756,0.1114319589478239,42.0,0.006069940206559159
3,pcp_median_obs,8.0,0.1505688101445294,0.06587275645556642,0.11366615290609262,42.0,0.006069940206559159
3,pcp_mean_all,16.0,0.14800591590864196,0.06979139646715488,0.11073552580413648,42.0,0.000452980612429788
3,pcp_mean_obs,16.0,0.14936538061853713,0.07124807290900606,0.11229973802193245,42.0,0.000452980612429788
3,pcp_median_obs,16.0,0.1505686948777045,0.06587252962983778,0.11366602821555669,42.0,0.000452980612429788
3,pcp_mean_all,32.0,0.1479555350447087,0.0698463843859547,0.11071913044321469,42.0,0.0
3,pcp_mean_obs,32.0,0.14940639882027287,0.07142991885263579,0.1123834761821831,42.0,0.0
3,pcp_median_obs,32.0,0.15056869486970312,0.06587252963150464,0.1136660282134041,42.0,0.0
4,zero,,0.18957106072923485,0.08136968243943513,0.14497765732281706,,
4,median,,0.18948302232745867,0.07347071546194245,0.1461439720571774,,
4,mean,inf,0.1861425450196954,0.0778080761871069,0.14155066486541218,,
4,pcp_mean_all,0.25,0.18957106072923485,0.08136968243943513,0.14497765732281706,0.0,1.0
4,pcp_mean_obs,0.25,0.18957106072923485,0.08136968243943513,0.14497765732281706,0.0,1.0
4,pcp_median_obs,0.25,0.18957106072923485,0.08136968243943513,0.14497765732281706,0.0,1.0
4,pcp_mean_all,0.5,0.18944348063110614,0.08098047640095535,0.1448799077549703,1.0,0.9984927073635679
4,pcp_mean_obs,0.5,0.1893426561030717,0.0806695963268986,0.1448024389803035,1.0,0.9984927073635679
4,pcp_median_obs,0.5,0.1893352242658277,0.08064628401386784,0.1447968278880063,1.0,0.9984927073635679
4,pcp_mean_all,1.0,0.18851360669048423,0.07720406607787947,0.1443955455727186,3.0,0.9691005009531409
4,pcp_mean_obs,1.0,0.18818273224398716,0.07476779175476349,0.14438971524271052,3.0,0.9691005009531409
4,pcp_median_obs,1.0,0.18818427831882212,0.0746408321774317,0.14441451676278097,3.0,0.9691005009531409
4,pcp_mean_all,1.4468062785471012,0.18837990861195664,0.07619267601940093,0.14442728302326727,24.0,0.8599991133572726
4,pcp_mean_obs,1.4468062785471012,0.18828873503868648,0.07364292451723232,0.14473683810247148,24.0,0.8599991133572726
4,pcp_median_obs,1.4468062785471012,0.18825705924681435,0.07358639598823095,0.14472163620394002,24.0,0.8599991133572726
4,pcp_mean_all,2.0,0.18834609296808433,0.07560318258696051,0.14452169105306417,42.0,0.34042647515183755
4,pcp_mean_obs,2.0,0.18856501245451773,0.07318389593235299,0.14518980762836323,42.0,0.34042647515183755
4,pcp_median_obs,2.0,0.18885338915778352,0.07317682927303705,0.14551541109469093,42.0,0.34042647515183755
4,pcp_mean_all,4.0,0.18821594036784225,0.07560984003704341,0.14436222496095164,42.0,0.03519971627432726
4,pcp_mean_obs,4.0,0.18843163928710965,0.07361338814166858,0.14496024166319008,42.0,0.03519971627432726
4,pcp_median_obs,4.0,0.1892605382724877,0.07322813119003348,0.14592533308730554,42.0,0.03519971627432726
4,pcp_mean_all,8.0,0.1871721646906805,0.07665400218799225,0.14285732062084466,42.0,0.005718845591169038
4,pcp_mean_obs,8.0,0.18738663886165277,0.07709467201012182,0.14319177004106393,42.0,0.005718845591169038
4,pcp_median_obs,8.0,0.18948302247738755,0.07347071552128286,0.14614397223683698,42.0,0.005718845591169038
4,pcp_mean_all,16.0,0.1863823001405286,0.076823964851734,0.14188248057383843,42.0,0.0004876535000221661
4,pcp_mean_obs,16.0,0.18617242781754625,0.07775138933653174,0.14157069262177835,42.0,0.0004876535000221661
4,pcp_median_obs,16.0,0.18948302236242837,0.07347071545867069,0.14614397212150193,42.0,0.0004876535000221661
4,pcp_mean_all,32.0,0.18635230672516184,0.07683483375044645,0.14186023476074355,42.0,0.0
4,pcp_mean_obs,32.0,0.1861425451605679,0.07780807626825152,0.1415506650276239,42.0,0.0
4,pcp_median_obs,32.0,0.1894830223723817,0.07347071546160686,0.14614397213508948,42.0,0.0
