# PCP field (robust PCA on 52 train runs x 1106 cells of per-run cell medians, observed-entries ADMM): lam = 4.000/sqrt(max(m,n)) = 0.1203, field = mean_all of L; rank(L) 51, S nonzero 3.7%; min 3 runs, (1,2,1)/4 smoothing
s,d,runs
5.0,-0.07749,28
15.0,-0.06228,30
25.0,-0.03844,30
35.0,-0.01814,30
45.0,0.00123,30
55.0,0.00718,30
65.0,0.00189,30
75.0,-0.00435,30
85.0,-0.00362,30
95.0,0.01837,30
105.0,0.04355,30
115.0,0.04841,30
125.0,0.03776,30
135.0,0.01938,30
145.0,0.00088,31
155.0,-0.00238,31
165.0,0.00143,31
175.0,-0.00853,31
185.0,-0.02958,31
195.0,-0.05378,31
205.0,-0.05007,31
215.0,-0.02003,30
225.0,-0.00754,31
235.0,-0.00808,31
245.0,-0.00008,31
255.0,0.00797,31
265.0,0.00667,31
275.0,0.00742,31
285.0,0.01748,31
295.0,0.02188,31
305.0,0.01394,31
315.0,0.00855,30
325.0,0.00360,31
335.0,-0.01032,31
345.0,-0.02379,31
355.0,-0.04372,31
365.0,-0.06480,31
375.0,-0.04603,31
385.0,-0.00752,31
395.0,0.00276,31
405.0,-0.00361,31
415.0,-0.01067,31
425.0,-0.01600,31
435.0,-0.01527,31
445.0,-0.01072,30
455.0,0.00035,30
465.0,0.01386,30
475.0,0.01358,30
485.0,0.00382,30
495.0,-0.00073,30
505.0,-0.00273,30
515.0,-0.00272,30
525.0,-0.00092,30
535.0,0.00147,30
545.0,0.00372,30
555.0,0.00045,30
565.0,-0.00693,30
575.0,-0.02569,30
585.0,-0.04697,30
595.0,-0.04396,30
605.0,-0.02522,30
615.0,-0.01358,30
625.0,-0.01412,29
635.0,-0.01707,29
645.0,-0.00739,29
655.0,0.00222,29
665.0,-0.00593,30
675.0,-0.01382,30
685.0,-0.01344,30
695.0,-0.01502,29
705.0,-0.01090,29
715.0,0.00113,29
725.0,0.01077,30
735.0,0.01843,30
745.0,0.01735,30
755.0,0.00873,30
765.0,0.01126,30
775.0,0.01711,30
785.0,0.02038,30
795.0,0.02412,30
805.0,0.01793,30
815.0,0.00710,30
825.0,0.00271,30
835.0,0.00581,30
845.0,0.00799,30
855.0,0.00401,30
865.0,0.00397,30
875.0,0.00544,30
885.0,0.00325,30
895.0,0.00582,30
905.0,0.01031,30
915.0,0.01502,30
925.0,0.02210,30
935.0,0.02951,30
945.0,0.02967,30
955.0,0.02305,30
965.0,0.02313,30
975.0,0.01678,30
985.0,0.00068,30
995.0,-0.00738,30
1005.0,-0.00573,30
1015.0,0.00646,30
1025.0,0.02125,30
1035.0,0.02308,30
1045.0,-0.00922,30
1055.0,-0.04917,30
1065.0,-0.03472,30
1075.0,-0.00720,30
1085.0,-0.00680,30
1095.0,-0.00345,30
1105.0,-0.00570,30
1115.0,-0.01332,30
1125.0,-0.01139,30
1135.0,-0.01618,30
1145.0,-0.02494,30
1155.0,-0.02088,30
1165.0,-0.01460,30
1175.0,-0.00812,30
1185.0,0.00865,30
1195.0,0.02728,30
1205.0,0.02908,30
1215.0,0.01347,30
1225.0,0.00057,30
1235.0,-0.00468,30
1245.0,-0.00800,30
1255.0,-0.00699,30
1265.0,0.00360,30
1275.0,0.01097,30
1285.0,0.00108,30
1295.0,-0.00938,30
1305.0,-0.01466,30
1315.0,-0.02136,30
1325.0,-0.01989,30
1335.0,-0.00666,30
1345.0,0.00802,30
1355.0,0.01451,30
1365.0,0.01179,30
1375.0,0.00442,30
1385.0,-0.00401,30
1395.0,-0.00741,30
1405.0,0.00084,30
1415.0,0.01590,30
1425.0,0.02848,30
1435.0,0.02590,30
1445.0,0.00705,30
1455.0,-0.00321,30
1465.0,0.00440,30
1475.0,0.01289,30
1485.0,0.01702,30
1495.0,0.02110,30
1505.0,0.01360,30
1515.0,-0.01935,30
1525.0,-0.04524,30
1535.0,-0.03554,30
1545.0,-0.01816,30
1555.0,-0.00561,30
1565.0,0.00276,30
1575.0,0.00495,30
1585.0,0.00781,30
1595.0,0.00876,30
1605.0,0.00714,30
1615.0,0.00899,30
1625.0,0.01152,30
1635.0,0.00727,30
1645.0,0.00311,30
1655.0,0.00362,30
1665.0,0.00377,30
1675.0,0.00415,30
1685.0,0.00138,30
1695.0,-0.00412,30
1705.0,-0.00217,30
1715.0,-0.00242,30
1725.0,-0.01006,30
1735.0,-0.01695,30
1745.0,-0.02052,30
1755.0,-0.01680,30
1765.0,-0.01176,30
1775.0,-0.00477,30
1785.0,0.00974,30
1795.0,0.02641,30
1805.0,0.03104,30
1815.0,0.01997,30
1825.0,0.00900,30
1835.0,0.00397,30
1845.0,0.00473,30
1855.0,0.02577,30
1865.0,0.04515,30
1875.0,0.03328,30
1885.0,0.02017,30
1895.0,0.01050,30
1905.0,-0.00541,30
1915.0,-0.00656,30
1925.0,0.01855,30
1935.0,0.04364,30
1945.0,0.02980,30
1955.0,-0.00142,30
1965.0,-0.01325,30
1975.0,-0.01167,30
1985.0,-0.01034,30
1995.0,-0.01214,30
2005.0,-0.01596,30
2015.0,-0.01631,30
2025.0,-0.01157,30
2035.0,-0.00998,30
2045.0,-0.01222,30
2055.0,-0.01600,30
2065.0,-0.01991,30
2075.0,-0.01761,30
2085.0,-0.01179,30
2095.0,-0.00647,30
2105.0,-0.00420,30
2115.0,0.00102,30
2125.0,0.01699,30
2135.0,0.02156,30
2145.0,0.00792,30
2155.0,0.00020,30
2165.0,-0.00034,30
2175.0,-0.00166,30
2185.0,-0.00102,30
2195.0,0.00009,30
2205.0,-0.00177,30
2215.0,-0.00250,30
2225.0,0.00060,30
2235.0,0.00597,30
2245.0,0.01338,30
2255.0,0.01247,30
2265.0,0.00138,30
2275.0,-0.00039,29
2285.0,0.01017,29
2295.0,0.01286,29
2305.0,0.00673,29
2315.0,0.00989,29
2325.0,0.01699,29
2335.0,0.01589,30
2345.0,0.01598,30
2355.0,0.01638,30
2365.0,0.01088,30
2375.0,0.01055,30
2385.0,0.01381,30
2395.0,0.01007,30
2405.0,0.00712,28
2415.0,0.00958,30
2425.0,0.00855,30
2435.0,0.00281,30
2445.0,-0.00160,30
2455.0,0.00672,30
2465.0,0.02740,30
2475.0,0.02953,30
2485.0,0.01405,30
2495.0,0.01312,30
2505.0,0.02563,30
2515.0,0.02544,30
2525.0,0.00523,30
2535.0,0.00084,30
2545.0,0.01055,30
2555.0,0.00180,30
2565.0,-0.00145,30
2575.0,0.00425,30
2585.0,-0.01063,30
2595.0,-0.02835,30
2605.0,-0.02229,30
2615.0,0.00130,30
2625.0,0.01736,30
2635.0,0.00534,30
2645.0,-0.01703,30
2655.0,-0.02454,30
2665.0,-0.02336,30
2675.0,-0.02253,30
2685.0,-0.01921,30
2695.0,-0.01023,30
2705.0,-0.00485,30
2715.0,-0.01245,30
2725.0,-0.01870,30
2735.0,-0.00846,30
2745.0,0.00757,30
2755.0,0.00603,30
2765.0,-0.00762,30
2775.0,-0.00834,30
2785.0,-0.00676,30
2795.0,-0.01168,30
2805.0,-0.01080,30
2815.0,-0.00460,30
2825.0,0.00072,30
2835.0,0.00171,30
2845.0,-0.00151,30
2855.0,0.00189,30
2865.0,0.01881,30
2875.0,0.03150,30
2885.0,0.02830,30
2895.0,0.01636,30
2905.0,0.00494,30
2915.0,-0.00119,30
2925.0,0.00065,30
2935.0,0.00779,30
2945.0,0.00781,30
2955.0,0.00668,30
2965.0,0.01978,30
2975.0,0.03403,30
2985.0,0.03430,30
2995.0,0.02046,30
3005.0,0.00138,30
3015.0,-0.00735,30
3025.0,-0.00737,30
3035.0,-0.00378,30
3045.0,0.00158,30
3055.0,-0.00119,30
3065.0,-0.00892,30
3075.0,-0.01581,30
3085.0,-0.02578,30
3095.0,-0.03086,30
3105.0,-0.02962,30
3115.0,-0.02736,30
3125.0,-0.01907,30
3135.0,-0.00847,30
3145.0,-0.00123,30
3155.0,0.00631,30
3165.0,0.01553,30
3175.0,0.01891,30
3185.0,0.01811,30
3195.0,0.01792,30
3205.0,0.01437,30
3215.0,0.00486,30
3225.0,-0.00895,30
3235.0,-0.01494,30
3245.0,-0.01198,30
3255.0,-0.00634,30
3265.0,-0.00339,30
3275.0,-0.00848,30
3285.0,-0.01696,30
3295.0,-0.03130,30
3305.0,-0.03354,30
3315.0,-0.01554,30
3325.0,-0.00629,30
3335.0,-0.00225,30
3345.0,0.00920,30
3355.0,0.01711,30
3365.0,0.02041,30
3375.0,0.02388,30
3385.0,0.02395,30
3395.0,0.02138,30
3405.0,0.02443,30
3415.0,0.02684,30
3425.0,0.01470,30
3435.0,-0.00053,30
3445.0,-0.00696,29
3455.0,-0.01013,29
3465.0,-0.02205,30
3475.0,-0.03021,30
3485.0,-0.01611,30
3495.0,-0.00858,30
3505.0,-0.00679,30
3515.0,0.01355,30
3525.0,0.03124,30
3535.0,0.03122,30
3545.0,0.03057,30
3555.0,0.02796,30
3565.0,0.01564,30
3575.0,0.00098,30
3585.0,-0.01731,30
3595.0,-0.01972,30
3605.0,-0.00704,30
3615.0,-0.01285,30
3625.0,-0.04001,30
3635.0,-0.04718,30
3645.0,-0.01947,30
3655.0,0.01165,30
3665.0,0.02328,30
3675.0,0.01256,30
3685.0,0.00130,29
3695.0,-0.03252,30
3705.0,-0.07088,30
3715.0,-0.07037,30
3725.0,-0.05049,30
3735.0,-0.02090,30
3745.0,-0.01049,30
3755.0,-0.01773,30
3765.0,-0.01884,30
3775.0,-0.02824,30
3785.0,-0.05050,30
3795.0,-0.06371,30
3805.0,-0.05706,30
3815.0,-0.04686,30
3825.0,-0.03454,30
3835.0,-0.01760,30
3845.0,-0.01316,30
3855.0,-0.01784,30
3865.0,-0.01920,30
3875.0,-0.01837,30
3885.0,-0.01280,30
3895.0,-0.00551,30
3905.0,0.00081,30
3915.0,0.00316,30
3925.0,0.01326,30
3935.0,0.03280,30
3945.0,0.03303,30
3955.0,0.00839,30
3965.0,-0.02515,30
3975.0,-0.04145,30
3985.0,-0.03352,30
3995.0,-0.02345,30
4005.0,-0.01564,30
4015.0,0.00378,30
4025.0,0.02186,30
4035.0,0.01771,30
4045.0,0.00698,30
4055.0,0.00838,30
4065.0,0.01632,30
4075.0,0.01891,30
4085.0,0.01922,30
4095.0,0.01170,29
4105.0,-0.00756,30
4115.0,-0.02163,30
4125.0,-0.02251,30
4135.0,-0.01179,30
4145.0,-0.00314,30
4155.0,-0.01409,30
4165.0,-0.03440,30
4175.0,-0.03249,30
4185.0,-0.01494,30
4195.0,-0.01314,30
4205.0,-0.01811,30
4215.0,-0.00870,30
4225.0,0.01337,30
4235.0,0.02860,30
4245.0,0.02481,30
4255.0,0.00960,30
4265.0,-0.01048,30
4275.0,-0.02561,30
4285.0,-0.02176,30
4295.0,-0.01153,30
4305.0,-0.01060,30
4315.0,-0.00846,30
4325.0,-0.00726,30
4335.0,-0.02280,30
4345.0,-0.04258,30
4355.0,-0.03688,30
4365.0,-0.02213,30
4375.0,-0.02689,30
4385.0,-0.03651,30
4395.0,-0.02131,30
4405.0,0.00682,30
4415.0,-0.00486,30
4425.0,-0.02363,30
4435.0,-0.00605,30
4445.0,0.00180,30
4455.0,-0.00287,30
4465.0,0.00173,30
4475.0,-0.00023,30
4485.0,-0.01140,30
4495.0,-0.01204,30
4505.0,0.00573,30
4515.0,0.02609,30
4525.0,0.03561,30
4535.0,0.03335,30
4545.0,0.02861,30
4555.0,0.02787,30
4565.0,0.02767,30
4575.0,0.01932,30
4585.0,0.00097,30
4595.0,-0.01296,30
4605.0,-0.01307,30
4615.0,-0.00466,30
4625.0,0.00218,30
4635.0,0.00282,30
4645.0,0.00026,30
4655.0,-0.00671,30
4665.0,-0.01742,30
4675.0,-0.01616,30
4685.0,-0.00093,30
4695.0,0.00882,30
4705.0,0.01046,30
4715.0,0.01029,30
4725.0,-0.00057,30
4735.0,-0.01956,30
4745.0,-0.02260,30
4755.0,-0.00336,30
4765.0,0.01601,30
4775.0,0.01954,30
4785.0,0.01491,30
4795.0,0.01367,30
4805.0,0.02503,30
4815.0,0.03422,30
4825.0,0.01347,30
4835.0,-0.01609,30
4845.0,-0.01215,30
4855.0,0.01016,30
4865.0,0.01181,30
4875.0,-0.00353,30
4885.0,-0.01188,30
4895.0,-0.00346,29
4905.0,0.00391,30
4915.0,0.01141,30
4925.0,0.01719,30
4935.0,0.00375,30
4945.0,0.00399,30
4955.0,0.02490,30
4965.0,0.03608,30
4975.0,0.03655,30
4985.0,0.03232,30
4995.0,0.01739,30
5005.0,-0.00814,30
5015.0,-0.02659,30
5025.0,-0.02914,30
5035.0,-0.02398,30
5045.0,-0.01491,30
5055.0,-0.00942,30
5065.0,-0.02028,30
5075.0,-0.02914,30
5085.0,-0.01905,30
5095.0,-0.01206,30
5105.0,-0.01734,30
5115.0,-0.01793,30
5125.0,-0.00634,30
5135.0,0.00747,30
5145.0,0.01512,30
5155.0,0.02327,30
5165.0,0.02984,30
5175.0,0.02570,30
5185.0,0.01151,30
5195.0,0.00205,30
5205.0,0.00684,30
5215.0,0.00580,30
5225.0,-0.01596,27
5235.0,-0.04317,27
5245.0,-0.04159,27
5255.0,-0.01706,26
5265.0,-0.00230,26
5275.0,0.00561,26
5285.0,0.01374,26
5295.0,0.02077,26
5305.0,0.02355,26
5315.0,0.01560,26
5325.0,-0.00918,26
5335.0,-0.03413,26
5345.0,-0.03846,25
5355.0,-0.04088,25
5365.0,-0.04353,25
5375.0,-0.02159,24
5385.0,0.01348,24
5395.0,0.02328,24
5405.0,0.00908,24
5415.0,0.00070,24
5425.0,-0.00118,24
5435.0,-0.00490,23
5445.0,0.00324,17
5455.0,0.01769,16
5465.0,0.02089,15
5475.0,0.01956,11
5485.0,0.01014,5
5495.0,0.00955,5
5505.0,0.02652,5
5515.0,0.03480,5
5525.0,0.03540,3
5535.0,0.02772,3
5545.0,0.00959,2
5555.0,0.00000,2
5565.0,0.00000,2
5575.0,0.00000,2
5585.0,0.00000,2
5595.0,0.00000,2
5605.0,0.00709,2
5615.0,0.02154,3
5625.0,0.02129,4
5635.0,0.01160,6
5645.0,0.01274,10
5655.0,0.01178,10
5665.0,0.00700,10
5675.0,0.00508,10
5685.0,0.00426,11
5695.0,0.00638,12
5705.0,0.00491,12
5715.0,-0.00001,12
5725.0,0.00089,20
5735.0,0.00170,20
5745.0,-0.00155,20
5755.0,-0.00569,20
5765.0,-0.01154,20
5775.0,-0.01575,20
5785.0,-0.01717,20
5795.0,-0.01523,20
5805.0,-0.02256,20
5815.0,-0.03021,20
5825.0,-0.02054,20
5835.0,-0.00689,20
5845.0,0.00600,20
5855.0,0.01323,20
5865.0,0.01000,20
5875.0,0.00019,20
5885.0,-0.01272,20
5895.0,-0.01835,20
5905.0,-0.01369,20
5915.0,-0.01128,20
5925.0,-0.01932,20
5935.0,-0.02596,20
5945.0,-0.02190,20
5955.0,-0.02262,20
5965.0,-0.02106,20
5975.0,-0.00265,20
5985.0,0.00692,20
5995.0,-0.00164,20
6005.0,-0.00350,20
6015.0,0.00939,20
6025.0,0.02174,20
6035.0,0.02464,20
6045.0,0.02065,20
6055.0,0.01614,20
6065.0,0.01536,20
6075.0,0.01090,20
6085.0,-0.00314,20
6095.0,-0.01944,20
6105.0,-0.02793,20
6115.0,-0.02364,20
6125.0,-0.01909,20
6135.0,-0.02507,20
6145.0,-0.02205,20
6155.0,-0.00668,20
6165.0,0.00221,20
6175.0,0.00206,20
6185.0,0.00201,20
6195.0,0.00862,20
6205.0,0.01425,20
6215.0,0.01336,20
6225.0,0.01005,20
6235.0,0.00640,20
6245.0,0.00318,20
6255.0,0.00152,20
6265.0,-0.00222,20
6275.0,-0.00070,20
6285.0,0.00373,20
6295.0,-0.00644,20
6305.0,-0.01674,20
6315.0,-0.01651,20
6325.0,-0.01284,20
6335.0,-0.00547,20
6345.0,-0.00397,20
6355.0,-0.00694,20
6365.0,-0.00496,20
6375.0,-0.00419,20
6385.0,-0.00217,20
6395.0,0.03287,20
6405.0,0.06233,20
6415.0,0.02967,20
6425.0,0.00405,20
6435.0,0.01136,20
6445.0,0.01275,20
6455.0,0.01110,20
6465.0,0.00860,20
6475.0,0.00886,20
6485.0,0.01502,20
6495.0,0.00966,20
6505.0,-0.01203,20
6515.0,-0.02705,20
6525.0,-0.02899,20
6535.0,-0.02709,20
6545.0,-0.02181,20
6555.0,-0.01645,20
6565.0,-0.01671,20
6575.0,-0.01533,20
6585.0,-0.00887,20
6595.0,-0.00403,20
6605.0,-0.00064,20
6615.0,0.00179,20
6625.0,0.00058,20
6635.0,0.00438,20
6645.0,0.01467,20
6655.0,0.01495,20
6665.0,0.01047,20
6675.0,0.01200,20
6685.0,0.01222,20
6695.0,0.01065,20
6705.0,0.01236,20
6715.0,0.00989,20
6725.0,0.00405,20
6735.0,0.00599,20
6745.0,0.00732,20
6755.0,0.00172,20
6765.0,-0.00613,20
6775.0,-0.01224,19
6785.0,-0.01357,19
6795.0,-0.01133,19
6805.0,-0.00629,19
6815.0,0.00548,20
6825.0,0.01522,20
6835.0,0.01161,19
6845.0,0.00227,19
6855.0,0.00014,20
6865.0,0.00044,20
6875.0,-0.01403,19
6885.0,-0.02538,19
6895.0,-0.01848,20
6905.0,-0.01271,20
6915.0,-0.01169,20
6925.0,-0.00627,20
6935.0,-0.00035,19
6945.0,0.00003,20
6955.0,0.00066,20
6965.0,0.00734,19
6975.0,0.01233,20
6985.0,0.01237,20
6995.0,0.01440,20
7005.0,0.01385,20
7015.0,0.00895,20
7025.0,0.01196,20
7035.0,0.01653,20
7045.0,0.01154,20
7055.0,0.01237,20
7065.0,0.01918,20
7075.0,0.01923,20
7085.0,0.00950,20
7095.0,-0.00951,21
7105.0,-0.02342,21
7115.0,-0.02258,21
7125.0,-0.01528,21
7135.0,-0.00900,21
7145.0,-0.00283,21
7155.0,-0.00004,21
7165.0,0.01349,21
7175.0,0.03713,21
7185.0,0.03269,21
7195.0,0.01124,21
7205.0,0.00554,21
7215.0,0.00957,21
7225.0,0.01697,21
7235.0,0.02564,21
7245.0,0.02396,21
7255.0,0.01408,21
7265.0,0.00553,21
7275.0,0.00010,21
7285.0,0.00054,21
7295.0,0.00394,21
7305.0,0.00701,21
7315.0,0.00942,21
7325.0,0.00735,21
7335.0,0.00277,21
7345.0,0.00234,21
7355.0,0.00486,21
7365.0,0.00649,21
7375.0,0.00675,21
7385.0,0.00758,21
7395.0,0.00861,21
7405.0,0.00725,21
7415.0,0.01639,21
7425.0,0.02721,21
7435.0,0.01566,21
7445.0,0.01207,21
7455.0,0.02792,21
7465.0,0.02122,21
7475.0,-0.00789,21
7485.0,-0.01936,21
7495.0,-0.01079,21
7505.0,-0.00682,21
7515.0,-0.00935,21
7525.0,-0.00913,21
7535.0,0.00123,21
7545.0,0.00595,21
7555.0,-0.01084,21
7565.0,-0.02071,21
7575.0,-0.00867,21
7585.0,0.00368,21
7595.0,0.00911,21
7605.0,0.01489,21
7615.0,0.01831,21
7625.0,0.01750,21
7635.0,0.01593,21
7645.0,0.00652,21
7655.0,-0.01545,21
7665.0,-0.03150,20
7675.0,-0.02998,21
7685.0,-0.01871,21
7695.0,-0.00910,21
7705.0,-0.00655,21
7715.0,-0.00285,21
7725.0,0.00141,21
7735.0,0.00399,21
7745.0,0.00648,21
7755.0,0.00823,21
7765.0,0.00977,21
7775.0,0.00866,21
7785.0,0.00829,21
7795.0,0.00958,21
7805.0,0.00983,21
7815.0,0.00795,21
7825.0,-0.00456,21
7835.0,-0.02436,21
7845.0,-0.03042,21
7855.0,-0.02258,21
7865.0,-0.01708,21
7875.0,-0.01579,21
7885.0,-0.01331,21
7895.0,-0.00923,21
7905.0,-0.00672,21
7915.0,-0.00458,21
7925.0,0.00229,21
7935.0,0.00835,21
7945.0,0.00653,21
7955.0,0.00270,21
7965.0,0.00645,21
7975.0,0.01618,21
7985.0,0.02165,21
7995.0,0.02031,21
8005.0,0.01596,21
8015.0,0.01303,21
8025.0,0.01104,21
8035.0,0.00767,21
8045.0,0.00617,21
8055.0,0.00956,21
8065.0,0.01484,21
8075.0,0.00952,21
8085.0,-0.01256,21
8095.0,-0.03279,21
8105.0,-0.03793,21
8115.0,-0.03255,21
8125.0,-0.02122,21
8135.0,-0.01278,21
8145.0,-0.01021,21
8155.0,-0.00257,21
8165.0,0.00998,21
8175.0,0.00879,21
8185.0,-0.00217,21
8195.0,0.00003,21
8205.0,0.00483,21
8215.0,-0.00275,21
8225.0,-0.00171,21
8235.0,0.00866,21
8245.0,0.00439,21
8255.0,-0.00733,21
8265.0,-0.00469,21
8275.0,0.00707,21
8285.0,0.00664,21
8295.0,-0.00675,21
8305.0,-0.01146,21
8315.0,0.00028,21
8325.0,0.00940,21
8335.0,0.01912,21
8345.0,0.02997,21
8355.0,0.02428,21
8365.0,0.01802,21
8375.0,0.01937,21
8385.0,0.00878,21
8395.0,-0.01068,21
8405.0,-0.01880,21
8415.0,-0.01431,21
8425.0,-0.00768,21
8435.0,-0.00905,21
8445.0,-0.01554,21
8455.0,-0.01591,21
8465.0,-0.00723,21
8475.0,0.00535,21
8485.0,0.01010,21
8495.0,0.00683,21
8505.0,0.00189,21
8515.0,0.00343,21
8525.0,0.01694,21
8535.0,0.02696,21
8545.0,0.02069,21
8555.0,0.00398,21
8565.0,-0.01007,21
8575.0,-0.01252,21
8585.0,-0.00519,21
8595.0,0.00727,21
8605.0,0.01252,21
8615.0,-0.00139,21
8625.0,-0.01189,21
8635.0,-0.00199,21
8645.0,0.00896,21
8655.0,0.01399,21
8665.0,0.01575,21
8675.0,0.01042,21
8685.0,0.00424,21
8695.0,-0.00019,21
8705.0,-0.00468,21
8715.0,-0.00342,20
8725.0,-0.00151,21
8735.0,-0.01041,21
8745.0,-0.01800,21
8755.0,-0.01095,21
8765.0,-0.00379,21
8775.0,-0.00605,21
8785.0,-0.00964,21
8795.0,-0.01089,21
8805.0,-0.01262,21
8815.0,-0.01291,21
8825.0,-0.01085,21
8835.0,-0.00865,21
8845.0,-0.00132,21
8855.0,0.00683,21
8865.0,0.00447,21
8875.0,-0.00053,21
8885.0,-0.00155,21
8895.0,-0.00169,21
8905.0,-0.00003,21
8915.0,0.00058,21
8925.0,-0.00348,21
8935.0,-0.00593,21
8945.0,0.00154,21
8955.0,0.01038,21
8965.0,0.01308,21
8975.0,0.01508,21
8985.0,0.01294,21
8995.0,0.00057,21
9005.0,-0.00750,21
9015.0,0.00020,21
9025.0,0.00363,21
9035.0,-0.00138,21
9045.0,-0.00117,21
9055.0,-0.00607,21
9065.0,-0.01168,21
9075.0,-0.01052,21
9085.0,-0.01329,21
9095.0,-0.01287,21
9105.0,-0.00699,21
9115.0,-0.00310,21
9125.0,-0.00329,21
9135.0,-0.01055,21
9145.0,-0.01710,21
9155.0,-0.01232,21
9165.0,-0.00535,21
9175.0,-0.00805,21
9185.0,-0.01122,21
9195.0,-0.01022,21
9205.0,-0.01127,21
9215.0,-0.01508,21
9225.0,-0.02001,21
9235.0,-0.01959,21
9245.0,-0.01117,21
9255.0,-0.00907,21
9265.0,-0.01954,21
9275.0,-0.02387,21
9285.0,-0.01849,21
9295.0,-0.01731,21
9305.0,-0.01758,21
9315.0,-0.01544,21
9325.0,-0.01242,21
9335.0,-0.01149,21
9345.0,-0.01161,21
9355.0,-0.00376,21
9365.0,0.00568,21
9375.0,0.00467,21
9385.0,-0.00296,21
9395.0,-0.00208,21
9405.0,0.00610,21
9415.0,0.00675,21
9425.0,0.00273,21
9435.0,-0.00082,21
9445.0,-0.00386,21
9455.0,-0.00522,21
9465.0,-0.00594,21
9475.0,-0.00642,21
9485.0,-0.00767,21
9495.0,-0.00957,21
9505.0,-0.01138,21
9515.0,-0.00924,21
9525.0,-0.00312,21
9535.0,-0.00409,21
9545.0,-0.00835,21
9555.0,-0.00289,21
9565.0,0.00229,21
9575.0,-0.00261,21
9585.0,-0.00343,21
9595.0,0.00588,21
9605.0,0.00711,21
9615.0,-0.00364,21
9625.0,-0.00757,21
9635.0,-0.00249,21
9645.0,-0.00207,21
9655.0,-0.00790,21
9665.0,-0.01148,21
9675.0,-0.01127,21
9685.0,-0.01557,21
9695.0,-0.02375,21
9705.0,-0.01975,21
9715.0,-0.00102,21
9725.0,0.01022,21
9735.0,0.00409,21
9745.0,-0.00403,21
9755.0,-0.00336,21
9765.0,-0.00274,21
9775.0,-0.00631,21
9785.0,-0.00251,21
9795.0,0.00640,21
9805.0,0.00466,21
9815.0,-0.00642,21
9825.0,-0.01073,21
9835.0,-0.00672,21
9845.0,-0.00661,21
9855.0,-0.01141,21
9865.0,-0.00930,21
9875.0,-0.00096,21
9885.0,-0.00066,21
9895.0,-0.00920,21
9905.0,-0.01183,21
9915.0,-0.00374,21
9925.0,0.00407,21
9935.0,0.00434,21
9945.0,0.00164,21
9955.0,0.00330,21
9965.0,0.00434,21
9975.0,-0.00021,21
9985.0,-0.00005,21
9995.0,0.00522,21
10005.0,0.00753,21
10015.0,0.01368,21
10025.0,0.02203,21
10035.0,0.02269,21
10045.0,0.02325,21
10055.0,0.03160,21
10065.0,0.03037,21
10075.0,0.01113,21
10085.0,-0.00581,21
10095.0,-0.00447,21
10105.0,0.00344,21
10115.0,-0.00011,21
10125.0,-0.00263,21
10135.0,0.01177,21
10145.0,0.01823,21
10155.0,-0.00438,21
10165.0,-0.01928,21
10175.0,-0.00233,21
10185.0,0.01732,21
10195.0,0.01352,21
10205.0,-0.00233,21
10215.0,-0.00103,21
10225.0,0.01082,21
10235.0,0.01045,21
10245.0,0.00795,21
10255.0,-0.00231,20
10265.0,-0.02295,20
10275.0,-0.02591,20
10285.0,-0.01561,21
10295.0,-0.01452,21
10305.0,-0.01976,21
10315.0,-0.01417,21
10325.0,0.00671,21
10335.0,0.02059,21
10345.0,0.01059,21
10355.0,-0.00192,21
10365.0,-0.00273,21
10375.0,0.00254,21
10385.0,0.00871,21
10395.0,0.00556,21
10405.0,-0.00565,21
10415.0,-0.00801,21
10425.0,-0.00079,21
10435.0,-0.00213,21
10445.0,-0.01135,21
10455.0,-0.01051,21
10465.0,0.00239,21
10475.0,0.00861,21
10485.0,0.00643,21
10495.0,-0.00169,21
10505.0,-0.01903,21
10515.0,-0.02649,21
10525.0,-0.02293,21
10535.0,-0.02329,21
10545.0,-0.02875,21
10555.0,-0.03130,21
10565.0,-0.02105,21
10575.0,-0.01058,21
10585.0,-0.00867,21
10595.0,-0.00417,21
10605.0,-0.00041,21
10615.0,-0.00157,21
10625.0,0.00051,21
10635.0,0.00437,21
10645.0,0.00062,21
10655.0,-0.00998,21
10665.0,-0.01351,21
10675.0,-0.00394,21
10685.0,0.00796,21
10695.0,0.01532,21
10705.0,0.02024,21
10715.0,0.01825,21
10725.0,0.01356,21
10735.0,0.01745,21
10745.0,0.02332,21
10755.0,0.02363,21
10765.0,0.02268,21
10775.0,0.02431,21
10785.0,0.01752,21
10795.0,0.00311,21
10805.0,-0.00658,21
10815.0,-0.00592,21
10825.0,-0.00091,21
10835.0,-0.00064,21
10845.0,0.00469,21
10855.0,0.01338,21
10865.0,0.01952,21
10875.0,0.01549,21
10885.0,0.00249,21
10895.0,-0.00193,21
10905.0,-0.00224,21
10915.0,-0.00662,21
10925.0,-0.01737,21
10935.0,-0.03639,21
10945.0,-0.04334,21
10955.0,-0.03933,21
10965.0,-0.05013,20
10975.0,-0.05350,20
10985.0,-0.03536,20
10995.0,-0.01815,20
11005.0,-0.00247,20
11015.0,0.00857,20
11025.0,-0.00412,20
11035.0,-0.03208,19
11045.0,-0.05405,21
11055.0,-0.07045,21
