variant,vs,metric,mean_diff,sd_diff,se_diff,better,worse,n,wilcoxon_p,bag_sd_of_metric
median_repo,none,win_v_rmse,-0.0306298671944071,0.02683338924858405,0.006508052833248549,15,2,17,0.0003814697265625,0.26891631648351044
median_repo,none,win_ds_abs,-0.24593202118510984,0.2530644869622573,0.06137715351989001,14,3,17,0.001678466796875,0.9192182888739527
median_repo,none,v_rmse,-0.0001421375766274877,0.00024142005844722195,5.855296477180501e-05,16,1,17,3.0517578125e-05,0.04796502257491196
median_repo,none,along_rmse,-0.00032908254052858935,0.003526230424285803,0.0008552364999762908,10,7,17,0.7466583251953125,3.564627413341306
median_final2,none,win_v_rmse,-0.030052605837762526,0.025046352901228173,0.006074632855779947,15,2,17,0.0002899169921875,0.26891631648351044
median_final2,none,win_ds_abs,-0.24356476276894548,0.23316261070829006,0.05655023952323831,15,2,17,0.0006561279296875,0.9192182888739527
median_final2,none,v_rmse,-0.00014346624005097112,0.00026058022012028626,6.319998655897885e-05,16,1,17,4.57763671875e-05,0.04796502257491196
median_final2,none,along_rmse,-0.0003815272812343291,0.0037699289303603427,0.0009143420694675,10,7,17,0.677703857421875,3.564627413341306
pcp_lam1,none,win_v_rmse,-0.01178506474875369,0.007939647848080008,0.001925647453402461,17,0,17,1.52587890625e-05,0.26891631648351044
pcp_lam1,none,win_ds_abs,-0.08360586986804625,0.05539424224671083,0.013435077166720053,16,1,17,7.62939453125e-05,0.9192182888739527
pcp_lam1,none,v_rmse,-4.269603850133483e-05,5.7045301722811165e-05,1.3835517908728208e-05,17,0,17,1.52587890625e-05,0.04796502257491196
pcp_lam1,none,along_rmse,-7.022824003412228e-05,0.0009708012818830537,0.00023545389568757968,11,6,17,0.328948974609375,3.564627413341306
pcp_lamp,none,win_v_rmse,-0.015330453797838628,0.009564936674494923,0.0023198378947815704,17,0,17,1.52587890625e-05,0.26891631648351044
pcp_lamp,none,win_ds_abs,-0.1134529832567629,0.07126803407034796,0.017285037188362516,16,1,17,0.0001068115234375,0.9192182888739527
pcp_lamp,none,v_rmse,-5.628321100439993e-05,7.893837972479625e-05,1.9145369265908853e-05,17,0,17,1.52587890625e-05,0.04796502257491196
pcp_lamp,none,along_rmse,-8.50818536083212e-05,0.001277404439416831,0.00030981608413814765,10,7,17,0.4306793212890625,3.564627413341306
pcp_cvbest,none,win_v_rmse,-0.017464285830074436,0.016029888540385742,0.0038878190364052072,16,1,17,0.000152587890625,0.26891631648351044
pcp_cvbest,none,win_ds_abs,-0.1142510040127715,0.11333271019042185,0.027487219703095547,15,2,17,0.001068115234375,0.9192182888739527
pcp_cvbest,none,v_rmse,-6.397300087094736e-05,8.381480381753404e-05,2.0328075831183244e-05,17,0,17,1.52587890625e-05,0.04796502257491196
pcp_cvbest,none,along_rmse,-0.00013451057914461406,0.0015854218151125986,0.0003845212708745716,10,7,17,0.54766845703125,3.564627413341306
pcp_lam1_obs,none,win_v_rmse,-0.02218311690726341,0.016255063172866447,0.0039424319066362415,15,2,17,7.62939453125e-05,0.26891631648351044
pcp_lam1_obs,none,win_ds_abs,-0.17228654342118055,0.12901008492527063,0.031289541583340914,15,2,17,0.000152587890625,0.9192182888739527
pcp_lam1_obs,none,v_rmse,-8.415030251461115e-05,0.00012413853056736167,3.010801610224699e-05,16,1,17,3.0517578125e-05,0.04796502257491196
pcp_lam1_obs,none,along_rmse,-0.00023613289235256766,0.001979661332003966,0.0004801383985178414,11,6,17,0.328948974609375,3.564627413341306
none,median_repo,win_v_rmse,0.0306298671944071,0.02683338924858405,0.006508052833248549,2,15,17,0.0003814697265625,0.2751110490788344
none,median_repo,win_ds_abs,0.24593202118510984,0.2530644869622573,0.06137715351989001,3,14,17,0.001678466796875,0.9245561583651437
none,median_repo,v_rmse,0.0001421375766274877,0.00024142005844722195,5.855296477180501e-05,1,16,17,3.0517578125e-05,0.04793623550887937
none,median_repo,along_rmse,0.00032908254052858935,0.003526230424285803,0.0008552364999762908,7,10,17,0.7466583251953125,3.565045481984751
median_final2,median_repo,win_v_rmse,0.0005772613566445722,0.004237538914526098,0.001027754149250371,7,10,17,0.6112213134765625,0.2751110490788344
median_final2,median_repo,win_ds_abs,0.0023672584161643965,0.042686932102725235,0.010353101758417972,8,9,17,1.0,0.9245561583651437
median_final2,median_repo,v_rmse,-1.3286634234834193e-06,1.9924818004390726e-05,4.832478188430085e-06,5,12,17,0.120208740234375,0.04793623550887937
median_final2,median_repo,along_rmse,-5.244474070573974e-05,0.0002741580393481974,6.649309143205061e-05,9,8,17,0.4873809814453125,3.565045481984751
pcp_lam1,median_repo,win_v_rmse,0.018844802445653414,0.020298689961351684,0.004923155457195168,3,14,17,0.0020904541015625,0.2751110490788344
pcp_lam1,median_repo,win_ds_abs,0.1623261513170636,0.21353706715493026,0.05179034605084642,3,14,17,0.010986328125,0.9245561583651437
pcp_lam1,median_repo,v_rmse,9.944153812615286e-05,0.00018781313211302739,4.5551375387064476e-05,1,16,17,3.0517578125e-05,0.04793623550887937
pcp_lam1,median_repo,along_rmse,0.0002588543004944671,0.002587255689579627,0.0006275016758010035,8,9,17,0.963226318359375,3.565045481984751
pcp_lamp,median_repo,win_v_rmse,0.015299413396568474,0.018547193030569974,0.004498355054338808,3,14,17,0.0031585693359375,0.2751110490788344
pcp_lamp,median_repo,win_ds_abs,0.13247903792834695,0.1981923394066509,0.048068702915405125,3,14,17,0.0347900390625,0.9245561583651437
pcp_lamp,median_repo,v_rmse,8.585436562308776e-05,0.0001656899241584189,4.0185709317984735e-05,1,16,17,3.0517578125e-05,0.04793623550887937
pcp_lamp,median_repo,along_rmse,0.00024400068692026814,0.0022865851934005667,0.0005545783690802307,7,10,17,0.926513671875,3.565045481984751
pcp_cvbest,median_repo,win_v_rmse,0.013165581364332667,0.019930803850517237,0.0048339299693617496,4,13,17,0.023223876953125,0.2751110490788344
pcp_cvbest,median_repo,win_ds_abs,0.13168101717233835,0.2108493139184754,0.05113847013969941,5,12,17,0.0347900390625,0.9245561583651437
pcp_cvbest,median_repo,v_rmse,7.816457575654034e-05,0.00016027536056956857,3.887248475366395e-05,2,15,17,0.0008392333984375,0.04793623550887937
pcp_cvbest,median_repo,along_rmse,0.0001945719613839753,0.002022572572681576,0.00049054590309667,9,8,17,0.926513671875,3.565045481984751
pcp_lam1_obs,median_repo,win_v_rmse,0.008446750287143694,0.01280874112966931,0.003106576035812932,4,13,17,0.02667236328125,0.2751110490788344
pcp_lam1_obs,median_repo,win_ds_abs,0.0736454777639293,0.15296172109719733,0.03709866663294199,5,12,17,0.0714111328125,0.9245561583651437
pcp_lam1_obs,median_repo,v_rmse,5.798727411287655e-05,0.000120209260740068,2.9155028188747917e-05,2,15,17,7.62939453125e-05,0.04793623550887937
pcp_lam1_obs,median_repo,along_rmse,9.294964817602169e-05,0.001581272551879106,0.00038351492672279627,10,7,17,0.5790557861328125,3.565045481984751
none,median_final2,win_v_rmse,0.030052605837762526,0.025046352901228173,0.006074632855779947,2,15,17,0.0002899169921875,0.2746879623995441
none,median_final2,win_ds_abs,0.24356476276894548,0.23316261070829006,0.05655023952323831,2,15,17,0.0006561279296875,0.9187469204335377
none,median_final2,v_rmse,0.00014346624005097112,0.00026058022012028626,6.319998655897885e-05,1,16,17,4.57763671875e-05,0.047931457364724206
none,median_final2,along_rmse,0.0003815272812343291,0.0037699289303603427,0.0009143420694675,7,10,17,0.677703857421875,3.5650538615016543
median_repo,median_final2,win_v_rmse,-0.0005772613566445722,0.004237538914526098,0.001027754149250371,10,7,17,0.6112213134765625,0.2746879623995441
median_repo,median_final2,win_ds_abs,-0.0023672584161643965,0.042686932102725235,0.010353101758417972,9,8,17,1.0,0.9187469204335377
median_repo,median_final2,v_rmse,1.3286634234834193e-06,1.9924818004390726e-05,4.832478188430085e-06,12,5,17,0.120208740234375,0.047931457364724206
median_repo,median_final2,along_rmse,5.244474070573974e-05,0.0002741580393481974,6.649309143205061e-05,8,9,17,0.4873809814453125,3.5650538615016543
pcp_lam1,median_final2,win_v_rmse,0.01826754108900884,0.01849655296431042,0.004486073034216665,2,15,17,0.0013427734375,0.2746879623995441
pcp_lam1,median_final2,win_ds_abs,0.1599588929008992,0.1934613888303084,0.046921278860355894,3,14,17,0.004638671875,0.9187469204335377
pcp_lam1,median_final2,v_rmse,0.00010077020154963627,0.0002066182673081206,5.011229060549915e-05,1,16,17,7.62939453125e-05,0.047931457364724206
pcp_lam1,median_final2,along_rmse,0.00031129904120020684,0.002830920956945816,0.0006865991837213073,7,10,17,0.8536376953125,3.5650538615016543
pcp_lamp,median_final2,win_v_rmse,0.014722152039923901,0.016782036706600202,0.004070241762017963,4,13,17,0.0025787353515625,0.2746879623995441
pcp_lamp,median_final2,win_ds_abs,0.13011177951218256,0.1765039663291476,0.042808499795031686,3,14,17,0.010986328125,0.9187469204335377
pcp_lamp,median_final2,v_rmse,8.718302904657119e-05,0.00018440270631558963,4.4724225634642874e-05,1,16,17,7.62939453125e-05,0.047931457364724206
pcp_lamp,median_final2,along_rmse,0.0002964454276260079,0.0025304948043007912,0.0006137351390122855,7,10,17,0.8536376953125,3.5650538615016543
pcp_cvbest,median_final2,win_v_rmse,0.012588320007688095,0.019057455331394902,0.004622111840401858,6,11,17,0.023223876953125,0.2746879623995441
pcp_cvbest,median_final2,win_ds_abs,0.12931375875617393,0.19417365951862933,0.04709402987694287,4,13,17,0.017425537109375,0.9187469204335377
pcp_cvbest,median_final2,v_rmse,7.949323918002375e-05,0.0001793469864023139,4.3498033445467915e-05,2,15,17,0.001678466796875,0.047931457364724206
pcp_cvbest,median_final2,along_rmse,0.000247016702089715,0.002259276483740272,0.0005479550341138354,9,8,17,0.7466583251953125,3.5650538615016543
pcp_lam1_obs,median_final2,win_v_rmse,0.007869488930499121,0.011270822623444275,0.0027335760096506992,4,13,17,0.0128631591796875,0.2746879623995441
pcp_lam1_obs,median_final2,win_ds_abs,0.0712782193477649,0.13091101197744598,0.03175058411408873,6,11,17,0.079681396484375,0.9187469204335377
pcp_lam1_obs,median_final2,v_rmse,5.9315937536359965e-05,0.0001387524199839796,3.3652404906118273e-05,2,15,17,0.0005035400390625,0.047931457364724206
pcp_lam1_obs,median_final2,along_rmse,0.00014539438888176143,0.0018207971264957066,0.0004416081691389952,10,7,17,0.7118988037109375,3.5650538615016543
